%CPU %MEM ARGS Mon Oct  5 01:20:13 UTC 2026
 0.0  0.0 grep --color=auto ./cli       0  2200
 0.0  0.0 ./cli kernel images/4096x40   1  1328
  PID User     Command                         Swap      USS      PSS      RSS 
32331 codespace ./cli kernel images/4096x40        0      468      516     1740 
32325 codespace ./cli kernel images/4096x40        0      556      605     1776 
32327 codespace ./cli kernel images/4096x40        0      624      671     1880 
32323 codespace ./cli kernel images/4096x40        0      628      674     1844 
32329 codespace ./cli kernel images/4096x40        0      884      931     2148 
32317 codespace /usr/bin/python3 /usr/bin/s        0    11904    12153    14388 
%CPU %MEM ARGS Mon Oct  5 01:20:14 UTC 2026
 0.0  0.0 grep --color=auto ./cli       1  2140
18.5  0.0 ./cli kernel images/4096x40   1  2188
20.3  0.0 ./cli kernel images/4096x40   0  2232
21.0  0.0 ./cli kernel images/4096x40   1  2240
23.2  0.0 ./cli kernel images/4096x40   0  2292
33.9  0.0 ./cli kernel images/4096x40   0  2812
  PID User     Command                         Swap      USS      PSS      RSS 
32331 codespace ./cli kernel images/4096x40        0     1392     1445     2664 
32323 codespace ./cli kernel images/4096x40        0     1428     1479     2644 
32325 codespace ./cli kernel images/4096x40        0     1444     1497     2664 
32327 codespace ./cli kernel images/4096x40        0     1596     1648     2852 
32329 codespace ./cli kernel images/4096x40        0     2116     2168     3380 
32340 codespace /usr/bin/python3 /usr/bin/s        0    12072    12325    14588 
%CPU %MEM ARGS Mon Oct  5 01:20:14 UTC 2026
 0.0  0.0 grep --color=auto ./cli       1  2176
24.5  0.0 ./cli kernel images/4096x40   0  3292
26.1  0.0 ./cli kernel images/4096x40   1  3484
26.3  0.0 ./cli kernel images/4096x40   1  3476
26.6  0.0 ./cli kernel images/4096x40   0  3492
33.3  0.0 ./cli kernel images/4096x40   0  4028
  PID User     Command                         Swap      USS      PSS      RSS 
32331 codespace ./cli kernel images/4096x40        0     2512     2559     3784 
32327 codespace ./cli kernel images/4096x40        0     2716     2762     3972 
32325 codespace ./cli kernel images/4096x40        0     2716     2763     3936 
32323 codespace ./cli kernel images/4096x40        0     2728     2773     3944 
32329 codespace ./cli kernel images/4096x40        0     3240     3286     4504 
32357 codespace /usr/bin/python3 /usr/bin/s        0    12056    12270    14472 
%CPU %MEM ARGS Mon Oct  5 01:20:15 UTC 2026
 0.0  0.0 grep --color=auto ./cli       0  2340
26.5  0.0 ./cli kernel images/4096x40   0  4452
27.9  0.0 ./cli kernel images/4096x40   0  4672
29.4  0.0 ./cli kernel images/4096x40   1  4832
29.6  0.0 ./cli kernel images/4096x40   1  4816
33.1  0.0 ./cli kernel images/4096x40   0  5188
  PID User     Command                         Swap      USS      PSS      RSS 
32331 codespace ./cli kernel images/4096x40        0     3652     3699     4924 
32327 codespace ./cli kernel images/4096x40        0     3880     3926     5136 
32325 codespace ./cli kernel images/4096x40        0     4220     4267     5440 
32323 codespace ./cli kernel images/4096x40        0     4232     4277     5448 
32329 codespace ./cli kernel images/4096x40        0     4392     4438     5656 
32366 codespace /usr/bin/python3 /usr/bin/s        0    12056    12277    14540 
%CPU %MEM ARGS Mon Oct  5 01:20:15 UTC 2026
 0.0  0.0 grep --color=auto ./cli       0  2340
27.6  0.0 ./cli kernel images/4096x40   0  5576
29.1  0.0 ./cli kernel images/4096x40   0  5808
32.0  0.0 ./cli kernel images/4096x40   0  6316
32.0  0.0 ./cli kernel images/4096x40   1  6324
32.2  0.0 ./cli kernel images/4096x40   1  6316
  PID User     Command                         Swap      USS      PSS      RSS 
32331 codespace ./cli kernel images/4096x40        0     4780     4833     6052 
32327 codespace ./cli kernel images/4096x40        0     4996     5047     6252 
32329 codespace ./cli kernel images/4096x40        0     5524     5576     6788 
32323 codespace ./cli kernel images/4096x40        0     5788     5839     7004 
32325 codespace ./cli kernel images/4096x40        0     5792     5845     7012 
32373 codespace /usr/bin/python3 /usr/bin/s        0    12060    12300    14476 
%CPU %MEM ARGS Mon Oct  5 01:20:16 UTC 2026
 0.0  0.0 grep --color=auto ./cli       1  2176
27.9  0.0 ./cli kernel images/4096x40   1  6800
28.7  0.0 ./cli kernel images/4096x40   0  6980
31.4  0.0 ./cli kernel images/4096x40   0  7496
32.9  0.0 ./cli kernel images/4096x40   0  7760
33.4  0.0 ./cli kernel images/4096x40   1  7924
  PID User     Command                         Swap      USS      PSS      RSS 
32331 codespace ./cli kernel images/4096x40        0     6184     6237     7456 
32327 codespace ./cli kernel images/4096x40        0     6192     6244     7448 
32329 codespace ./cli kernel images/4096x40        0     6700     6752     7964 
32323 codespace ./cli kernel images/4096x40        0     6976     7027     8192 
32325 codespace ./cli kernel images/4096x40        0     7324     7377     8544 
32394 codespace /usr/bin/python3 /usr/bin/s        0    12048    12293    14528 
%CPU %MEM ARGS Mon Oct  5 01:20:17 UTC 2026
 0.0  0.0 grep --color=auto ./cli       1  2160
28.5  0.0 ./cli kernel images/4096x40   0  8020
28.7  0.0 ./cli kernel images/4096x40   0  8068
31.6  0.1 ./cli kernel images/4096x40   0  8776
32.3  0.1 ./cli kernel images/4096x40   1  8976
33.6  0.1 ./cli kernel images/4096x40   1  9232
  PID User     Command                         Swap      USS      PSS      RSS 
32327 codespace ./cli kernel images/4096x40        0     7204     7256     8460 
32331 codespace ./cli kernel images/4096x40        0     7252     7305     8524 
32329 codespace ./cli kernel images/4096x40        0     7964     8016     9228 
32323 codespace ./cli kernel images/4096x40        0     8196     8247     9412 
32325 codespace ./cli kernel images/4096x40        0     8436     8489     9656 
32405 codespace /usr/bin/python3 /usr/bin/s        0    12056    12303    14540 
%CPU %MEM ARGS Mon Oct  5 01:20:17 UTC 2026
 0.0  0.0 grep --color=auto ./cli       1  2180
28.6  0.1 ./cli kernel images/4096x40   0  9060
29.1  0.1 ./cli kernel images/4096x40   0  9108
31.7  0.1 ./cli kernel images/4096x40   0  9832
33.3  0.1 ./cli kernel images/4096x40   1 10336
33.9  0.1 ./cli kernel images/4096x40   1 10432
  PID User     Command                         Swap      USS      PSS      RSS 
32327 codespace ./cli kernel images/4096x40        0     8288     8340     9544 
32331 codespace ./cli kernel images/4096x40        0     8320     8373     9592 
32329 codespace ./cli kernel images/4096x40        0     9044     9096    10308 
32323 codespace ./cli kernel images/4096x40        0     9556     9607    10772 
32325 codespace ./cli kernel images/4096x40        0     9668     9720    10888 
32411 codespace /usr/bin/python3 /usr/bin/s        0    12052    12288    14504 
%CPU %MEM ARGS Mon Oct  5 01:20:18 UTC 2026
 0.0  0.0 grep --color=auto ./cli       1  2208
29.4  0.1 ./cli kernel images/4096x40   0 10324
29.6  0.1 ./cli kernel images/4096x40   0 10376
32.1  0.1 ./cli kernel images/4096x40   1 11116
32.8  0.1 ./cli kernel images/4096x40   0 11464
33.8  0.1 ./cli kernel images/4096x40   1 11688
  PID User     Command                         Swap      USS      PSS      RSS 
32327 codespace ./cli kernel images/4096x40        0     9536     9588    10792 
32331 codespace ./cli kernel images/4096x40        0     9576     9629    10848 
32329 codespace ./cli kernel images/4096x40        0    10288    10340    11552 
32323 codespace ./cli kernel images/4096x40        0    10696    10747    11912 
32325 codespace ./cli kernel images/4096x40        0    10920    10972    12140 
32416 codespace /usr/bin/python3 /usr/bin/s        0    12072    12330    14572 
%CPU %MEM ARGS Mon Oct  5 01:20:18 UTC 2026
 0.0  0.0 grep --color=auto ./cli       0  2288
29.1  0.1 ./cli kernel images/4096x40   1 11308
29.5  0.1 ./cli kernel images/4096x40   1 11348
31.7  0.1 ./cli kernel images/4096x40   1 12104
33.2  0.1 ./cli kernel images/4096x40   1 12708
33.8  0.1 ./cli kernel images/4096x40   0 12920
  PID User     Command                         Swap      USS      PSS      RSS 
32327 codespace ./cli kernel images/4096x40        0    10444    10496    11700 
32331 codespace ./cli kernel images/4096x40        0    10476    10529    11748 
32329 codespace ./cli kernel images/4096x40        0    11228    11280    12492 
32325 codespace ./cli kernel images/4096x40        0    11876    11929    13096 
32323 codespace ./cli kernel images/4096x40        0    12148    12199    13364 
32422 codespace /usr/bin/python3 /usr/bin/s        0    12080    12335    14588 
%CPU %MEM ARGS Mon Oct  5 01:20:19 UTC 2026
 0.0  0.0 grep --color=auto ./cli       1  2252
29.4  0.1 ./cli kernel images/4096x40   0 12260
29.6  0.1 ./cli kernel images/4096x40   1 12320
31.7  0.1 ./cli kernel images/4096x40   0 13196
32.8  0.1 ./cli kernel images/4096x40   0 13620
33.9  0.1 ./cli kernel images/4096x40   0 14052
  PID User     Command                         Swap      USS      PSS      RSS 
32331 codespace ./cli kernel images/4096x40        0    11404    11454    12676 
32327 codespace ./cli kernel images/4096x40        0    11516    11565    12772 
32433 codespace /usr/bin/python3 /usr/bin/s        0    12056    12270    14476 
32329 codespace ./cli kernel images/4096x40        0    12348    12398    13612 
32325 codespace ./cli kernel images/4096x40        0    12824    12874    14044 
32323 codespace ./cli kernel images/4096x40        0    13224    13272    14440 
%CPU %MEM ARGS Mon Oct  5 01:20:19 UTC 2026
 0.0  0.0 grep --color=auto ./cli       0  2304
28.5  0.1 ./cli kernel images/4096x40   0 13080
29.3  0.1 ./cli kernel images/4096x40   1 13404
31.2  0.1 ./cli kernel images/4096x40   0 14116
32.0  0.1 ./cli kernel images/4096x40   0 14528
33.0  0.1 ./cli kernel images/4096x40   0 14952
  PID User     Command                         Swap      USS      PSS      RSS 
32331 codespace ./cli kernel images/4096x40        0    12188    12233    13460 
32455 codespace /usr/bin/python3 /usr/bin/s        0    12068    12301    14588 
32327 codespace ./cli kernel images/4096x40        0    12808    12854    14064 
32329 codespace ./cli kernel images/4096x40        0    13224    13270    14488 
32325 codespace ./cli kernel images/4096x40        0    13680    13727    14900 
32323 codespace ./cli kernel images/4096x40        0    14100    14142    15316 
%CPU %MEM ARGS Mon Oct  5 01:20:20 UTC 2026
 0.0  0.0 grep --color=auto ./cli       0  2124
27.9  0.1 ./cli kernel images/4096x40   1 13868
29.4  0.1 ./cli kernel images/4096x40   1 14624
30.4  0.1 ./cli kernel images/4096x40   1 15016
31.1  0.1 ./cli kernel images/4096x40   1 15320
32.6  0.1 ./cli kernel images/4096x40   0 16048
  PID User     Command                         Swap      USS      PSS      RSS 
32483 codespace /usr/bin/python3 /usr/bin/s        0    12060    12280    14512 
32331 codespace ./cli kernel images/4096x40        0    12956    13003    14228 
32327 codespace ./cli kernel images/4096x40        0    13684    13730    14940 
32329 codespace ./cli kernel images/4096x40        0    14068    14114    15332 
32325 codespace ./cli kernel images/4096x40        0    14408    14455    15628 
32323 codespace ./cli kernel images/4096x40        0    15284    15329    16500 
%CPU %MEM ARGS Mon Oct  5 01:20:20 UTC 2026
 0.0  0.0 grep --color=auto ./cli       0  2212
27.9  0.1 ./cli kernel images/4096x40   0 14836
29.4  0.1 ./cli kernel images/4096x40   0 15560
30.7  0.1 ./cli kernel images/4096x40   1 16104
31.2  0.2 ./cli kernel images/4096x40   1 16408
32.6  0.2 ./cli kernel images/4096x40   0 17172
  PID User     Command                         Swap      USS      PSS      RSS 
32499 codespace /usr/bin/python3 /usr/bin/s        0    12060    12308    14536 
32331 codespace ./cli kernel images/4096x40        0    14036    14089    15308 
32327 codespace ./cli kernel images/4096x40        0    14848    14900    16104 
32329 codespace ./cli kernel images/4096x40        0    15380    15432    16644 
32325 codespace ./cli kernel images/4096x40        0    15704    15757    16924 
32323 codespace ./cli kernel images/4096x40        0    16448    16499    17664 
%CPU %MEM ARGS Mon Oct  5 01:20:21 UTC 2026
 0.0  0.0 grep --color=auto ./cli       1  2308
28.0  0.1 ./cli kernel images/4096x40   1 15984
30.1  0.2 ./cli kernel images/4096x40   0 17164
30.5  0.2 ./cli kernel images/4096x40   1 17328
31.0  0.2 ./cli kernel images/4096x40   1 17632
33.0  0.2 ./cli kernel images/4096x40   0 18760
  PID User     Command                         Swap      USS      PSS      RSS 
32509 codespace /usr/bin/python3 /usr/bin/s        0    12064    12306    14480 
32331 codespace ./cli kernel images/4096x40        0    15276    15329    16548 
32327 codespace ./cli kernel images/4096x40        0    16380    16432    17636 
32329 codespace ./cli kernel images/4096x40        0    16584    16636    17848 
32325 codespace ./cli kernel images/4096x40        0    16952    17005    18172 
32323 codespace ./cli kernel images/4096x40        0    17992    18043    19208 
%CPU %MEM ARGS Mon Oct  5 01:20:21 UTC 2026
 0.0  0.0 grep --color=auto ./cli       0  2156
28.1  0.2 ./cli kernel images/4096x40   1 17112
30.3  0.2 ./cli kernel images/4096x40   1 18416
30.9  0.2 ./cli kernel images/4096x40   1 18760
30.9  0.2 ./cli kernel images/4096x40   0 18760
32.6  0.2 ./cli kernel images/4096x40   1 19816
  PID User     Command                         Swap      USS      PSS      RSS 
32515 codespace /usr/bin/python3 /usr/bin/s        0    12064    12306    14520 
32331 codespace ./cli kernel images/4096x40        0    16200    16253    17472 
32329 codespace ./cli kernel images/4096x40        0    17504    17556    18768 
32325 codespace ./cli kernel images/4096x40        0    17880    17932    19100 
32327 codespace ./cli kernel images/4096x40        0    17928    17980    19184 
32323 codespace ./cli kernel images/4096x40        0    18920    18971    20136 
%CPU %MEM ARGS Mon Oct  5 01:20:22 UTC 2026
 0.0  0.0 grep --color=auto ./cli       0  2288
28.1  0.2 ./cli kernel images/4096x40   1 18084
30.4  0.2 ./cli kernel images/4096x40   1 19396
30.9  0.2 ./cli kernel images/4096x40   1 19812
31.1  0.2 ./cli kernel images/4096x40   0 19936
33.0  0.2 ./cli kernel images/4096x40   0 21044
  PID User     Command                         Swap      USS      PSS      RSS 
32520 codespace /usr/bin/python3 /usr/bin/s        0    12064    12306    14516 
32331 codespace ./cli kernel images/4096x40        0    17300    17353    18572 
32329 codespace ./cli kernel images/4096x40        0    18608    18660    19872 
32327 codespace ./cli kernel images/4096x40        0    19012    19063    20268 
32325 codespace ./cli kernel images/4096x40        0    19176    19227    20396 
32323 codespace ./cli kernel images/4096x40        0    20264    20314    21480 
%CPU %MEM ARGS Mon Oct  5 01:20:22 UTC 2026
 0.0  0.0 grep --color=auto ./cli       0  2344
28.3  0.2 ./cli kernel images/4096x40   1 19188
30.1  0.2 ./cli kernel images/4096x40   1 20492
30.9  0.2 ./cli kernel images/4096x40   1 20904
31.6  0.2 ./cli kernel images/4096x40   0 21364
32.7  0.2 ./cli kernel images/4096x40   0 22228
  PID User     Command                         Swap      USS      PSS      RSS 
32532 codespace /usr/bin/python3 /usr/bin/s        0    12068    12312    14516 
32331 codespace ./cli kernel images/4096x40        0    18400    18453    19672 
32329 codespace ./cli kernel images/4096x40        0    19720    19772    20984 
32327 codespace ./cli kernel images/4096x40        0    20108    20160    21364 
32325 codespace ./cli kernel images/4096x40        0    20568    20620    21788 
32323 codespace ./cli kernel images/4096x40        0    21428    21479    22644 
%CPU %MEM ARGS Mon Oct  5 01:20:23 UTC 2026
 0.0  0.0 grep --color=auto ./cli       1  2248
28.4  0.2 ./cli kernel images/4096x40   1 20344
30.3  0.2 ./cli kernel images/4096x40   1 21664
30.8  0.2 ./cli kernel images/4096x40   1 22052
31.8  0.2 ./cli kernel images/4096x40   0 22760
33.0  0.2 ./cli kernel images/4096x40   0 23636
  PID User     Command                         Swap      USS      PSS      RSS 
32537 codespace /usr/bin/python3 /usr/bin/s        0    12064    12308    14512 
32331 codespace ./cli kernel images/4096x40        0    19508    19561    20780 
32329 codespace ./cli kernel images/4096x40        0    20832    20884    22096 
32327 codespace ./cli kernel images/4096x40        0    21228    21280    22484 
32325 codespace ./cli kernel images/4096x40        0    21996    22048    23216 
32323 codespace ./cli kernel images/4096x40        0    22860    22911    24076 
%CPU %MEM ARGS Mon Oct  5 01:20:23 UTC 2026
 0.0  0.0 grep --color=auto ./cli       1  2252
29.0  0.2 ./cli kernel images/4096x40   1 21872
30.1  0.2 ./cli kernel images/4096x40   0 22668
30.6  0.2 ./cli kernel images/4096x40   0 23076
31.7  0.2 ./cli kernel images/4096x40   1 23892
32.8  0.3 ./cli kernel images/4096x40   0 24728
  PID User     Command                         Swap      USS      PSS      RSS 
32543 codespace /usr/bin/python3 /usr/bin/s        0    12012    12262    14496 
32331 codespace ./cli kernel images/4096x40        0    21088    21141    22360 
32329 codespace ./cli kernel images/4096x40        0    21884    21936    23148 
32327 codespace ./cli kernel images/4096x40        0    22300    22352    23556 
32325 codespace ./cli kernel images/4096x40        0    23116    23169    24336 
32323 codespace ./cli kernel images/4096x40        0    23956    24007    25172 
%CPU %MEM ARGS Mon Oct  5 01:20:24 UTC 2026
 0.0  0.0 grep --color=auto ./cli       0  2152
29.4  0.2 ./cli kernel images/4096x40   1 23212
30.2  0.2 ./cli kernel images/4096x40   0 23812
30.7  0.2 ./cli kernel images/4096x40   0 24240
32.0  0.3 ./cli kernel images/4096x40   1 25220
32.7  0.3 ./cli kernel images/4096x40   0 25888
  PID User     Command                         Swap      USS      PSS      RSS 
32548 codespace /usr/bin/python3 /usr/bin/s        0    12048    12299    14516 
32331 codespace ./cli kernel images/4096x40        0    22400    22453    23672 
32329 codespace ./cli kernel images/4096x40        0    23064    23116    24328 
32327 codespace ./cli kernel images/4096x40        0    23476    23528    24732 
32325 codespace ./cli kernel images/4096x40        0    24444    24497    25664 
32323 codespace ./cli kernel images/4096x40        0    25140    25191    26356 
%CPU %MEM ARGS Mon Oct  5 01:20:24 UTC 2026
 0.0  0.0 grep --color=auto ./cli       1  2180
30.0  0.3 ./cli kernel images/4096x40   0 24900
30.1  0.3 ./cli kernel images/4096x40   1 25012
30.5  0.3 ./cli kernel images/4096x40   0 25320
31.7  0.3 ./cli kernel images/4096x40   1 26376
32.5  0.3 ./cli kernel images/4096x40   0 26980
  PID User     Command                         Swap      USS      PSS      RSS 
32560 codespace /usr/bin/python3 /usr/bin/s        0    12060    12278    14540 
32331 codespace ./cli kernel images/4096x40        0    24228    24275    25500 
32329 codespace ./cli kernel images/4096x40        0    24316    24364    25580 
32327 codespace ./cli kernel images/4096x40        0    24532    24581    25788 
32325 codespace ./cli kernel images/4096x40        0    26072    26124    27292 
32323 codespace ./cli kernel images/4096x40        0    26200    26250    27416 
%CPU %MEM ARGS Mon Oct  5 01:20:25 UTC 2026
 0.0  0.0 grep --color=auto ./cli       0  2172
29.8  0.3 ./cli kernel images/4096x40   0 26128
30.1  0.3 ./cli kernel images/4096x40   1 26428
30.2  0.3 ./cli kernel images/4096x40   0 26460
32.0  0.3 ./cli kernel images/4096x40   0 28108
32.2  0.3 ./cli kernel images/4096x40   1 28216
  PID User     Command                         Swap      USS      PSS      RSS 
32571 codespace /usr/bin/python3 /usr/bin/s        0    12052    12292    14468 
32331 codespace ./cli kernel images/4096x40        0    25400    25453    26672 
32329 codespace ./cli kernel images/4096x40        0    25660    25712    26924 
32327 codespace ./cli kernel images/4096x40        0    25712    25764    26968 
32323 codespace ./cli kernel images/4096x40        0    27384    27435    28600 
32325 codespace ./cli kernel images/4096x40        0    27456    27509    28676 
%CPU %MEM ARGS Mon Oct  5 01:20:25 UTC 2026
 0.0  0.0 grep --color=auto ./cli       0  2164
29.9  0.3 ./cli kernel images/4096x40   0 27340
30.3  0.3 ./cli kernel images/4096x40   0 27680
30.5  0.3 ./cli kernel images/4096x40   1 27808
32.0  0.3 ./cli kernel images/4096x40   0 29328
32.4  0.3 ./cli kernel images/4096x40   1 29592
  PID User     Command                         Swap      USS      PSS      RSS 
32577 codespace /usr/bin/python3 /usr/bin/s        0    12060    12300    14476 
32331 codespace ./cli kernel images/4096x40        0    26572    26625    27844 
32327 codespace ./cli kernel images/4096x40        0    26888    26940    28144 
32329 codespace ./cli kernel images/4096x40        0    27024    27076    28288 
32323 codespace ./cli kernel images/4096x40        0    28560    28611    29776 
32325 codespace ./cli kernel images/4096x40        0    28836    28889    30056 
%CPU %MEM ARGS Mon Oct  5 01:20:26 UTC 2026
 0.0  0.0 grep --color=auto ./cli       1  2200
30.0  0.3 ./cli kernel images/4096x40   1 28560
30.4  0.3 ./cli kernel images/4096x40   0 28936
30.6  0.3 ./cli kernel images/4096x40   1 29156
32.1  0.3 ./cli kernel images/4096x40   0 30592
32.5  0.3 ./cli kernel images/4096x40   0 30916
  PID User     Command                         Swap      USS      PSS      RSS 
32582 codespace /usr/bin/python3 /usr/bin/s        0    12060    12315    14568 
32331 codespace ./cli kernel images/4096x40        0    27856    27909    29128 
32327 codespace ./cli kernel images/4096x40        0    28136    28188    29392 
32329 codespace ./cli kernel images/4096x40        0    28436    28488    29700 
32323 codespace ./cli kernel images/4096x40        0    29804    29855    31020 
32325 codespace ./cli kernel images/4096x40        0    30148    30201    31368 
%CPU %MEM ARGS Mon Oct  5 01:20:27 UTC 2026
 0.0  0.0 grep --color=auto ./cli       1  2196
30.1  0.3 ./cli kernel images/4096x40   1 29792
30.6  0.3 ./cli kernel images/4096x40   0 30272
30.8  0.3 ./cli kernel images/4096x40   1 30368
32.3  0.3 ./cli kernel images/4096x40   0 31924
32.5  0.3 ./cli kernel images/4096x40   1 32052
  PID User     Command                         Swap      USS      PSS      RSS 
32588 codespace /usr/bin/python3 /usr/bin/s        0    12060    12299    14476 
32331 codespace ./cli kernel images/4096x40        0    28968    29021    30240 
32327 codespace ./cli kernel images/4096x40        0    29484    29536    30740 
32329 codespace ./cli kernel images/4096x40        0    29560    29612    30824 
32323 codespace ./cli kernel images/4096x40        0    31140    31191    32356 
32325 codespace ./cli kernel images/4096x40        0    31268    31321    32488 
%CPU %MEM ARGS Mon Oct  5 01:20:27 UTC 2026
 0.0  0.0 grep --color=auto ./cli       0  2252
30.3  0.3 ./cli kernel images/4096x40   1 31004
30.8  0.3 ./cli kernel images/4096x40   0 31556
30.9  0.3 ./cli kernel images/4096x40   1 31604
32.4  0.4 ./cli kernel images/4096x40   0 33216
32.4  0.4 ./cli kernel images/4096x40   1 33196
  PID User     Command                         Swap      USS      PSS      RSS 
32593 codespace /usr/bin/python3 /usr/bin/s        0    12060    12305    14540 
32331 codespace ./cli kernel images/4096x40        0    30300    30353    31572 
32327 codespace ./cli kernel images/4096x40        0    30764    30816    32020 
32329 codespace ./cli kernel images/4096x40        0    30904    30956    32168 
32325 codespace ./cli kernel images/4096x40        0    32376    32429    33596 
32323 codespace ./cli kernel images/4096x40        0    32432    32483    33648 
%CPU %MEM ARGS Mon Oct  5 01:20:28 UTC 2026
 0.0  0.0 grep --color=auto ./cli       1  2192
30.4  0.3 ./cli kernel images/4096x40   1 32232
30.8  0.4 ./cli kernel images/4096x40   0 32752
30.9  0.4 ./cli kernel images/4096x40   1 32828
32.3  0.4 ./cli kernel images/4096x40   1 34352
32.3  0.4 ./cli kernel images/4096x40   0 34344
  PID User     Command                         Swap      USS      PSS      RSS 
32603 codespace /usr/bin/python3 /usr/bin/s        0    12060    12305    14540 
32331 codespace ./cli kernel images/4096x40        0    31332    31385    32604 
32329 codespace ./cli kernel images/4096x40        0    31932    31984    33196 
32327 codespace ./cli kernel images/4096x40        0    31952    32004    33208 
32323 codespace ./cli kernel images/4096x40        0    33464    33515    34680 
32325 codespace ./cli kernel images/4096x40        0    33468    33521    34688 
%CPU %MEM ARGS Mon Oct  5 01:20:28 UTC 2026
 0.0  0.0 grep --color=auto ./cli       1  2248
30.4  0.4 ./cli kernel images/4096x40   1 33296
30.9  0.4 ./cli kernel images/4096x40   1 33888
31.0  0.4 ./cli kernel images/4096x40   0 34092
32.2  0.4 ./cli kernel images/4096x40   1 35424
32.4  0.4 ./cli kernel images/4096x40   0 35572
  PID User     Command                         Swap      USS      PSS      RSS 
32610 codespace /usr/bin/python3 /usr/bin/s        0    12060    12295    14432 
32331 codespace ./cli kernel images/4096x40        0    32536    32589    33808 
32329 codespace ./cli kernel images/4096x40        0    33116    33168    34380 
32327 codespace ./cli kernel images/4096x40        0    33628    33680    34884 
32323 codespace ./cli kernel images/4096x40        0    34652    34703    35868 
32325 codespace ./cli kernel images/4096x40        0    35120    35173    36340 
%CPU %MEM ARGS Mon Oct  5 01:20:29 UTC 2026
 0.0  0.0 grep --color=auto ./cli       0  2252
30.3  0.4 ./cli kernel images/4096x40   1 34456
30.7  0.4 ./cli kernel images/4096x40   1 35048
31.4  0.4 ./cli kernel images/4096x40   0 35848
32.0  0.4 ./cli kernel images/4096x40   1 36592
32.8  0.4 ./cli kernel images/4096x40   0 37328
  PID User     Command                         Swap      USS      PSS      RSS 
32616 codespace /usr/bin/python3 /usr/bin/s        0    12052    12292    14468 
32331 codespace ./cli kernel images/4096x40        0    33732    33785    35004 
32329 codespace ./cli kernel images/4096x40        0    34324    34376    35588 
32327 codespace ./cli kernel images/4096x40        0    35012    35064    36268 
32323 codespace ./cli kernel images/4096x40        0    35872    35923    37088 
32325 codespace ./cli kernel images/4096x40        0    36496    36549    37716 
%CPU %MEM ARGS Mon Oct  5 01:20:29 UTC 2026
 0.0  0.0 grep --color=auto ./cli       1  2180
30.0  0.4 ./cli kernel images/4096x40   0 35580
30.5  0.4 ./cli kernel images/4096x40   0 36184
31.5  0.4 ./cli kernel images/4096x40   0 37400
32.0  0.4 ./cli kernel images/4096x40   1 38040
32.3  0.4 ./cli kernel images/4096x40   1 38464
  PID User     Command                         Swap      USS      PSS      RSS 
32622 codespace /usr/bin/python3 /usr/bin/s        0    12060    12297    14512 
32331 codespace ./cli kernel images/4096x40        0    34968    35021    36240 
32329 codespace ./cli kernel images/4096x40        0    35560    35612    36824 
32327 codespace ./cli kernel images/4096x40        0    36636    36688    37892 
32323 codespace ./cli kernel images/4096x40        0    37268    37319    38484 
32325 codespace ./cli kernel images/4096x40        0    37732    37785    38952 
%CPU %MEM ARGS Mon Oct  5 01:20:30 UTC 2026
 0.0  0.0 grep --color=auto ./cli       0  2200
29.8  0.4 ./cli kernel images/4096x40   0 36736
30.3  0.4 ./cli kernel images/4096x40   0 37336
31.2  0.4 ./cli kernel images/4096x40   0 38416
31.7  0.4 ./cli kernel images/4096x40   1 39192
32.2  0.4 ./cli kernel images/4096x40   0 39624
  PID User     Command                         Swap      USS      PSS      RSS 
32643 codespace /usr/bin/python3 /usr/bin/s        0    12060    12296    14512 
32331 codespace ./cli kernel images/4096x40        0    35780    35832    37052 
32329 codespace ./cli kernel images/4096x40        0    36332    36384    37596 
32327 codespace ./cli kernel images/4096x40        0    37432    37484    38688 
32323 codespace ./cli kernel images/4096x40        0    38440    38491    39656 
32325 codespace ./cli kernel images/4096x40        0    38640    38693    39860 
%CPU %MEM ARGS Mon Oct  5 01:20:30 UTC 2026
 0.0  0.0 grep --color=auto ./cli       1  2160
29.7  0.4 ./cli kernel images/4096x40   0 37660
30.2  0.4 ./cli kernel images/4096x40   1 38424
31.0  0.4 ./cli kernel images/4096x40   0 39352
31.8  0.4 ./cli kernel images/4096x40   1 40520
31.9  0.4 ./cli kernel images/4096x40   0 40552
  PID User     Command                         Swap      USS      PSS      RSS 
32661 codespace /usr/bin/python3 /usr/bin/s        0    12060    12307    14544 
32331 codespace ./cli kernel images/4096x40        0    36896    36949    38168 
32329 codespace ./cli kernel images/4096x40        0    37636    37688    38900 
32327 codespace ./cli kernel images/4096x40        0    38568    38620    39824 
32323 codespace ./cli kernel images/4096x40        0    39736    39787    40952 
32325 codespace ./cli kernel images/4096x40        0    39780    39833    41000 
%CPU %MEM ARGS Mon Oct  5 01:20:31 UTC 2026
 0.0  0.0 grep --color=auto ./cli       0  2132
29.7  0.4 ./cli kernel images/4096x40   1 38728
30.2  0.4 ./cli kernel images/4096x40   1 39532
30.9  0.4 ./cli kernel images/4096x40   1 40364
31.8  0.5 ./cli kernel images/4096x40   0 41716
31.9  0.5 ./cli kernel images/4096x40   1 41612
  PID User     Command                         Swap      USS      PSS      RSS 
32666 codespace /usr/bin/python3 /usr/bin/s        0    12064    12322    14564 
32331 codespace ./cli kernel images/4096x40        0    37928    37981    39200 
32329 codespace ./cli kernel images/4096x40        0    38732    38784    39996 
32327 codespace ./cli kernel images/4096x40        0    39536    39588    40792 
32325 codespace ./cli kernel images/4096x40        0    40828    40880    42048 
32323 codespace ./cli kernel images/4096x40        0    40932    40983    42148 
%CPU %MEM ARGS Mon Oct  5 01:20:32 UTC 2026
 0.0  0.0 grep --color=auto ./cli       0  2344
29.7  0.4 ./cli kernel images/4096x40   0 39844
30.3  0.5 ./cli kernel images/4096x40   0 40688
31.0  0.5 ./cli kernel images/4096x40   1 41720
31.9  0.5 ./cli kernel images/4096x40   0 42900
32.0  0.5 ./cli kernel images/4096x40   1 42988
  PID User     Command                         Swap      USS      PSS      RSS 
32672 codespace /usr/bin/python3 /usr/bin/s        0    12084    12340    14592 
32331 codespace ./cli kernel images/4096x40        0    39072    39125    40344 
32329 codespace ./cli kernel images/4096x40        0    39892    39944    41156 
32327 codespace ./cli kernel images/4096x40        0    40912    40964    42168 
32323 codespace ./cli kernel images/4096x40        0    42108    42159    43324 
32325 codespace ./cli kernel images/4096x40        0    42216    42269    43436 
%CPU %MEM ARGS Mon Oct  5 01:20:32 UTC 2026
 0.0  0.0 grep --color=auto ./cli       1  2164
29.9  0.5 ./cli kernel images/4096x40   0 41088
30.3  0.5 ./cli kernel images/4096x40   1 41852
31.1  0.5 ./cli kernel images/4096x40   1 43000
31.9  0.5 ./cli kernel images/4096x40   0 44144
32.1  0.5 ./cli kernel images/4096x40   0 44276
  PID User     Command                         Swap      USS      PSS      RSS 
32677 codespace /usr/bin/python3 /usr/bin/s        0    12060    12307    14544 
32331 codespace ./cli kernel images/4096x40        0    40320    40373    41592 
32329 codespace ./cli kernel images/4096x40        0    41072    41124    42336 
32327 codespace ./cli kernel images/4096x40        0    42212    42264    43468 
32323 codespace ./cli kernel images/4096x40        0    43380    43431    44596 
32325 codespace ./cli kernel images/4096x40        0    43516    43569    44736 
%CPU %MEM ARGS Mon Oct  5 01:20:33 UTC 2026
 0.0  0.0 grep --color=auto ./cli       0  2168
29.9  0.5 ./cli kernel images/4096x40   0 42268
30.4  0.5 ./cli kernel images/4096x40   0 42996
31.3  0.5 ./cli kernel images/4096x40   1 44396
31.9  0.5 ./cli kernel images/4096x40   0 45336
32.2  0.5 ./cli kernel images/4096x40   1 45708
  PID User     Command                         Swap      USS      PSS      RSS 
32683 codespace /usr/bin/python3 /usr/bin/s        0    12068    12308    14484 
32331 codespace ./cli kernel images/4096x40        0    41468    41521    42740 
32329 codespace ./cli kernel images/4096x40        0    42200    42252    43464 
32327 codespace ./cli kernel images/4096x40        0    43628    43680    44884 
32323 codespace ./cli kernel images/4096x40        0    44552    44603    45768 
32325 codespace ./cli kernel images/4096x40        0    44936    44989    46156 
%CPU %MEM ARGS Mon Oct  5 01:20:33 UTC 2026
 0.0  0.0 grep --color=auto ./cli       0  2124
29.9  0.5 ./cli kernel images/4096x40   0 43404
30.4  0.5 ./cli kernel images/4096x40   0 44120
31.5  0.5 ./cli kernel images/4096x40   1 45744
32.0  0.5 ./cli kernel images/4096x40   1 46636
32.2  0.5 ./cli kernel images/4096x40   0 46836
  PID User     Command                         Swap      USS      PSS      RSS 
32689 codespace /usr/bin/python3 /usr/bin/s        0    12060    12302    14476 
32331 codespace ./cli kernel images/4096x40        0    42656    42709    43928 
32329 codespace ./cli kernel images/4096x40        0    43380    43432    44644 
32327 codespace ./cli kernel images/4096x40        0    44996    45048    46252 
32323 codespace ./cli kernel images/4096x40        0    45892    45943    47108 
32325 codespace ./cli kernel images/4096x40        0    46108    46161    47328 
%CPU %MEM ARGS Mon Oct  5 01:20:34 UTC 2026
 0.0  0.0 grep --color=auto ./cli       1  2300
29.9  0.5 ./cli kernel images/4096x40   0 44604
30.3  0.5 ./cli kernel images/4096x40   0 45324
31.5  0.5 ./cli kernel images/4096x40   1 47176
32.0  0.5 ./cli kernel images/4096x40   1 48076
32.1  0.5 ./cli kernel images/4096x40   0 48044
  PID User     Command                         Swap      USS      PSS      RSS 
32700 codespace /usr/bin/python3 /usr/bin/s        0    12056    12303    14540 
32331 codespace ./cli kernel images/4096x40        0    43844    43897    45116 
32329 codespace ./cli kernel images/4096x40        0    44576    44628    45840 
32327 codespace ./cli kernel images/4096x40        0    46436    46488    47692 
32325 codespace ./cli kernel images/4096x40        0    47288    47341    48508 
32323 codespace ./cli kernel images/4096x40        0    47344    47395    48560 
%CPU %MEM ARGS Mon Oct  5 01:20:34 UTC 2026
 0.0  0.0 grep --color=auto ./cli       0  2152
29.9  0.5 ./cli kernel images/4096x40   0 45900
30.4  0.5 ./cli kernel images/4096x40   0 46624
31.5  0.5 ./cli kernel images/4096x40   1 48436
32.1  0.6 ./cli kernel images/4096x40   0 49356
32.1  0.6 ./cli kernel images/4096x40   0 49212
  PID User     Command                         Swap      USS      PSS      RSS 
32706 codespace /usr/bin/python3 /usr/bin/s        0    12060    12310    14544 
32331 codespace ./cli kernel images/4096x40        0    45216    45269    46488 
32329 codespace ./cli kernel images/4096x40        0    45856    45908    47120 
32327 codespace ./cli kernel images/4096x40        0    48264    48316    49520 
32325 codespace ./cli kernel images/4096x40        0    48444    48497    49664 
32323 codespace ./cli kernel images/4096x40        0    48556    48607    49772 
%CPU %MEM ARGS Mon Oct  5 01:20:35 UTC 2026
 0.0  0.0 grep --color=auto ./cli       1  2344
29.9  0.5 ./cli kernel images/4096x40   0 47160
30.4  0.5 ./cli kernel images/4096x40   0 47940
31.9  0.6 ./cli kernel images/4096x40   1 50336
32.0  0.6 ./cli kernel images/4096x40   1 50624
32.0  0.6 ./cli kernel images/4096x40   0 50520
  PID User     Command                         Swap      USS      PSS      RSS 
32711 codespace /usr/bin/python3 /usr/bin/s        0    12056    12303    14536 
32331 codespace ./cli kernel images/4096x40        0    46404    46457    47676 
32329 codespace ./cli kernel images/4096x40        0    47180    47232    48444 
32327 codespace ./cli kernel images/4096x40        0    49544    49596    50800 
32325 codespace ./cli kernel images/4096x40        0    49760    49813    50980 
32323 codespace ./cli kernel images/4096x40        0    49836    49887    51052 
%CPU %MEM ARGS Mon Oct  5 01:20:35 UTC 2026
 0.0  0.0 grep --color=auto ./cli       1  2204
30.0  0.5 ./cli kernel images/4096x40   0 48336
30.4  0.6 ./cli kernel images/4096x40   0 49120
32.0  0.6 ./cli kernel images/4096x40   0 51680
32.1  0.6 ./cli kernel images/4096x40   1 51728
32.1  0.6 ./cli kernel images/4096x40   1 52004
  PID User     Command                         Swap      USS      PSS      RSS 
32717 codespace /usr/bin/python3 /usr/bin/s        0    12048    12271    14468 
32331 codespace ./cli kernel images/4096x40        0    47688    47738    48960 
32329 codespace ./cli kernel images/4096x40        0    48304    48354    49568 
32327 codespace ./cli kernel images/4096x40        0    50944    50993    52200 
32325 codespace ./cli kernel images/4096x40        0    51040    51090    52260 
32323 codespace ./cli kernel images/4096x40        0    51240    51289    52456 
%CPU %MEM ARGS Mon Oct  5 01:20:36 UTC 2026
 0.0  0.0 grep --color=auto ./cli       1  2160
30.0  0.6 ./cli kernel images/4096x40   0 49636
30.3  0.6 ./cli kernel images/4096x40   0 50224
31.9  0.6 ./cli kernel images/4096x40   0 52924
32.0  0.6 ./cli kernel images/4096x40   1 53064
32.0  0.6 ./cli kernel images/4096x40   1 53296
  PID User     Command                         Swap      USS      PSS      RSS 
32728 codespace /usr/bin/python3 /usr/bin/s        0    12056    12307    14532 
32331 codespace ./cli kernel images/4096x40        0    49176    49229    50448 
32329 codespace ./cli kernel images/4096x40        0    49484    49536    50748 
32325 codespace ./cli kernel images/4096x40        0    52352    52404    53572 
32327 codespace ./cli kernel images/4096x40        0    52432    52484    53688 
32323 codespace ./cli kernel images/4096x40        0    52576    52627    53792 
%CPU %MEM ARGS Mon Oct  5 01:20:37 UTC 2026
 0.0  0.0 grep --color=auto ./cli       0  2172
30.2  0.6 ./cli kernel images/4096x40   0 51264
30.2  0.6 ./cli kernel images/4096x40   1 51408
31.9  0.6 ./cli kernel images/4096x40   1 54288
31.9  0.6 ./cli kernel images/4096x40   1 54528
32.1  0.6 ./cli kernel images/4096x40   0 54552
  PID User     Command                         Swap      USS      PSS      RSS 
32740 codespace /usr/bin/python3 /usr/bin/s        0    12056    12307    14524 
32331 codespace ./cli kernel images/4096x40        0    50500    50553    51772 
32329 codespace ./cli kernel images/4096x40        0    50608    50660    51872 
32325 codespace ./cli kernel images/4096x40        0    53500    53552    54720 
32323 codespace ./cli kernel images/4096x40        0    53724    53775    54940 
32327 codespace ./cli kernel images/4096x40        0    53768    53820    55024 
%CPU %MEM ARGS Mon Oct  5 01:20:37 UTC 2026
 0.0  0.0 grep --color=auto ./cli       1  2212
30.2  0.6 ./cli kernel images/4096x40   1 52548
30.4  0.6 ./cli kernel images/4096x40   0 52628
31.9  0.6 ./cli kernel images/4096x40   1 55436
31.9  0.6 ./cli kernel images/4096x40   1 55672
32.2  0.6 ./cli kernel images/4096x40   0 55920
  PID User     Command                         Swap      USS      PSS      RSS 
32745 codespace /usr/bin/python3 /usr/bin/s        0    12080    12336    14588 
32329 codespace ./cli kernel images/4096x40        0    51792    51844    53056 
32331 codespace ./cli kernel images/4096x40        0    51844    51897    53116 
32325 codespace ./cli kernel images/4096x40        0    54684    54737    55904 
32323 codespace ./cli kernel images/4096x40        0    54912    54963    56128 
32327 codespace ./cli kernel images/4096x40        0    55116    55168    56372 
%CPU %MEM ARGS Mon Oct  5 01:20:38 UTC 2026
 0.0  0.0 grep --color=auto ./cli       0  2176
30.3  0.6 ./cli kernel images/4096x40   1 53740
30.4  0.6 ./cli kernel images/4096x40   0 54004
31.9  0.6 ./cli kernel images/4096x40   1 56620
31.9  0.6 ./cli kernel images/4096x40   1 56868
32.3  0.7 ./cli kernel images/4096x40   0 57280
  PID User     Command                         Swap      USS      PSS      RSS 
32751 codespace /usr/bin/python3 /usr/bin/s        0    12064    12310    14512 
32329 codespace ./cli kernel images/4096x40        0    52960    53012    54224 
32331 codespace ./cli kernel images/4096x40        0    53224    53277    54496 
32325 codespace ./cli kernel images/4096x40        0    55856    55909    57076 
32323 codespace ./cli kernel images/4096x40        0    56080    56131    57296 
32327 codespace ./cli kernel images/4096x40        0    56500    56552    57756 
%CPU %MEM ARGS Mon Oct  5 01:20:38 UTC 2026
 0.0  0.0 grep --color=auto ./cli       1  2184
30.3  0.6 ./cli kernel images/4096x40   1 54924
30.6  0.6 ./cli kernel images/4096x40   0 55400
31.9  0.7 ./cli kernel images/4096x40   1 57816
31.9  0.7 ./cli kernel images/4096x40   1 58068
32.4  0.7 ./cli kernel images/4096x40   0 58700
  PID User     Command                         Swap      USS      PSS      RSS 
32756 codespace /usr/bin/python3 /usr/bin/s        0    12064    12312    14548 
32329 codespace ./cli kernel images/4096x40        0    54176    54228    55440 
32331 codespace ./cli kernel images/4096x40        0    54604    54657    55876 
32325 codespace ./cli kernel images/4096x40        0    57096    57149    58316 
32323 codespace ./cli kernel images/4096x40        0    57336    57387    58552 
32327 codespace ./cli kernel images/4096x40        0    58048    58100    59304 
%CPU %MEM ARGS Mon Oct  5 01:20:39 UTC 2026
 0.0  0.0 grep --color=auto ./cli       0  2176
30.3  0.6 ./cli kernel images/4096x40   1 56016
30.6  0.6 ./cli kernel images/4096x40   1 56448
31.8  0.7 ./cli kernel images/4096x40   1 58912
31.9  0.7 ./cli kernel images/4096x40   0 59252
32.6  0.7 ./cli kernel images/4096x40   0 60372
  PID User     Command                         Swap      USS      PSS      RSS 
32762 codespace /usr/bin/python3 /usr/bin/s        0    12064    12325    14572 
32329 codespace ./cli kernel images/4096x40        0    55220    55272    56484 
32331 codespace ./cli kernel images/4096x40        0    55660    55713    56932 
32325 codespace ./cli kernel images/4096x40        0    58096    58143    59316 
32323 codespace ./cli kernel images/4096x40        0    58464    58514    59680 
32327 codespace ./cli kernel images/4096x40        0    59588    59634    60844 
%CPU %MEM ARGS Mon Oct  5 01:20:39 UTC 2026
 0.0  0.0 grep --color=auto ./cli       1  2136
30.2  0.7 ./cli kernel images/4096x40   1 57100
30.5  0.7 ./cli kernel images/4096x40   1 57528
31.7  0.7 ./cli kernel images/4096x40   1 59988
32.0  0.7 ./cli kernel images/4096x40   0 60584
32.7  0.7 ./cli kernel images/4096x40   0 61700
  PID User     Command                         Swap      USS      PSS      RSS 
32773 codespace /usr/bin/python3 /usr/bin/s        0    12040    12279    14492 
32329 codespace ./cli kernel images/4096x40        0    56280    56332    57544 
32331 codespace ./cli kernel images/4096x40        0    56964    57017    58236 
32325 codespace ./cli kernel images/4096x40        0    59184    59237    60404 
32323 codespace ./cli kernel images/4096x40        0    59796    59847    61012 
32327 codespace ./cli kernel images/4096x40        0    60904    60956    62160 
%CPU %MEM ARGS Mon Oct  5 01:20:40 UTC 2026
 0.0  0.0 grep --color=auto ./cli       1  2176
30.1  0.7 ./cli kernel images/4096x40   0 58148
30.8  0.7 ./cli kernel images/4096x40   1 59412
31.7  0.7 ./cli kernel images/4096x40   1 61168
31.8  0.7 ./cli kernel images/4096x40   0 61648
32.5  0.7 ./cli kernel images/4096x40   0 62764
  PID User     Command                         Swap      USS      PSS      RSS 
32779 codespace /usr/bin/python3 /usr/bin/s        0    12060    12299    14476 
32329 codespace ./cli kernel images/4096x40        0    57416    57468    58680 
32331 codespace ./cli kernel images/4096x40        0    58656    58709    59928 
32325 codespace ./cli kernel images/4096x40        0    60432    60485    61652 
32323 codespace ./cli kernel images/4096x40        0    60892    60943    62108 
32327 codespace ./cli kernel images/4096x40        0    62000    62052    63256 
%CPU %MEM ARGS Mon Oct  5 01:20:40 UTC 2026
 0.0  0.0 grep --color=auto ./cli       1  2156
30.0  0.7 ./cli kernel images/4096x40   0 59276
30.8  0.7 ./cli kernel images/4096x40   1 60628
31.6  0.7 ./cli kernel images/4096x40   1 62384
31.7  0.7 ./cli kernel images/4096x40   0 62772
32.4  0.7 ./cli kernel images/4096x40   0 63900
  PID User     Command                         Swap      USS      PSS      RSS 
32790 codespace /usr/bin/python3 /usr/bin/s        0    12064    12306    14480 
32329 codespace ./cli kernel images/4096x40        0    58500    58552    59764 
32331 codespace ./cli kernel images/4096x40        0    59928    59981    61200 
32325 codespace ./cli kernel images/4096x40        0    61688    61741    62908 
32323 codespace ./cli kernel images/4096x40        0    62000    62051    63216 
32327 codespace ./cli kernel images/4096x40        0    63104    63156    64360 
%CPU %MEM ARGS Mon Oct  5 01:20:41 UTC 2026
 0.0  0.0 grep --color=auto ./cli       1  2172
30.0  0.7 ./cli kernel images/4096x40   1 60444
30.7  0.7 ./cli kernel images/4096x40   1 61864
31.6  0.7 ./cli kernel images/4096x40   1 63644
31.8  0.7 ./cli kernel images/4096x40   0 64168
32.4  0.8 ./cli kernel images/4096x40   0 65272
  PID User     Command                         Swap      USS      PSS      RSS 
32808 codespace /usr/bin/python3 /usr/bin/s        0    12052    12291    14524 
32329 codespace ./cli kernel images/4096x40        0    59872    59922    61136 
32331 codespace ./cli kernel images/4096x40        0    61196    61247    62468 
32325 codespace ./cli kernel images/4096x40        0    62960    63010    64180 
32323 codespace ./cli kernel images/4096x40        0    63612    63661    64828 
32327 codespace ./cli kernel images/4096x40        0    64492    64541    65748 
%CPU %MEM ARGS Mon Oct  5 01:20:42 UTC 2026
 0.0  0.0 grep --color=auto ./cli       1  2296
30.2  0.7 ./cli kernel images/4096x40   0 62212
30.6  0.7 ./cli kernel images/4096x40   1 63048
31.4  0.7 ./cli kernel images/4096x40   0 64808
31.7  0.8 ./cli kernel images/4096x40   1 65576
32.2  0.8 ./cli kernel images/4096x40   1 66384
  PID User     Command                         Swap      USS      PSS      RSS 
32820 codespace /usr/bin/python3 /usr/bin/s        0    12060    12320    14568 
32329 codespace ./cli kernel images/4096x40        0    61560    61612    62824 
32331 codespace ./cli kernel images/4096x40        0    62328    62381    63600 
32325 codespace ./cli kernel images/4096x40        0    64156    64203    65376 
32323 codespace ./cli kernel images/4096x40        0    64828    64873    66044 
32327 codespace ./cli kernel images/4096x40        0    65616    65668    66872 
%CPU %MEM ARGS Mon Oct  5 01:20:42 UTC 2026
 0.0  0.0 grep --color=auto ./cli       0  2340
30.2  0.7 ./cli kernel images/4096x40   0 63628
30.6  0.7 ./cli kernel images/4096x40   1 64368
31.4  0.8 ./cli kernel images/4096x40   0 66212
31.6  0.8 ./cli kernel images/4096x40   0 66792
32.1  0.8 ./cli kernel images/4096x40   1 67692
  PID User     Command                         Swap      USS      PSS      RSS 
32831 codespace /usr/bin/python3 /usr/bin/s        0    12036    12287    14512 
32329 codespace ./cli kernel images/4096x40        0    63092    63144    64356 
32331 codespace ./cli kernel images/4096x40        0    63636    63689    64908 
32325 codespace ./cli kernel images/4096x40        0    65672    65725    66892 
32323 codespace ./cli kernel images/4096x40        0    66012    66063    67228 
32327 codespace ./cli kernel images/4096x40        0    66916    66968    68172 
%CPU %MEM ARGS Mon Oct  5 01:20:43 UTC 2026
 0.0  0.0 grep --color=auto ./cli       0  2208
30.3  0.7 ./cli kernel images/4096x40   0 65040
30.6  0.8 ./cli kernel images/4096x40   0 65520
31.6  0.8 ./cli kernel images/4096x40   1 67760
31.6  0.8 ./cli kernel images/4096x40   0 67996
32.2  0.8 ./cli kernel images/4096x40   1 69168
  PID User     Command                         Swap      USS      PSS      RSS 
32837 codespace /usr/bin/python3 /usr/bin/s        0    12060    12290    14500 
32329 codespace ./cli kernel images/4096x40        0    64300    64352    65564 
32331 codespace ./cli kernel images/4096x40        0    64800    64853    66072 
32325 codespace ./cli kernel images/4096x40        0    67000    67053    68220 
32323 codespace ./cli kernel images/4096x40        0    67228    67279    68444 
32327 codespace ./cli kernel images/4096x40        0    68372    68424    69628 
%CPU %MEM ARGS Mon Oct  5 01:20:43 UTC 2026
 0.0  0.0 grep --color=auto ./cli       1  2248
30.4  0.8 ./cli kernel images/4096x40   0 66264
30.6  0.8 ./cli kernel images/4096x40   0 66748
31.6  0.8 ./cli kernel images/4096x40   0 69232
31.6  0.8 ./cli kernel images/4096x40   1 69148
32.3  0.8 ./cli kernel images/4096x40   1 70556
  PID User     Command                         Swap      USS      PSS      RSS 
32842 codespace /usr/bin/python3 /usr/bin/s        0    12052    12285    14472 
32329 codespace ./cli kernel images/4096x40        0    65484    65536    66748 
32331 codespace ./cli kernel images/4096x40        0    65956    66009    67228 
32325 codespace ./cli kernel images/4096x40        0    68316    68369    69536 
32323 codespace ./cli kernel images/4096x40        0    68416    68467    69632 
32327 codespace ./cli kernel images/4096x40        0    69768    69820    71024 
%CPU %MEM ARGS Mon Oct  5 01:20:44 UTC 2026
 0.0  0.0 grep --color=auto ./cli       0  2172
30.4  0.8 ./cli kernel images/4096x40   1 67608
30.6  0.8 ./cli kernel images/4096x40   0 68024
31.6  0.8 ./cli kernel images/4096x40   1 70324
31.6  0.8 ./cli kernel images/4096x40   0 70500
32.4  0.8 ./cli kernel images/4096x40   1 71920
  PID User     Command                         Swap      USS      PSS      RSS 
32848 codespace /usr/bin/python3 /usr/bin/s        0    12068    12328    14568 
32329 codespace ./cli kernel images/4096x40        0    66836    66888    68100 
32331 codespace ./cli kernel images/4096x40        0    67268    67321    68540 
32325 codespace ./cli kernel images/4096x40        0    69532    69584    70752 
32323 codespace ./cli kernel images/4096x40        0    69716    69767    70932 
32327 codespace ./cli kernel images/4096x40        0    71124    71176    72380 
%CPU %MEM ARGS Mon Oct  5 01:20:44 UTC 2026
 0.0  0.0 grep --color=auto ./cli       1  2308
30.4  0.8 ./cli kernel images/4096x40   1 68808
30.8  0.8 ./cli kernel images/4096x40   0 69448
31.6  0.8 ./cli kernel images/4096x40   1 71508
31.7  0.8 ./cli kernel images/4096x40   0 71936
32.3  0.8 ./cli kernel images/4096x40   1 73124
  PID User     Command                         Swap      USS      PSS      RSS 
32854 codespace /usr/bin/python3 /usr/bin/s        0    12056    12298    14472 
32329 codespace ./cli kernel images/4096x40        0    68068    68120    69332 
32331 codespace ./cli kernel images/4096x40        0    68860    68913    70132 
32325 codespace ./cli kernel images/4096x40        0    70776    70829    71996 
32323 codespace ./cli kernel images/4096x40        0    71572    71623    72788 
32327 codespace ./cli kernel images/4096x40        0    72368    72420    73624 
%CPU %MEM ARGS Mon Oct  5 01:20:45 UTC 2026
 0.0  0.0 grep --color=auto ./cli       1  2160
30.3  0.8 ./cli kernel images/4096x40   1 70024
30.8  0.8 ./cli kernel images/4096x40   0 70932
31.5  0.8 ./cli kernel images/4096x40   1 72804
31.9  0.9 ./cli kernel images/4096x40   0 73788
32.2  0.9 ./cli kernel images/4096x40   1 74412
  PID User     Command                         Swap      USS      PSS      RSS 
32865 codespace /usr/bin/python3 /usr/bin/s        0    12076    12332    14588 
32329 codespace ./cli kernel images/4096x40        0    69244    69296    70508 
32331 codespace ./cli kernel images/4096x40        0    70172    70225    71444 
32325 codespace ./cli kernel images/4096x40        0    72028    72081    73248 
32323 codespace ./cli kernel images/4096x40        0    72992    73043    74208 
32327 codespace ./cli kernel images/4096x40        0    73612    73664    74868 
%CPU %MEM ARGS Mon Oct  5 01:20:46 UTC 2026
 0.0  0.0 grep --color=auto ./cli       1  2180
30.4  0.8 ./cli kernel images/4096x40   0 71212
30.9  0.8 ./cli kernel images/4096x40   0 72292
31.5  0.9 ./cli kernel images/4096x40   1 74036
31.9  0.9 ./cli kernel images/4096x40   0 75152
32.2  0.9 ./cli kernel images/4096x40   1 75640
  PID User     Command                         Swap      USS      PSS      RSS 
32871 codespace /usr/bin/python3 /usr/bin/s        0    12064    12305    14480 
32329 codespace ./cli kernel images/4096x40        0    70488    70540    71752 
32331 codespace ./cli kernel images/4096x40        0    71572    71625    72844 
32325 codespace ./cli kernel images/4096x40        0    73256    73309    74476 
32323 codespace ./cli kernel images/4096x40        0    74400    74451    75616 
32327 codespace ./cli kernel images/4096x40        0    74856    74908    76112 
%CPU %MEM ARGS Mon Oct  5 01:20:46 UTC 2026
 0.0  0.0 grep --color=auto ./cli       1  2208
30.4  0.8 ./cli kernel images/4096x40   0 72436
30.9  0.9 ./cli kernel images/4096x40   0 73512
31.6  0.9 ./cli kernel images/4096x40   1 75384
31.9  0.9 ./cli kernel images/4096x40   0 76380
32.3  0.9 ./cli kernel images/4096x40   1 76984
  PID User     Command                         Swap      USS      PSS      RSS 
32876 codespace /usr/bin/python3 /usr/bin/s        0    12060    12300    14516 
32329 codespace ./cli kernel images/4096x40        0    71680    71732    72944 
32331 codespace ./cli kernel images/4096x40        0    72764    72817    74036 
32325 codespace ./cli kernel images/4096x40        0    74796    74849    76016 
32323 codespace ./cli kernel images/4096x40        0    75604    75655    76820 
32327 codespace ./cli kernel images/4096x40        0    76392    76444    77648 
%CPU %MEM ARGS Mon Oct  5 01:20:47 UTC 2026
 0.0  0.0 grep --color=auto ./cli       1  2168
30.4  0.9 ./cli kernel images/4096x40   0 73652
30.9  0.9 ./cli kernel images/4096x40   0 74712
31.7  0.9 ./cli kernel images/4096x40   1 76924
31.9  0.9 ./cli kernel images/4096x40   0 77592
32.4  0.9 ./cli kernel images/4096x40   1 78520
  PID User     Command                         Swap      USS      PSS      RSS 
32882 codespace /usr/bin/python3 /usr/bin/s        0    12056    12274    14540 
32329 codespace ./cli kernel images/4096x40        0    72920    72970    74184 
32331 codespace ./cli kernel images/4096x40        0    73996    74046    75268 
32325 codespace ./cli kernel images/4096x40        0    76168    76218    77388 
32323 codespace ./cli kernel images/4096x40        0    76832    76881    78048 
32327 codespace ./cli kernel images/4096x40        0    77744    77793    79000 
%CPU %MEM ARGS Mon Oct  5 01:20:47 UTC 2026
 0.0  0.0 grep --color=auto ./cli       1  2296
30.3  0.9 ./cli kernel images/4096x40   1 74820
30.9  0.9 ./cli kernel images/4096x40   1 75988
31.6  0.9 ./cli kernel images/4096x40   1 78076
31.9  0.9 ./cli kernel images/4096x40   0 79008
32.3  0.9 ./cli kernel images/4096x40   1 79680
  PID User     Command                         Swap      USS      PSS      RSS 
32893 codespace /usr/bin/python3 /usr/bin/s        0    12060    12302    14476 
32329 codespace ./cli kernel images/4096x40        0    73924    73976    75188 
32331 codespace ./cli kernel images/4096x40        0    75096    75149    76368 
32325 codespace ./cli kernel images/4096x40        0    77192    77245    78412 
32323 codespace ./cli kernel images/4096x40        0    78256    78307    79472 
32327 codespace ./cli kernel images/4096x40        0    78756    78808    80012 
%CPU %MEM ARGS Mon Oct  5 01:20:48 UTC 2026
 0.0  0.0 grep --color=auto ./cli       1  2164
30.4  0.9 ./cli kernel images/4096x40   0 75968
30.8  0.9 ./cli kernel images/4096x40   1 76976
31.6  0.9 ./cli kernel images/4096x40   1 79060
32.0  0.9 ./cli kernel images/4096x40   0 80412
32.2  0.9 ./cli kernel images/4096x40   1 80648
  PID User     Command                         Swap      USS      PSS      RSS 
32905 codespace /usr/bin/python3 /usr/bin/s        0    12060    12295    14432 
32329 codespace ./cli kernel images/4096x40        0    75224    75276    76488 
32331 codespace ./cli kernel images/4096x40        0    76344    76397    77616 
32325 codespace ./cli kernel images/4096x40        0    78412    78465    79632 
32323 codespace ./cli kernel images/4096x40        0    79620    79671    80836 
32327 codespace ./cli kernel images/4096x40        0    79988    80040    81244 
%CPU %MEM ARGS Mon Oct  5 01:20:48 UTC 2026
 0.0  0.0 grep --color=auto ./cli       1  2184
30.4  0.9 ./cli kernel images/4096x40   0 77524
30.8  0.9 ./cli kernel images/4096x40   1 78296
31.5  0.9 ./cli kernel images/4096x40   1 80384
32.1  1.0 ./cli kernel images/4096x40   0 82000
32.1  1.0 ./cli kernel images/4096x40   1 81984
  PID User     Command                         Swap      USS      PSS      RSS 
32911 codespace /usr/bin/python3 /usr/bin/s        0    12080    12336    14588 
32329 codespace ./cli kernel images/4096x40        0    76920    76972    78184 
32331 codespace ./cli kernel images/4096x40        0    77564    77617    78836 
32325 codespace ./cli kernel images/4096x40        0    79604    79657    80824 
32327 codespace ./cli kernel images/4096x40        0    81196    81248    82452 
32323 codespace ./cli kernel images/4096x40        0    81340    81391    82556 
%CPU %MEM ARGS Mon Oct  5 01:20:49 UTC 2026
 0.0  0.0 grep --color=auto ./cli       0  2340
30.4  0.9 ./cli kernel images/4096x40   0 78904
30.8  0.9 ./cli kernel images/4096x40   1 79720
31.5  1.0 ./cli kernel images/4096x40   1 81788
32.1  1.0 ./cli kernel images/4096x40   0 83364
32.1  1.0 ./cli kernel images/4096x40   0 83216
  PID User     Command                         Swap      USS      PSS      RSS 
32916 codespace /usr/bin/python3 /usr/bin/s        0    12064    12311    14544 
32329 codespace ./cli kernel images/4096x40        0    78160    78212    79424 
32331 codespace ./cli kernel images/4096x40        0    78984    79037    80256 
32325 codespace ./cli kernel images/4096x40        0    81024    81077    82244 
32327 codespace ./cli kernel images/4096x40        0    82456    82508    83712 
32323 codespace ./cli kernel images/4096x40        0    82580    82631    83796 
%CPU %MEM ARGS Mon Oct  5 01:20:50 UTC 2026
 0.0  0.0 grep --color=auto ./cli       0  2344
30.5  0.9 ./cli kernel images/4096x40   0 80156
30.9  0.9 ./cli kernel images/4096x40   0 81132
31.6  1.0 ./cli kernel images/4096x40   0 83204
32.0  1.0 ./cli kernel images/4096x40   1 84452
32.1  1.0 ./cli kernel images/4096x40   0 84624
  PID User     Command                         Swap      USS      PSS      RSS 
32922 codespace /usr/bin/python3 /usr/bin/s        0    12068    12328    14568 
32329 codespace ./cli kernel images/4096x40        0    79200    79252    80464 
32331 codespace ./cli kernel images/4096x40        0    80192    80245    81464 
32325 codespace ./cli kernel images/4096x40        0    82272    82324    83492 
32323 codespace ./cli kernel images/4096x40        0    83684    83735    84900 
32327 codespace ./cli kernel images/4096x40        0    83832    83884    85088 
%CPU %MEM ARGS Mon Oct  5 01:20:50 UTC 2026
 0.0  0.0 grep --color=auto ./cli       1  2152
30.4  0.9 ./cli kernel images/4096x40   0 81152
30.8  1.0 ./cli kernel images/4096x40   0 82132
31.5  1.0 ./cli kernel images/4096x40   1 84192
32.0  1.0 ./cli kernel images/4096x40   1 85704
32.2  1.0 ./cli kernel images/4096x40   0 85940
  PID User     Command                         Swap      USS      PSS      RSS 
32930 codespace /usr/bin/python3 /usr/bin/s        0    12072    12325    14588 
32329 codespace ./cli kernel images/4096x40        0    80396    80448    81660 
32331 codespace ./cli kernel images/4096x40        0    81388    81441    82660 
32325 codespace ./cli kernel images/4096x40        0    83420    83473    84640 
32323 codespace ./cli kernel images/4096x40        0    84916    84967    86132 
32327 codespace ./cli kernel images/4096x40        0    85176    85228    86432 
%CPU %MEM ARGS Mon Oct  5 01:20:51 UTC 2026
 0.0  0.0 grep --color=auto ./cli       1  2180
30.4  1.0 ./cli kernel images/4096x40   0 82304
30.8  1.0 ./cli kernel images/4096x40   0 83280
31.6  1.0 ./cli kernel images/4096x40   1 85528
32.0  1.0 ./cli kernel images/4096x40   1 87048
32.1  1.0 ./cli kernel images/4096x40   1 87100
  PID User     Command                         Swap      USS      PSS      RSS 
32939 codespace /usr/bin/python3 /usr/bin/s        0    12056    12296    14508 
32329 codespace ./cli kernel images/4096x40        0    82576    82628    83840 
32331 codespace ./cli kernel images/4096x40        0    82704    82757    83976 
32325 codespace ./cli kernel images/4096x40        0    84792    84845    86012 
32323 codespace ./cli kernel images/4096x40        0    86304    86355    87520 
32327 codespace ./cli kernel images/4096x40        0    86352    86404    87608 
%CPU %MEM ARGS Mon Oct  5 01:20:51 UTC 2026
 0.0  0.0 grep --color=auto ./cli       1  2200
30.6  1.0 ./cli kernel images/4096x40   1 84500
30.7  1.0 ./cli kernel images/4096x40   0 84580
31.5  1.0 ./cli kernel images/4096x40   1 87136
31.8  1.0 ./cli kernel images/4096x40   0 88196
31.9  1.0 ./cli kernel images/4096x40   0 88292
  PID User     Command                         Swap      USS      PSS      RSS 
32963 codespace /usr/bin/python3 /usr/bin/s        0    12048    12289    14464 
32329 codespace ./cli kernel images/4096x40        0    83760    83812    85024 
32331 codespace ./cli kernel images/4096x40        0    83864    83917    85136 
32325 codespace ./cli kernel images/4096x40        0    86388    86440    87608 
32323 codespace ./cli kernel images/4096x40        0    87592    87643    88808 
32327 codespace ./cli kernel images/4096x40        0    87708    87760    88964 
%CPU %MEM ARGS Mon Oct  5 01:20:52 UTC 2026
 0.0  0.0 grep --color=auto ./cli       1  2308
30.6  1.0 ./cli kernel images/4096x40   1 85740
30.7  1.0 ./cli kernel images/4096x40   1 85812
31.5  1.0 ./cli kernel images/4096x40   1 88368
31.9  1.1 ./cli kernel images/4096x40   0 89772
32.0  1.1 ./cli kernel images/4096x40   0 89864
  PID User     Command                         Swap      USS      PSS      RSS 
32969 codespace /usr/bin/python3 /usr/bin/s        0    12060    12303    14476 
32329 codespace ./cli kernel images/4096x40        0    84952    85004    86216 
32331 codespace ./cli kernel images/4096x40        0    85052    85105    86324 
32325 codespace ./cli kernel images/4096x40        0    87612    87664    88832 
32323 codespace ./cli kernel images/4096x40        0    88992    89043    90208 
32327 codespace ./cli kernel images/4096x40        0    89104    89156    90360 
%CPU %MEM ARGS Mon Oct  5 01:20:52 UTC 2026
 0.0  0.0 grep --color=auto ./cli       0  2184
30.6  1.0 ./cli kernel images/4096x40   0 86800
30.6  1.0 ./cli kernel images/4096x40   0 86880
31.5  1.0 ./cli kernel images/4096x40   1 89452
31.9  1.1 ./cli kernel images/4096x40   0 90840
32.0  1.1 ./cli kernel images/4096x40   1 91056
  PID User     Command                         Swap      USS      PSS      RSS 
32984 codespace /usr/bin/python3 /usr/bin/s        0    12052    12293    14468 
32329 codespace ./cli kernel images/4096x40        0    85940    85992    87204 
32331 codespace ./cli kernel images/4096x40        0    86044    86097    87316 
32325 codespace ./cli kernel images/4096x40        0    88732    88784    89952 
32323 codespace ./cli kernel images/4096x40        0    90064    90115    91280 
32327 codespace ./cli kernel images/4096x40        0    90320    90372    91576 
%CPU %MEM ARGS Mon Oct  5 01:20:53 UTC 2026
 0.0  0.0 grep --color=auto ./cli       0  2204
30.5  1.0 ./cli kernel images/4096x40   0 88000
30.5  1.0 ./cli kernel images/4096x40   1 87948
31.4  1.1 ./cli kernel images/4096x40   0 90712
31.8  1.1 ./cli kernel images/4096x40   0 92020
31.9  1.1 ./cli kernel images/4096x40   1 92260
  PID User     Command                         Swap      USS      PSS      RSS 
32997 codespace /usr/bin/python3 /usr/bin/s        0    12060    12296    14516 
32331 codespace ./cli kernel images/4096x40        0    87208    87261    88480 
32329 codespace ./cli kernel images/4096x40        0    87240    87292    88504 
32325 codespace ./cli kernel images/4096x40        0    89952    90004    91172 
32323 codespace ./cli kernel images/4096x40        0    91240    91291    92456 
32327 codespace ./cli kernel images/4096x40        0    91488    91540    92744 
%CPU %MEM ARGS Mon Oct  5 01:20:54 UTC 2026
 0.0  0.0 grep --color=auto ./cli       0  2156
30.4  1.0 ./cli kernel images/4096x40   1 89016
30.5  1.0 ./cli kernel images/4096x40   1 89052
31.5  1.1 ./cli kernel images/4096x40   0 92256
31.7  1.1 ./cli kernel images/4096x40   1 93048
31.9  1.1 ./cli kernel images/4096x40   1 93364
  PID User     Command                         Swap      USS      PSS      RSS 
33003 codespace /usr/bin/python3 /usr/bin/s        0    12060    12297    14516 
32329 codespace ./cli kernel images/4096x40        0    88136    88188    89400 
32331 codespace ./cli kernel images/4096x40        0    88272    88325    89544 
32325 codespace ./cli kernel images/4096x40        0    91480    91533    92700 
32323 codespace ./cli kernel images/4096x40        0    92164    92215    93380 
32327 codespace ./cli kernel images/4096x40        0    92472    92524    93728 
%CPU %MEM ARGS Mon Oct  5 01:20:54 UTC 2026
 0.0  0.0 grep --color=auto ./cli       1  2172
30.4  1.1 ./cli kernel images/4096x40   0 90096
30.6  1.1 ./cli kernel images/4096x40   0 90600
31.5  1.1 ./cli kernel images/4096x40   0 93312
31.7  1.1 ./cli kernel images/4096x40   1 94068
31.8  1.1 ./cli kernel images/4096x40   1 94384
  PID User     Command                         Swap      USS      PSS      RSS 
33008 codespace /usr/bin/python3 /usr/bin/s        0    12060    12307    14536 
32329 codespace ./cli kernel images/4096x40        0    89368    89420    90632 
32331 codespace ./cli kernel images/4096x40        0    89888    89941    91160 
32325 codespace ./cli kernel images/4096x40        0    92564    92617    93784 
32323 codespace ./cli kernel images/4096x40        0    93284    93335    94500 
32327 codespace ./cli kernel images/4096x40        0    93608    93660    94864 
%CPU %MEM ARGS Mon Oct  5 01:20:55 UTC 2026
 0.0  0.0 grep --color=auto ./cli       1  2200
30.4  1.1 ./cli kernel images/4096x40   1 91200
30.6  1.1 ./cli kernel images/4096x40   0 91756
31.5  1.1 ./cli kernel images/4096x40   1 94484
31.7  1.1 ./cli kernel images/4096x40   1 95336
31.8  1.1 ./cli kernel images/4096x40   1 95644
  PID User     Command                         Swap      USS      PSS      RSS 
33014 codespace /usr/bin/python3 /usr/bin/s        0    12068    12329    14624 
32329 codespace ./cli kernel images/4096x40        0    90244    90296    91508 
32331 codespace ./cli kernel images/4096x40        0    91032    91085    92304 
32325 codespace ./cli kernel images/4096x40        0    93528    93581    94748 
32323 codespace ./cli kernel images/4096x40        0    94368    94419    95584 
32327 codespace ./cli kernel images/4096x40        0    94668    94720    95924 
%CPU %MEM ARGS Mon Oct  5 01:20:55 UTC 2026
 0.0  0.0 grep --color=auto ./cli       1  2180
30.4  1.1 ./cli kernel images/4096x40   0 92328
30.7  1.1 ./cli kernel images/4096x40   0 93172
31.4  1.1 ./cli kernel images/4096x40   1 95416
31.6  1.1 ./cli kernel images/4096x40   1 96276
31.8  1.1 ./cli kernel images/4096x40   1 96572
  PID User     Command                         Swap      USS      PSS      RSS 
33019 codespace /usr/bin/python3 /usr/bin/s        0    12060    12307    14544 
32329 codespace ./cli kernel images/4096x40        0    91520    91572    92784 
32331 codespace ./cli kernel images/4096x40        0    92436    92489    93708 
32325 codespace ./cli kernel images/4096x40        0    94644    94697    95864 
32323 codespace ./cli kernel images/4096x40        0    95488    95539    96704 
32327 codespace ./cli kernel images/4096x40        0    95808    95860    97064 
%CPU %MEM ARGS Mon Oct  5 01:20:56 UTC 2026
 0.0  0.0 grep --color=auto ./cli       0  2304
30.5  1.1 ./cli kernel images/4096x40   0 93640
30.8  1.1 ./cli kernel images/4096x40   0 94524
31.4  1.1 ./cli kernel images/4096x40   1 96572
31.6  1.1 ./cli kernel images/4096x40   1 97432
31.8  1.2 ./cli kernel images/4096x40   1 97752
  PID User     Command                         Swap      USS      PSS      RSS 
33026 codespace /usr/bin/python3 /usr/bin/s        0    12052    12289    14472 
32329 codespace ./cli kernel images/4096x40        0    92828    92880    94092 
32331 codespace ./cli kernel images/4096x40        0    93788    93841    95060 
32325 codespace ./cli kernel images/4096x40        0    95848    95901    97068 
32323 codespace ./cli kernel images/4096x40        0    96680    96731    97896 
32327 codespace ./cli kernel images/4096x40        0    97004    97056    98260 
%CPU %MEM ARGS Mon Oct  5 01:20:56 UTC 2026
 0.0  0.0 grep --color=auto ./cli       1  2176
30.5  1.1 ./cli kernel images/4096x40   1 94792
30.9  1.1 ./cli kernel images/4096x40   0 95936
31.5  1.2 ./cli kernel images/4096x40   0 98004
31.6  1.2 ./cli kernel images/4096x40   1 98684
31.8  1.2 ./cli kernel images/4096x40   1 98992
  PID User     Command                         Swap      USS      PSS      RSS 
33036 codespace /usr/bin/python3 /usr/bin/s        0    12060    12306    14536 
32329 codespace ./cli kernel images/4096x40        0    93976    94028    95240 
32331 codespace ./cli kernel images/4096x40        0    95196    95249    96468 
32325 codespace ./cli kernel images/4096x40        0    97192    97245    98412 
32323 codespace ./cli kernel images/4096x40        0    97876    97927    99092 
32327 codespace ./cli kernel images/4096x40        0    98172    98224    99428 
%CPU %MEM ARGS Mon Oct  5 01:20:57 UTC 2026
 0.0  0.0 grep --color=auto ./cli       1  2176
30.5  1.1 ./cli kernel images/4096x40   0 96044
31.0  1.1 ./cli kernel images/4096x40   0 97360
31.4  1.2 ./cli kernel images/4096x40   1 99080
31.6  1.2 ./cli kernel images/4096x40   1 99776
31.8  1.2 ./cli kernel images/4096x40   1 100060
  PID User     Command                         Swap      USS      PSS      RSS 
33042 codespace /usr/bin/python3 /usr/bin/s        0    12068    12325    14568 
32329 codespace ./cli kernel images/4096x40        0    95176    95228    96440 
32331 codespace ./cli kernel images/4096x40        0    96628    96681    97900 
32325 codespace ./cli kernel images/4096x40        0    98264    98316    99484 
32323 codespace ./cli kernel images/4096x40        0    98940    98991   100156 
32327 codespace ./cli kernel images/4096x40        0    99236    99288   100492 
%CPU %MEM ARGS Mon Oct  5 01:20:57 UTC 2026
 0.0  0.0 grep --color=auto ./cli       0  2204
30.5  1.1 ./cli kernel images/4096x40   0 97264
31.1  1.2 ./cli kernel images/4096x40   0 98732
31.4  1.2 ./cli kernel images/4096x40   1 100184
31.6  1.2 ./cli kernel images/4096x40   1 100888
31.7  1.2 ./cli kernel images/4096x40   1 101176
  PID User     Command                         Swap      USS      PSS      RSS 
33047 codespace /usr/bin/python3 /usr/bin/s        0    12060    12302    14516 
32329 codespace ./cli kernel images/4096x40        0    96500    96552    97764 
32331 codespace ./cli kernel images/4096x40        0    98016    98069    99288 
32325 codespace ./cli kernel images/4096x40        0    99468    99521   100688 
32323 codespace ./cli kernel images/4096x40        0   100100   100151   101316 
32327 codespace ./cli kernel images/4096x40        0   100448   100500   101704 
%CPU %MEM ARGS Mon Oct  5 01:20:58 UTC 2026
 0.0  0.0 grep --color=auto ./cli       1  2200
30.5  1.2 ./cli kernel images/4096x40   0 98488
31.0  1.2 ./cli kernel images/4096x40   1 99964
31.4  1.2 ./cli kernel images/4096x40   1 101448
31.6  1.2 ./cli kernel images/4096x40   0 102112
31.7  1.2 ./cli kernel images/4096x40   1 102452
  PID User     Command                         Swap      USS      PSS      RSS 
33056 codespace /usr/bin/python3 /usr/bin/s        0    12064    12325    14620 
32329 codespace ./cli kernel images/4096x40        0    97780    97832    99044 
32331 codespace ./cli kernel images/4096x40        0    99208    99261   100480 
32325 codespace ./cli kernel images/4096x40        0   100720   100773   101940 
32323 codespace ./cli kernel images/4096x40        0   101436   101484   102652 
32327 codespace ./cli kernel images/4096x40        0   101852   101904   103108 
%CPU %MEM ARGS Mon Oct  5 01:20:58 UTC 2026
 0.0  0.0 grep --color=auto ./cli       1  2172
30.5  1.2 ./cli kernel images/4096x40   0 99644
30.9  1.2 ./cli kernel images/4096x40   0 100976
31.3  1.2 ./cli kernel images/4096x40   1 102520
31.6  1.2 ./cli kernel images/4096x40   0 103800
31.7  1.2 ./cli kernel images/4096x40   1 103632
  PID User     Command                         Swap      USS      PSS      RSS 
33069 codespace /usr/bin/python3 /usr/bin/s        0    12060    12321    14568 
32329 codespace ./cli kernel images/4096x40        0    99512    99564   100776 
32331 codespace ./cli kernel images/4096x40        0   100408   100461   101680 
32325 codespace ./cli kernel images/4096x40        0   101780   101832   103000 
32327 codespace ./cli kernel images/4096x40        0   102884   102936   104140 
32323 codespace ./cli kernel images/4096x40        0   103064   103115   104280 
%CPU %MEM ARGS Mon Oct  5 01:20:59 UTC 2026
 0.0  0.0 grep --color=auto ./cli       1  2196
30.5  1.2 ./cli kernel images/4096x40   1 101468
30.9  1.2 ./cli kernel images/4096x40   0 102540
31.2  1.2 ./cli kernel images/4096x40   1 103780
31.6  1.2 ./cli kernel images/4096x40   1 105096
31.6  1.2 ./cli kernel images/4096x40   0 105072
  PID User     Command                         Swap      USS      PSS      RSS 
33080 codespace /usr/bin/python3 /usr/bin/s        0    12064    12325    14572 
32329 codespace ./cli kernel images/4096x40        0   100740   100792   102004 
32331 codespace ./cli kernel images/4096x40        0   101824   101877   103096 
32325 codespace ./cli kernel images/4096x40        0   103028   103080   104248 
32323 codespace ./cli kernel images/4096x40        0   104308   104359   105524 
32327 codespace ./cli kernel images/4096x40        0   104316   104368   105572 
%CPU %MEM ARGS Mon Oct  5 01:21:00 UTC 2026
 0.0  0.0 grep --color=auto ./cli       0  2144
30.6  1.2 ./cli kernel images/4096x40   1 102704
31.0  1.2 ./cli kernel images/4096x40   0 103940
31.2  1.2 ./cli kernel images/4096x40   1 105004
31.5  1.3 ./cli kernel images/4096x40   1 106308
31.6  1.3 ./cli kernel images/4096x40   0 106468
  PID User     Command                         Swap      USS      PSS      RSS 
33086 codespace /usr/bin/python3 /usr/bin/s        0    12060    12297    14516 
32329 codespace ./cli kernel images/4096x40        0   101816   101868   103080 
32331 codespace ./cli kernel images/4096x40        0   103036   103089   104308 
32325 codespace ./cli kernel images/4096x40        0   104096   104149   105316 
32323 codespace ./cli kernel images/4096x40        0   105404   105455   106620 
32327 codespace ./cli kernel images/4096x40        0   105708   105760   106964 
%CPU %MEM ARGS Mon Oct  5 01:21:00 UTC 2026
 0.0  0.0 grep --color=auto ./cli       0  2164
30.5  1.2 ./cli kernel images/4096x40   1 103684
30.9  1.2 ./cli kernel images/4096x40   1 104896
31.2  1.3 ./cli kernel images/4096x40   0 106156
31.5  1.3 ./cli kernel images/4096x40   1 107312
31.8  1.3 ./cli kernel images/4096x40   0 108096
  PID User     Command                         Swap      USS      PSS      RSS 
33091 codespace /usr/bin/python3 /usr/bin/s        0    12048    12299    14516 
32329 codespace ./cli kernel images/4096x40        0   102972   103024   104236 
32331 codespace ./cli kernel images/4096x40        0   104204   104257   105476 
32325 codespace ./cli kernel images/4096x40        0   105512   105564   106732 
32323 codespace ./cli kernel images/4096x40        0   106548   106599   107764 
32327 codespace ./cli kernel images/4096x40        0   107456   107508   108712 
%CPU %MEM ARGS Mon Oct  5 01:21:01 UTC 2026
 0.0  0.0 grep --color=auto ./cli       0  2300
30.5  1.2 ./cli kernel images/4096x40   1 104944
30.9  1.3 ./cli kernel images/4096x40   1 106152
31.3  1.3 ./cli kernel images/4096x40   0 107916
31.5  1.3 ./cli kernel images/4096x40   1 108568
31.9  1.3 ./cli kernel images/4096x40   0 109848
  PID User     Command                         Swap      USS      PSS      RSS 
33097 codespace /usr/bin/python3 /usr/bin/s        0    12060    12311    14536 
32329 codespace ./cli kernel images/4096x40        0   104200   104252   105464 
32331 codespace ./cli kernel images/4096x40        0   105516   105569   106788 
32325 codespace ./cli kernel images/4096x40        0   107464   107514   108684 
32323 codespace ./cli kernel images/4096x40        0   107780   107831   108996 
32327 codespace ./cli kernel images/4096x40        0   109072   109124   110328 
%CPU %MEM ARGS Mon Oct  5 01:21:02 UTC 2026
 0.0  0.0 grep --color=auto ./cli       0  2296
30.4  1.3 ./cli kernel images/4096x40   1 106140
30.8  1.3 ./cli kernel images/4096x40   0 107548
31.3  1.3 ./cli kernel images/4096x40   1 109748
31.3  1.3 ./cli kernel images/4096x40   0 109712
31.7  1.3 ./cli kernel images/4096x40   1 111012
  PID User     Command                         Swap      USS      PSS      RSS 
33128 codespace /usr/bin/python3 /usr/bin/s        0    12052    12291    14468 
32329 codespace ./cli kernel images/4096x40        0   105384   105436   106648 
32331 codespace ./cli kernel images/4096x40        0   106820   106873   108092 
32325 codespace ./cli kernel images/4096x40        0   108952   109005   110172 
32323 codespace ./cli kernel images/4096x40        0   109132   109183   110348 
32327 codespace ./cli kernel images/4096x40        0   110412   110464   111668 
%CPU %MEM ARGS Mon Oct  5 01:21:02 UTC 2026
 0.0  0.0 grep --color=auto ./cli       0  2152
30.3  1.3 ./cli kernel images/4096x40   0 107368
30.8  1.3 ./cli kernel images/4096x40   0 108788
31.3  1.3 ./cli kernel images/4096x40   0 110964
31.4  1.3 ./cli kernel images/4096x40   1 111476
31.8  1.3 ./cli kernel images/4096x40   1 112740
  PID User     Command                         Swap      USS      PSS      RSS 
33133 codespace /usr/bin/python3 /usr/bin/s        0    12060    12307    14536 
32329 codespace ./cli kernel images/4096x40        0   106636   106688   107900 
32331 codespace ./cli kernel images/4096x40        0   108084   108137   109356 
32325 codespace ./cli kernel images/4096x40        0   110216   110269   111436 
32323 codespace ./cli kernel images/4096x40        0   110688   110739   111904 
32327 codespace ./cli kernel images/4096x40        0   111960   112012   113216 
%CPU %MEM ARGS Mon Oct  5 01:21:03 UTC 2026
 0.0  0.0 grep --color=auto ./cli       1  2212
30.3  1.3 ./cli kernel images/4096x40   0 108620
30.8  1.3 ./cli kernel images/4096x40   0 110048
31.3  1.3 ./cli kernel images/4096x40   0 112228
31.5  1.3 ./cli kernel images/4096x40   1 112936
31.9  1.4 ./cli kernel images/4096x40   1 114192
  PID User     Command                         Swap      USS      PSS      RSS 
33139 codespace /usr/bin/python3 /usr/bin/s        0    12060    12302    14476 
32329 codespace ./cli kernel images/4096x40        0   107932   107984   109196 
32331 codespace ./cli kernel images/4096x40        0   109400   109453   110672 
32325 codespace ./cli kernel images/4096x40        0   111524   111577   112744 
32323 codespace ./cli kernel images/4096x40        0   112144   112195   113360 
32327 codespace ./cli kernel images/4096x40        0   113460   113512   114716 
%CPU %MEM ARGS Mon Oct  5 01:21:03 UTC 2026
 0.0  0.0 grep --color=auto ./cli       0  2344
30.4  1.3 ./cli kernel images/4096x40   0 109988
30.8  1.3 ./cli kernel images/4096x40   1 111468
31.3  1.3 ./cli kernel images/4096x40   0 113592
31.5  1.4 ./cli kernel images/4096x40   1 114440
31.9  1.4 ./cli kernel images/4096x40   0 115552
  PID User     Command                         Swap      USS      PSS      RSS 
33144 codespace /usr/bin/python3 /usr/bin/s        0    12064    12289    14584 
32329 codespace ./cli kernel images/4096x40        0   109296   109346   110560 
32331 codespace ./cli kernel images/4096x40        0   110788   110838   112060 
32325 codespace ./cli kernel images/4096x40        0   112888   112938   114108 
32323 codespace ./cli kernel images/4096x40        0   113668   113716   114884 
32327 codespace ./cli kernel images/4096x40        0   114832   114881   116088 
%CPU %MEM ARGS Mon Oct  5 01:21:04 UTC 2026
 0.0  0.0 grep --color=auto ./cli       1  2296
30.3  1.3 ./cli kernel images/4096x40   1 111180
30.7  1.3 ./cli kernel images/4096x40   1 112612
31.3  1.4 ./cli kernel images/4096x40   1 115004
31.4  1.4 ./cli kernel images/4096x40   1 115592
31.9  1.4 ./cli kernel images/4096x40   0 117348
  PID User     Command                         Swap      USS      PSS      RSS 
33156 codespace /usr/bin/python3 /usr/bin/s        0    12052    12265    14468 
32329 codespace ./cli kernel images/4096x40        0   110244   110290   111508 
32331 codespace ./cli kernel images/4096x40        0   111688   111735   112960 
32325 codespace ./cli kernel images/4096x40        0   114084   114135   115304 
32323 codespace ./cli kernel images/4096x40        0   114636   114686   115852 
32327 codespace ./cli kernel images/4096x40        0   116652   116699   117908 
%CPU %MEM ARGS Mon Oct  5 01:21:05 UTC 2026
 0.0  0.0 grep --color=auto ./cli       1  2192
30.3  1.3 ./cli kernel images/4096x40   0 112156
30.7  1.3 ./cli kernel images/4096x40   1 113512
31.2  1.4 ./cli kernel images/4096x40   1 115904
31.3  1.4 ./cli kernel images/4096x40   1 116492
32.1  1.4 ./cli kernel images/4096x40   0 119048
  PID User     Command                         Swap      USS      PSS      RSS 
33168 codespace /usr/bin/python3 /usr/bin/s        0    12072    12332    14572 
32329 codespace ./cli kernel images/4096x40        0   111428   111480   112692 
32331 codespace ./cli kernel images/4096x40        0   112788   112841   114060 
32325 codespace ./cli kernel images/4096x40        0   115140   115192   116360 
32323 codespace ./cli kernel images/4096x40        0   115708   115759   116924 
32327 codespace ./cli kernel images/4096x40        0   118268   118320   119524 
%CPU %MEM ARGS Mon Oct  5 01:21:05 UTC 2026
 0.0  0.0 grep --color=auto ./cli       1  2160
30.3  1.3 ./cli kernel images/4096x40   1 113388
30.7  1.4 ./cli kernel images/4096x40   0 114976
31.3  1.4 ./cli kernel images/4096x40   0 117388
31.3  1.4 ./cli kernel images/4096x40   1 117840
32.1  1.4 ./cli kernel images/4096x40   1 120352
  PID User     Command                         Swap      USS      PSS      RSS 
33173 codespace /usr/bin/python3 /usr/bin/s        0    12060    12299    14476 
32329 codespace ./cli kernel images/4096x40        0   112652   112704   113916 
32331 codespace ./cli kernel images/4096x40        0   114320   114373   115592 
32325 codespace ./cli kernel images/4096x40        0   116684   116737   117904 
32323 codespace ./cli kernel images/4096x40        0   117044   117095   118260 
32327 codespace ./cli kernel images/4096x40        0   119604   119656   120860 
%CPU %MEM ARGS Mon Oct  5 01:21:06 UTC 2026
 0.0  0.0 grep --color=auto ./cli       0  2248
30.3  1.4 ./cli kernel images/4096x40   1 114636
30.8  1.4 ./cli kernel images/4096x40   0 116496
31.4  1.4 ./cli kernel images/4096x40   1 119072
31.4  1.4 ./cli kernel images/4096x40   0 118904
32.1  1.4 ./cli kernel images/4096x40   1 121608
  PID User     Command                         Swap      USS      PSS      RSS 
33179 codespace /usr/bin/python3 /usr/bin/s        0    12060    12299    14476 
32329 codespace ./cli kernel images/4096x40        0   113932   113984   115196 
32331 codespace ./cli kernel images/4096x40        0   115836   115889   117108 
32325 codespace ./cli kernel images/4096x40        0   118196   118249   119416 
32323 codespace ./cli kernel images/4096x40        0   118312   118363   119528 
32327 codespace ./cli kernel images/4096x40        0   120868   120920   122124 
%CPU %MEM ARGS Mon Oct  5 01:21:06 UTC 2026
 0.0  0.0 grep --color=auto ./cli       0  2340
30.3  1.4 ./cli kernel images/4096x40   0 115872
30.8  1.4 ./cli kernel images/4096x40   1 117740
31.3  1.4 ./cli kernel images/4096x40   1 120296
31.5  1.4 ./cli kernel images/4096x40   0 120644
32.1  1.5 ./cli kernel images/4096x40   1 122832
  PID User     Command                         Swap      USS      PSS      RSS 
33184 codespace /usr/bin/python3 /usr/bin/s        0    12064    12304    14520 
32329 codespace ./cli kernel images/4096x40        0   115228   115280   116492 
32331 codespace ./cli kernel images/4096x40        0   117036   117089   118308 
32323 codespace ./cli kernel images/4096x40        0   119472   119523   120688 
32325 codespace ./cli kernel images/4096x40        0   119960   120013   121180 
32327 codespace ./cli kernel images/4096x40        0   122076   122128   123332 
%CPU %MEM ARGS Mon Oct  5 01:21:07 UTC 2026
 0.0  0.0 grep --color=auto ./cli       1  2184
30.3  1.4 ./cli kernel images/4096x40   0 117396
30.8  1.4 ./cli kernel images/4096x40   1 119000
31.3  1.4 ./cli kernel images/4096x40   1 121528
31.6  1.5 ./cli kernel images/4096x40   0 122144
32.0  1.5 ./cli kernel images/4096x40   1 124084
  PID User     Command                         Swap      USS      PSS      RSS 
33190 codespace /usr/bin/python3 /usr/bin/s        0    12076    12333    14624 
32329 codespace ./cli kernel images/4096x40        0   116668   116720   117932 
32331 codespace ./cli kernel images/4096x40        0   118380   118433   119652 
32323 codespace ./cli kernel images/4096x40        0   120804   120852   122020 
32325 codespace ./cli kernel images/4096x40        0   121408   121455   122628 
32327 codespace ./cli kernel images/4096x40        0   123392   123439   124648 
%CPU %MEM ARGS Mon Oct  5 01:21:07 UTC 2026
 0.0  0.0 grep --color=auto ./cli       0  2288
30.4  1.4 ./cli kernel images/4096x40   0 119004
30.8  1.4 ./cli kernel images/4096x40   1 120184
31.4  1.5 ./cli kernel images/4096x40   0 122948
31.5  1.5 ./cli kernel images/4096x40   1 123236
32.0  1.5 ./cli kernel images/4096x40   1 125264
  PID User     Command                         Swap      USS      PSS      RSS 
33201 codespace /usr/bin/python3 /usr/bin/s        0    12072    12312    14488 
32329 codespace ./cli kernel images/4096x40        0   118288   118340   119552 
32331 codespace ./cli kernel images/4096x40        0   119508   119561   120780 
32323 codespace ./cli kernel images/4096x40        0   122168   122219   123384 
32325 codespace ./cli kernel images/4096x40        0   122516   122569   123736 
32327 codespace ./cli kernel images/4096x40        0   124536   124588   125792 
%CPU %MEM ARGS Mon Oct  5 01:21:08 UTC 2026
 0.0  0.0 grep --color=auto ./cli       1  2184
30.5  1.4 ./cli kernel images/4096x40   0 120512
30.8  1.4 ./cli kernel images/4096x40   1 121492
31.4  1.5 ./cli kernel images/4096x40   0 124456
31.5  1.5 ./cli kernel images/4096x40   1 124544
32.0  1.5 ./cli kernel images/4096x40   1 126572
  PID User     Command                         Swap      USS      PSS      RSS 
33207 codespace /usr/bin/python3 /usr/bin/s        0    12060    12307    14544 
32329 codespace ./cli kernel images/4096x40        0   119720   119772   120984 
32331 codespace ./cli kernel images/4096x40        0   120708   120761   121980 
32323 codespace ./cli kernel images/4096x40        0   123696   123747   124912 
32325 codespace ./cli kernel images/4096x40        0   123772   123825   124992 
32327 codespace ./cli kernel images/4096x40        0   125780   125832   127036 
%CPU %MEM ARGS Mon Oct  5 01:21:08 UTC 2026
 0.0  0.0 grep --color=auto ./cli       0  2288
30.6  1.4 ./cli kernel images/4096x40   0 121892
30.8  1.5 ./cli kernel images/4096x40   1 122608
31.5  1.5 ./cli kernel images/4096x40   0 125996
31.5  1.5 ./cli kernel images/4096x40   1 125672
32.0  1.5 ./cli kernel images/4096x40   1 127704
  PID User     Command                         Swap      USS      PSS      RSS 
33212 codespace /usr/bin/python3 /usr/bin/s        0    12064    12312    14512 
32329 codespace ./cli kernel images/4096x40        0   121180   121232   122444 
32331 codespace ./cli kernel images/4096x40        0   121956   122009   123228 
32325 codespace ./cli kernel images/4096x40        0   124956   125009   126176 
32323 codespace ./cli kernel images/4096x40        0   125244   125295   126460 
32327 codespace ./cli kernel images/4096x40        0   126988   127040   128244 
%CPU %MEM ARGS Mon Oct  5 01:21:09 UTC 2026
 0.0  0.0 grep --color=auto ./cli       1  2168
30.5  1.5 ./cli kernel images/4096x40   1 123064
30.8  1.5 ./cli kernel images/4096x40   1 124092
31.4  1.5 ./cli kernel images/4096x40   0 127152
31.5  1.5 ./cli kernel images/4096x40   1 127168
31.9  1.5 ./cli kernel images/4096x40   0 128872
  PID User     Command                         Swap      USS      PSS      RSS 
33218 codespace /usr/bin/python3 /usr/bin/s        0    12056    12291    14500 
32329 codespace ./cli kernel images/4096x40        0   122340   122392   123604 
32331 codespace ./cli kernel images/4096x40        0   123376   123429   124648 
32323 codespace ./cli kernel images/4096x40        0   126412   126461   127628 
32325 codespace ./cli kernel images/4096x40        0   126416   126466   127636 
32327 codespace ./cli kernel images/4096x40        0   128156   128205   129412 
%CPU %MEM ARGS Mon Oct  5 01:21:10 UTC 2026
 0.0  0.0 grep --color=auto ./cli       1  2180
30.6  1.5 ./cli kernel images/4096x40   0 124480
30.8  1.5 ./cli kernel images/4096x40   1 125512
31.4  1.5 ./cli kernel images/4096x40   0 128260
31.5  1.5 ./cli kernel images/4096x40   0 128624
31.9  1.5 ./cli kernel images/4096x40   0 129996
  PID User     Command                         Swap      USS      PSS      RSS 
33230 codespace /usr/bin/python3 /usr/bin/s        0    12060    12301    14476 
32329 codespace ./cli kernel images/4096x40        0   123728   123780   124992 
32331 codespace ./cli kernel images/4096x40        0   124888   124941   126160 
32325 codespace ./cli kernel images/4096x40        0   127520   127573   128740 
32323 codespace ./cli kernel images/4096x40        0   127768   127814   128984 
32327 codespace ./cli kernel images/4096x40        0   129256   129308   130512 
%CPU %MEM ARGS Mon Oct  5 01:21:10 UTC 2026
 0.0  0.0 grep --color=auto ./cli       1  2300
30.6  1.5 ./cli kernel images/4096x40   0 125864
30.8  1.5 ./cli kernel images/4096x40   1 126804
31.4  1.5 ./cli kernel images/4096x40   1 129780
31.4  1.5 ./cli kernel images/4096x40   0 129672
31.8  1.6 ./cli kernel images/4096x40   1 131192
  PID User     Command                         Swap      USS      PSS      RSS 
33241 codespace /usr/bin/python3 /usr/bin/s        0    12060    12300    14476 
32329 codespace ./cli kernel images/4096x40        0   125168   125220   126432 
32331 codespace ./cli kernel images/4096x40        0   126132   126185   127404 
32323 codespace ./cli kernel images/4096x40        0   128948   128999   130164 
32325 codespace ./cli kernel images/4096x40        0   128948   129002   130168 
32327 codespace ./cli kernel images/4096x40        0   130416   130468   131672 
%CPU %MEM ARGS Mon Oct  5 01:21:11 UTC 2026
 0.0  0.0 grep --color=auto ./cli       0  2212
30.6  1.5 ./cli kernel images/4096x40   0 127412
30.8  1.5 ./cli kernel images/4096x40   1 128168
31.4  1.6 ./cli kernel images/4096x40   1 130968
31.4  1.6 ./cli kernel images/4096x40   0 131228
31.8  1.6 ./cli kernel images/4096x40   1 132572
  PID User     Command                         Swap      USS      PSS      RSS 
33247 codespace /usr/bin/python3 /usr/bin/s        0    12060    12300    14516 
32329 codespace ./cli kernel images/4096x40        0   126692   126744   127956 
32331 codespace ./cli kernel images/4096x40        0   127524   127577   128796 
32325 codespace ./cli kernel images/4096x40        0   130228   130281   131448 
32323 codespace ./cli kernel images/4096x40        0   130460   130511   131676 
32327 codespace ./cli kernel images/4096x40        0   131844   131896   133100 
%CPU %MEM ARGS Mon Oct  5 01:21:11 UTC 2026
 0.0  0.0 grep --color=auto ./cli       0  2168
30.6  1.5 ./cli kernel images/4096x40   0 128684
30.8  1.5 ./cli kernel images/4096x40   1 129440
31.4  1.6 ./cli kernel images/4096x40   0 132516
31.4  1.6 ./cli kernel images/4096x40   0 132220
31.8  1.6 ./cli kernel images/4096x40   1 133848
  PID User     Command                         Swap      USS      PSS      RSS 
33252 codespace /usr/bin/python3 /usr/bin/s        0    12052    12287    14472 
32329 codespace ./cli kernel images/4096x40        0   127972   128024   129236 
32331 codespace ./cli kernel images/4096x40        0   129000   129053   130272 
32325 codespace ./cli kernel images/4096x40        0   131468   131521   132688 
32323 codespace ./cli kernel images/4096x40        0   131736   131787   132952 
32327 codespace ./cli kernel images/4096x40        0   133104   133156   134360 
%CPU %MEM ARGS Mon Oct  5 01:21:12 UTC 2026
 0.0  0.0 grep --color=auto ./cli       0  2176
30.5  1.5 ./cli kernel images/4096x40   0 129976
30.9  1.6 ./cli kernel images/4096x40   0 131120
31.4  1.6 ./cli kernel images/4096x40   0 133492
31.4  1.6 ./cli kernel images/4096x40   0 133804
31.7  1.6 ./cli kernel images/4096x40   1 135304
  PID User     Command                         Swap      USS      PSS      RSS 
33276 codespace /usr/bin/python3 /usr/bin/s        0    12060    12307    14540 
32329 codespace ./cli kernel images/4096x40        0   129224   129276   130488 
32331 codespace ./cli kernel images/4096x40        0   130364   130417   131636 
32325 codespace ./cli kernel images/4096x40        0   132700   132753   133920 
32323 codespace ./cli kernel images/4096x40        0   132976   133027   134192 
32327 codespace ./cli kernel images/4096x40        0   134544   134596   135800 
%CPU %MEM ARGS Mon Oct  5 01:21:13 UTC 2026
 0.0  0.0 grep --color=auto ./cli       1  2168
30.5  1.6 ./cli kernel images/4096x40   0 131228
30.9  1.6 ./cli kernel images/4096x40   1 132532
31.3  1.6 ./cli kernel images/4096x40   0 134752
31.4  1.6 ./cli kernel images/4096x40   0 135060
31.8  1.6 ./cli kernel images/4096x40   1 136768
  PID User     Command                         Swap      USS      PSS      RSS 
33282 codespace /usr/bin/python3 /usr/bin/s        0    12060    12301    14476 
32329 codespace ./cli kernel images/4096x40        0   130456   130508   131720 
32331 codespace ./cli kernel images/4096x40        0   131888   131941   133160 
32325 codespace ./cli kernel images/4096x40        0   133972   134025   135192 
32323 codespace ./cli kernel images/4096x40        0   134252   134303   135468 
32327 codespace ./cli kernel images/4096x40        0   136052   136104   137308 
%CPU %MEM ARGS Mon Oct  5 01:21:13 UTC 2026
 0.0  0.0 grep --color=auto ./cli       1  2248
30.5  1.6 ./cli kernel images/4096x40   1 132396
30.9  1.6 ./cli kernel images/4096x40   1 134040
31.3  1.6 ./cli kernel images/4096x40   0 136224
31.4  1.6 ./cli kernel images/4096x40   1 136108
31.8  1.6 ./cli kernel images/4096x40   0 138008
  PID User     Command                         Swap      USS      PSS      RSS 
33293 codespace /usr/bin/python3 /usr/bin/s        0    12068    12315    14548 
32329 codespace ./cli kernel images/4096x40        0   131708   131760   132972 
32331 codespace ./cli kernel images/4096x40        0   133388   133441   134660 
32325 codespace ./cli kernel images/4096x40        0   135396   135449   136616 
32323 codespace ./cli kernel images/4096x40        0   135452   135503   136668 
32327 codespace ./cli kernel images/4096x40        0   137276   137328   138532 
%CPU %MEM ARGS Mon Oct  5 01:21:14 UTC 2026
 0.0  0.0 grep --color=auto ./cli       1  2212
30.5  1.6 ./cli kernel images/4096x40   1 133760
30.9  1.6 ./cli kernel images/4096x40   0 135320
31.3  1.6 ./cli kernel images/4096x40   0 137556
31.4  1.6 ./cli kernel images/4096x40   1 137456
31.8  1.7 ./cli kernel images/4096x40   0 139336
  PID User     Command                         Swap      USS      PSS      RSS 
33299 codespace /usr/bin/python3 /usr/bin/s        0    12060    12307    14540 
32329 codespace ./cli kernel images/4096x40        0   132952   133004   134216 
32331 codespace ./cli kernel images/4096x40        0   134624   134677   135896 
32325 codespace ./cli kernel images/4096x40        0   136664   136717   137884 
32323 codespace ./cli kernel images/4096x40        0   136752   136803   137968 
32327 codespace ./cli kernel images/4096x40        0   138724   138776   139980 
%CPU %MEM ARGS Mon Oct  5 01:21:14 UTC 2026
 0.0  0.0 grep --color=auto ./cli       0  2156
30.5  1.6 ./cli kernel images/4096x40   1 134964
30.9  1.6 ./cli kernel images/4096x40   1 136632
31.3  1.7 ./cli kernel images/4096x40   0 138940
31.4  1.7 ./cli kernel images/4096x40   1 138676
31.9  1.7 ./cli kernel images/4096x40   0 140944
  PID User     Command                         Swap      USS      PSS      RSS 
33304 codespace /usr/bin/python3 /usr/bin/s        0    12056    12269    14476 
32329 codespace ./cli kernel images/4096x40        0   134192   134241   135456 
32331 codespace ./cli kernel images/4096x40        0   135936   135986   137208 
32325 codespace ./cli kernel images/4096x40        0   137940   137991   139160 
32323 codespace ./cli kernel images/4096x40        0   138176   138227   139392 
32327 codespace ./cli kernel images/4096x40        0   140208   140257   141464 
%CPU %MEM ARGS Mon Oct  5 01:21:15 UTC 2026
 0.0  0.0 grep --color=auto ./cli       0  2160
30.5  1.6 ./cli kernel images/4096x40   1 136084
30.9  1.6 ./cli kernel images/4096x40   1 137988
31.3  1.7 ./cli kernel images/4096x40   0 140132
31.3  1.7 ./cli kernel images/4096x40   0 140024
31.8  1.7 ./cli kernel images/4096x40   0 142136
  PID User     Command                         Swap      USS      PSS      RSS 
33316 codespace /usr/bin/python3 /usr/bin/s        0    12080    12336    14588 
32329 codespace ./cli kernel images/4096x40        0   135360   135412   136624 
32331 codespace ./cli kernel images/4096x40        0   137316   137369   138588 
32323 codespace ./cli kernel images/4096x40        0   139340   139391   140556 
32325 codespace ./cli kernel images/4096x40        0   139820   139873   141040 
32327 codespace ./cli kernel images/4096x40        0   141544   141596   142800 
%CPU %MEM ARGS Mon Oct  5 01:21:16 UTC 2026
 0.0  0.0 grep --color=auto ./cli       1  2204
30.5  1.6 ./cli kernel images/4096x40   1 137448
30.9  1.7 ./cli kernel images/4096x40   1 139356
31.2  1.7 ./cli kernel images/4096x40   0 141312
31.4  1.7 ./cli kernel images/4096x40   0 141836
31.8  1.7 ./cli kernel images/4096x40   0 143512
  PID User     Command                         Swap      USS      PSS      RSS 
33326 codespace /usr/bin/python3 /usr/bin/s        0    12060    12299    14516 
32329 codespace ./cli kernel images/4096x40        0   136720   136772   137984 
32331 codespace ./cli kernel images/4096x40        0   138664   138717   139936 
32323 codespace ./cli kernel images/4096x40        0   140500   140551   141716 
32325 codespace ./cli kernel images/4096x40        0   141064   141117   142284 
32327 codespace ./cli kernel images/4096x40        0   142748   142800   144004 
%CPU %MEM ARGS Mon Oct  5 01:21:16 UTC 2026
 0.0  0.0 grep --color=auto ./cli       0  2168
30.5  1.7 ./cli kernel images/4096x40   1 138916
31.0  1.7 ./cli kernel images/4096x40   1 140824
31.2  1.7 ./cli kernel images/4096x40   0 142568
31.4  1.7 ./cli kernel images/4096x40   0 143104
31.8  1.7 ./cli kernel images/4096x40   0 144772
  PID User     Command                         Swap      USS      PSS      RSS 
33333 codespace /usr/bin/python3 /usr/bin/s        0    12060    12307    14540 
32329 codespace ./cli kernel images/4096x40        0   138220   138272   139484 
32331 codespace ./cli kernel images/4096x40        0   140144   140197   141416 
32323 codespace ./cli kernel images/4096x40        0   141772   141823   142988 
32325 codespace ./cli kernel images/4096x40        0   142340   142393   143560 
32327 codespace ./cli kernel images/4096x40        0   144020   144072   145276 
%CPU %MEM ARGS Mon Oct  5 01:21:17 UTC 2026
 0.0  0.0 grep --color=auto ./cli       0  2160
30.6  1.7 ./cli kernel images/4096x40   1 140432
31.0  1.7 ./cli kernel images/4096x40   1 142336
31.2  1.7 ./cli kernel images/4096x40   0 143840
31.4  1.7 ./cli kernel images/4096x40   0 144380
31.8  1.7 ./cli kernel images/4096x40   0 146044
  PID User     Command                         Swap      USS      PSS      RSS 
33339 codespace /usr/bin/python3 /usr/bin/s        0    12052    12293    14468 
32329 codespace ./cli kernel images/4096x40        0   139716   139768   140980 
32331 codespace ./cli kernel images/4096x40        0   141652   141705   142924 
32323 codespace ./cli kernel images/4096x40        0   143072   143123   144288 
32325 codespace ./cli kernel images/4096x40        0   143632   143685   144852 
32327 codespace ./cli kernel images/4096x40        0   145308   145360   146564 
%CPU %MEM ARGS Mon Oct  5 01:21:17 UTC 2026
 0.0  0.0 grep --color=auto ./cli       0  2152
30.6  1.7 ./cli kernel images/4096x40   1 141860
31.1  1.7 ./cli kernel images/4096x40   1 143752
31.2  1.7 ./cli kernel images/4096x40   0 145116
31.4  1.7 ./cli kernel images/4096x40   0 145652
31.8  1.8 ./cli kernel images/4096x40   0 147328
  PID User     Command                         Swap      USS      PSS      RSS 
33344 codespace /usr/bin/python3 /usr/bin/s        0    12060    12299    14516 
32329 codespace ./cli kernel images/4096x40        0   141152   141204   142416 
32331 codespace ./cli kernel images/4096x40        0   143076   143129   144348 
32323 codespace ./cli kernel images/4096x40        0   144328   144379   145544 
32325 codespace ./cli kernel images/4096x40        0   144900   144953   146120 
32327 codespace ./cli kernel images/4096x40        0   146568   146620   147824 
%CPU %MEM ARGS Mon Oct  5 01:21:18 UTC 2026
 0.0  0.0 grep --color=auto ./cli       1  2252
30.6  1.7 ./cli kernel images/4096x40   1 143256
31.1  1.7 ./cli kernel images/4096x40   1 145148
31.2  1.7 ./cli kernel images/4096x40   0 146388
31.4  1.8 ./cli kernel images/4096x40   0 147004
31.8  1.8 ./cli kernel images/4096x40   0 148660
  PID User     Command                         Swap      USS      PSS      RSS 
33350 codespace /usr/bin/python3 /usr/bin/s        0    12064    12293    14460 
32329 codespace ./cli kernel images/4096x40        0   142560   142612   143824 
32331 codespace ./cli kernel images/4096x40        0   144504   144557   145776 
32323 codespace ./cli kernel images/4096x40        0   145600   145651   146816 
32325 codespace ./cli kernel images/4096x40        0   146368   146421   147588 
32327 codespace ./cli kernel images/4096x40        0   148036   148087   149292 
%CPU %MEM ARGS Mon Oct  5 01:21:19 UTC 2026
 0.0  0.0 grep --color=auto ./cli       1  2168
30.7  1.7 ./cli kernel images/4096x40   1 144748
31.1  1.8 ./cli kernel images/4096x40   0 146420
31.3  1.8 ./cli kernel images/4096x40   1 147872
31.4  1.8 ./cli kernel images/4096x40   0 148404
31.8  1.8 ./cli kernel images/4096x40   0 150056
  PID User     Command                         Swap      USS      PSS      RSS 
33361 codespace /usr/bin/python3 /usr/bin/s        0    12064    12313    14512 
32329 codespace ./cli kernel images/4096x40        0   144208   144260   145472 
32331 codespace ./cli kernel images/4096x40        0   145744   145797   147016 
32323 codespace ./cli kernel images/4096x40        0   147276   147327   148492 
32325 codespace ./cli kernel images/4096x40        0   147680   147732   148900 
32327 codespace ./cli kernel images/4096x40        0   149324   149376   150580 
%CPU %MEM ARGS Mon Oct  5 01:21:19 UTC 2026
 0.0  0.0 grep --color=auto ./cli       1  2204
30.8  1.8 ./cli kernel images/4096x40   1 146520
31.0  1.8 ./cli kernel images/4096x40   0 147764
31.3  1.8 ./cli kernel images/4096x40   0 149396
31.5  1.8 ./cli kernel images/4096x40   0 149984
31.7  1.8 ./cli kernel images/4096x40   1 151352
  PID User     Command                         Swap      USS      PSS      RSS 
33367 codespace /usr/bin/python3 /usr/bin/s        0    12064    12300    14516 
32329 codespace ./cli kernel images/4096x40        0   145836   145888   147100 
32331 codespace ./cli kernel images/4096x40        0   147212   147265   148484 
32323 codespace ./cli kernel images/4096x40        0   148604   148655   149820 
32325 codespace ./cli kernel images/4096x40        0   149364   149416   150584 
32327 codespace ./cli kernel images/4096x40        0   150636   150688   151892 
%CPU %MEM ARGS Mon Oct  5 01:21:20 UTC 2026
 0.0  0.0 grep --color=auto ./cli       1  2184
30.7  1.8 ./cli kernel images/4096x40   1 147836
31.1  1.8 ./cli kernel images/4096x40   0 149400
31.3  1.8 ./cli kernel images/4096x40   1 150676
31.5  1.8 ./cli kernel images/4096x40   0 151628
31.7  1.8 ./cli kernel images/4096x40   1 152668
  PID User     Command                         Swap      USS      PSS      RSS 
33373 codespace /usr/bin/python3 /usr/bin/s        0    12056    12288    14424 
32329 codespace ./cli kernel images/4096x40        0   147204   147256   148468 
32331 codespace ./cli kernel images/4096x40        0   148736   148789   150008 
32323 codespace ./cli kernel images/4096x40        0   149928   149979   151144 
32325 codespace ./cli kernel images/4096x40        0   150908   150961   152128 
32327 codespace ./cli kernel images/4096x40        0   151960   152012   153216 
%CPU %MEM ARGS Mon Oct  5 01:21:21 UTC 2026
 0.0  0.0 grep --color=auto ./cli       1  2184
30.7  1.8 ./cli kernel images/4096x40   1 149032
31.1  1.8 ./cli kernel images/4096x40   0 150624
31.2  1.8 ./cli kernel images/4096x40   1 151880
31.6  1.8 ./cli kernel images/4096x40   0 153452
31.7  1.8 ./cli kernel images/4096x40   1 153848
  PID User     Command                         Swap      USS      PSS      RSS 
33383 codespace /usr/bin/python3 /usr/bin/s        0    12052    12276    14436 
32329 codespace ./cli kernel images/4096x40        0   148500   148552   149764 
32331 codespace ./cli kernel images/4096x40        0   150012   150065   151284 
32323 codespace ./cli kernel images/4096x40        0   151116   151167   152332 
32325 codespace ./cli kernel images/4096x40        0   152724   152777   153944 
32327 codespace ./cli kernel images/4096x40        0   153280   153332   154536 
%CPU %MEM ARGS Mon Oct  5 01:21:21 UTC 2026
 0.0  0.0 grep --color=auto ./cli       0  2160
30.7  1.8 ./cli kernel images/4096x40   1 150708
31.0  1.8 ./cli kernel images/4096x40   0 151984
31.2  1.8 ./cli kernel images/4096x40   0 153260
31.6  1.9 ./cli kernel images/4096x40   0 154820
31.8  1.9 ./cli kernel images/4096x40   1 155876
  PID User     Command                         Swap      USS      PSS      RSS 
33389 codespace /usr/bin/python3 /usr/bin/s        0    12060    12295    14456 
32329 codespace ./cli kernel images/4096x40        0   150040   150092   151304 
32331 codespace ./cli kernel images/4096x40        0   151296   151349   152568 
32323 codespace ./cli kernel images/4096x40        0   152424   152474   153640 
32325 codespace ./cli kernel images/4096x40        0   154024   154072   155244 
32327 codespace ./cli kernel images/4096x40        0   155072   155119   156328 
%CPU %MEM ARGS Mon Oct  5 01:21:22 UTC 2026
 0.0  0.0 grep --color=auto ./cli       0  2180
30.8  1.8 ./cli kernel images/4096x40   1 152352
31.0  1.8 ./cli kernel images/4096x40   1 153528
31.1  1.8 ./cli kernel images/4096x40   1 154452
31.5  1.9 ./cli kernel images/4096x40   0 156036
31.7  1.9 ./cli kernel images/4096x40   1 157056
  PID User     Command                         Swap      USS      PSS      RSS 
33402 codespace /usr/bin/python3 /usr/bin/s        0    12060    12307    14544 
32329 codespace ./cli kernel images/4096x40        0   151656   151708   152920 
32331 codespace ./cli kernel images/4096x40        0   152860   152913   154132 
32323 codespace ./cli kernel images/4096x40        0   153696   153747   154912 
32325 codespace ./cli kernel images/4096x40        0   156036   156089   157256 
32327 codespace ./cli kernel images/4096x40        0   156356   156408   157612 
%CPU %MEM ARGS Mon Oct  5 01:21:23 UTC 2026
 0.0  0.0 grep --color=auto ./cli       0  2168
30.7  1.8 ./cli kernel images/4096x40   1 153740
31.0  1.9 ./cli kernel images/4096x40   0 154928
31.0  1.9 ./cli kernel images/4096x40   1 155736
31.6  1.9 ./cli kernel images/4096x40   0 158176
31.6  1.9 ./cli kernel images/4096x40   1 158456
  PID User     Command                         Swap      USS      PSS      RSS 
33424 codespace /usr/bin/python3 /usr/bin/s        0    12060    12323    14620 
32329 codespace ./cli kernel images/4096x40        0   153040   153092   154304 
32331 codespace ./cli kernel images/4096x40        0   154252   154305   155524 
32323 codespace ./cli kernel images/4096x40        0   154952   155003   156168 
32325 codespace ./cli kernel images/4096x40        0   157436   157488   158656 
32327 codespace ./cli kernel images/4096x40        0   157724   157776   158980 
%CPU %MEM ARGS Mon Oct  5 01:21:23 UTC 2026
 0.0  0.0 grep --color=auto ./cli       0  2172
30.7  1.9 ./cli kernel images/4096x40   1 155176
31.0  1.9 ./cli kernel images/4096x40   0 156356
31.1  1.9 ./cli kernel images/4096x40   1 157172
31.6  1.9 ./cli kernel images/4096x40   1 159604
31.7  1.9 ./cli kernel images/4096x40   0 159764
  PID User     Command                         Swap      USS      PSS      RSS 
33430 codespace /usr/bin/python3 /usr/bin/s        0    12060    12303    14476 
32329 codespace ./cli kernel images/4096x40        0   154460   154512   155724 
32331 codespace ./cli kernel images/4096x40        0   155684   155737   156956 
32323 codespace ./cli kernel images/4096x40        0   156380   156431   157596 
32325 codespace ./cli kernel images/4096x40        0   158856   158908   160076 
32327 codespace ./cli kernel images/4096x40        0   159016   159068   160272 
%CPU %MEM ARGS Mon Oct  5 01:21:24 UTC 2026
 0.0  0.0 grep --color=auto ./cli       0  2344
30.8  1.9 ./cli kernel images/4096x40   1 156600
31.1  1.9 ./cli kernel images/4096x40   0 157744
31.1  1.9 ./cli kernel images/4096x40   1 158600
31.6  1.9 ./cli kernel images/4096x40   0 160884
31.7  1.9 ./cli kernel images/4096x40   0 161136
  PID User     Command                         Swap      USS      PSS      RSS 
33436 codespace /usr/bin/python3 /usr/bin/s        0    12068    12317    14568 
32329 codespace ./cli kernel images/4096x40        0   155928   155980   157192 
32331 codespace ./cli kernel images/4096x40        0   157204   157257   158476 
32323 codespace ./cli kernel images/4096x40        0   157820   157871   159036 
32325 codespace ./cli kernel images/4096x40        0   160080   160133   161300 
32327 codespace ./cli kernel images/4096x40        0   160500   160552   161756 
%CPU %MEM ARGS Mon Oct  5 01:21:24 UTC 2026
 0.0  0.0 grep --color=auto ./cli       1  2172
30.8  1.9 ./cli kernel images/4096x40   0 157884
31.0  1.9 ./cli kernel images/4096x40   0 159104
31.1  1.9 ./cli kernel images/4096x40   1 160020
31.6  1.9 ./cli kernel images/4096x40   1 162256
31.6  1.9 ./cli kernel images/4096x40   0 162516
  PID User     Command                         Swap      USS      PSS      RSS 
33445 codespace /usr/bin/python3 /usr/bin/s        0    12072    12329    14572 
32329 codespace ./cli kernel images/4096x40        0   157224   157276   158488 
32331 codespace ./cli kernel images/4096x40        0   158472   158525   159744 
32323 codespace ./cli kernel images/4096x40        0   159240   159291   160456 
32325 codespace ./cli kernel images/4096x40        0   161516   161568   162736 
32327 codespace ./cli kernel images/4096x40        0   161816   161868   163072 
%CPU %MEM ARGS Mon Oct  5 01:21:25 UTC 2026
 0.0  0.0 grep --color=auto ./cli       1  2288
30.8  1.9 ./cli kernel images/4096x40   0 159224
31.0  1.9 ./cli kernel images/4096x40   0 160436
31.1  1.9 ./cli kernel images/4096x40   1 161572
31.6  2.0 ./cli kernel images/4096x40   0 163852
31.6  2.0 ./cli kernel images/4096x40   1 163804
  PID User     Command                         Swap      USS      PSS      RSS 
33453 codespace /usr/bin/python3 /usr/bin/s        0    12052    12275    14436 
32329 codespace ./cli kernel images/4096x40        0   158540   158592   159804 
32331 codespace ./cli kernel images/4096x40        0   159768   159821   161040 
32323 codespace ./cli kernel images/4096x40        0   160808   160859   162024 
32325 codespace ./cli kernel images/4096x40        0   163048   163101   164268 
32327 codespace ./cli kernel images/4096x40        0   163120   163172   164376 
%CPU %MEM ARGS Mon Oct  5 01:21:26 UTC 2026
 0.0  0.0 grep --color=auto ./cli       0  2200
30.7  1.9 ./cli kernel images/4096x40   1 160464
31.1  2.0 ./cli kernel images/4096x40   1 162816
31.1  1.9 ./cli kernel images/4096x40   0 162328
31.6  2.0 ./cli kernel images/4096x40   1 165072
31.6  2.0 ./cli kernel images/4096x40   0 165196
  PID User     Command                         Swap      USS      PSS      RSS 
33458 codespace /usr/bin/python3 /usr/bin/s        0    12060    12302    14516 
32329 codespace ./cli kernel images/4096x40        0   159800   159852   161064 
32331 codespace ./cli kernel images/4096x40        0   161664   161717   162936 
32323 codespace ./cli kernel images/4096x40        0   162060   162111   163276 
32325 codespace ./cli kernel images/4096x40        0   164348   164401   165568 
32327 codespace ./cli kernel images/4096x40        0   164468   164520   165724 
%CPU %MEM ARGS Mon Oct  5 01:21:26 UTC 2026
 0.0  0.0 grep --color=auto ./cli       1  2156
30.7  1.9 ./cli kernel images/4096x40   1 161700
31.1  2.0 ./cli kernel images/4096x40   1 164056
31.2  2.0 ./cli kernel images/4096x40   0 163688
31.6  2.0 ./cli kernel images/4096x40   1 166288
31.6  2.0 ./cli kernel images/4096x40   0 166560
  PID User     Command                         Swap      USS      PSS      RSS 
33470 codespace /usr/bin/python3 /usr/bin/s        0    12052    12308    14568 
32329 codespace ./cli kernel images/4096x40        0   161260   161312   162524 
32331 codespace ./cli kernel images/4096x40        0   163016   163069   164288 
32323 codespace ./cli kernel images/4096x40        0   163456   163507   164672 
32325 codespace ./cli kernel images/4096x40        0   165556   165609   166776 
32327 codespace ./cli kernel images/4096x40        0   165828   165880   167084 
%CPU %MEM ARGS Mon Oct  5 01:21:27 UTC 2026
 0.0  0.0 grep --color=auto ./cli       1  2252
30.7  2.0 ./cli kernel images/4096x40   1 163268
31.1  2.0 ./cli kernel images/4096x40   1 165624
31.2  2.0 ./cli kernel images/4096x40   0 165264
31.6  2.0 ./cli kernel images/4096x40   1 167592
31.7  2.0 ./cli kernel images/4096x40   0 168128
  PID User     Command                         Swap      USS      PSS      RSS 
33476 codespace /usr/bin/python3 /usr/bin/s        0    12060    12323    14620 
32329 codespace ./cli kernel images/4096x40        0   162668   162720   163932 
32331 codespace ./cli kernel images/4096x40        0   164596   164649   165868 
32323 codespace ./cli kernel images/4096x40        0   164904   164954   166120 
32325 codespace ./cli kernel images/4096x40        0   166924   166971   168144 
32327 codespace ./cli kernel images/4096x40        0   167396   167448   168652 
%CPU %MEM ARGS Mon Oct  5 01:21:27 UTC 2026
 0.0  0.0 grep --color=auto ./cli       0  2212
30.8  2.0 ./cli kernel images/4096x40   1 164632
31.1  2.0 ./cli kernel images/4096x40   1 166996
31.2  2.0 ./cli kernel images/4096x40   0 166764
31.5  2.0 ./cli kernel images/4096x40   1 168952
31.7  2.0 ./cli kernel images/4096x40   0 169648
  PID User     Command                         Swap      USS      PSS      RSS 
33487 codespace /usr/bin/python3 /usr/bin/s        0    12052    12293    14468 
32329 codespace ./cli kernel images/4096x40        0   163976   164028   165240 
32331 codespace ./cli kernel images/4096x40        0   166124   166177   167396 
32323 codespace ./cli kernel images/4096x40        0   166248   166299   167464 
32325 codespace ./cli kernel images/4096x40        0   168252   168305   169472 
32327 codespace ./cli kernel images/4096x40        0   168932   168984   170188 
%CPU %MEM ARGS Mon Oct  5 01:21:28 UTC 2026
 0.0  0.0 grep --color=auto ./cli       0  2176
30.8  2.0 ./cli kernel images/4096x40   1 166084
31.1  2.0 ./cli kernel images/4096x40   0 168356
31.2  2.0 ./cli kernel images/4096x40   1 168348
31.5  2.0 ./cli kernel images/4096x40   0 170272
31.7  2.1 ./cli kernel images/4096x40   0 171124
  PID User     Command                         Swap      USS      PSS      RSS 
33493 codespace /usr/bin/python3 /usr/bin/s        0    12052    12305    14568 
32329 codespace ./cli kernel images/4096x40        0   165352   165404   166616 
32323 codespace ./cli kernel images/4096x40        0   167504   167555   168720 
32331 codespace ./cli kernel images/4096x40        0   167708   167761   168980 
32325 codespace ./cli kernel images/4096x40        0   169468   169521   170688 
32327 codespace ./cli kernel images/4096x40        0   170340   170392   171596 
%CPU %MEM ARGS Mon Oct  5 01:21:29 UTC 2026
 0.0  0.0 grep --color=auto ./cli       1  2340
30.8  2.0 ./cli kernel images/4096x40   0 167388
31.1  2.0 ./cli kernel images/4096x40   0 169644
31.3  2.0 ./cli kernel images/4096x40   1 169952
31.6  2.1 ./cli kernel images/4096x40   1 171792
31.7  2.1 ./cli kernel images/4096x40   0 172412
  PID User     Command                         Swap      USS      PSS      RSS 
33498 codespace /usr/bin/python3 /usr/bin/s        0    12064    12304    14480 
32329 codespace ./cli kernel images/4096x40        0   166644   166696   167908 
32323 codespace ./cli kernel images/4096x40        0   168828   168879   170044 
32331 codespace ./cli kernel images/4096x40        0   169304   169357   170576 
32325 codespace ./cli kernel images/4096x40        0   171064   171117   172284 
32327 codespace ./cli kernel images/4096x40        0   171608   171660   172864 
%CPU %MEM ARGS Mon Oct  5 01:21:29 UTC 2026
 0.0  0.0 grep --color=auto ./cli       0  2340
30.7  2.0 ./cli kernel images/4096x40   1 168500
31.0  2.0 ./cli kernel images/4096x40   1 170672
31.2  2.1 ./cli kernel images/4096x40   0 171104
31.6  2.1 ./cli kernel images/4096x40   0 173248
31.6  2.1 ./cli kernel images/4096x40   1 173484
  PID User     Command                         Swap      USS      PSS      RSS 
33504 codespace /usr/bin/python3 /usr/bin/s        0    12056    12304    14540 
32329 codespace ./cli kernel images/4096x40        0   167940   167992   169204 
32323 codespace ./cli kernel images/4096x40        0   169868   169919   171084 
32331 codespace ./cli kernel images/4096x40        0   170452   170505   171724 
32325 codespace ./cli kernel images/4096x40        0   172512   172565   173732 
32327 codespace ./cli kernel images/4096x40        0   172856   172908   174112 
%CPU %MEM ARGS Mon Oct  5 01:21:30 UTC 2026
 0.0  0.0 grep --color=auto ./cli       0  2152
30.8  2.0 ./cli kernel images/4096x40   1 170148
31.0  2.1 ./cli kernel images/4096x40   0 171936
31.2  2.1 ./cli kernel images/4096x40   0 172428
31.6  2.1 ./cli kernel images/4096x40   0 174568
31.7  2.1 ./cli kernel images/4096x40   1 175124
  PID User     Command                         Swap      USS      PSS      RSS 
33510 codespace /usr/bin/python3 /usr/bin/s        0    12052    12292    14468 
32329 codespace ./cli kernel images/4096x40        0   169500   169552   170764 
32323 codespace ./cli kernel images/4096x40        0   171132   171182   172348 
32331 codespace ./cli kernel images/4096x40        0   171740   171793   173012 
32325 codespace ./cli kernel images/4096x40        0   173796   173844   175016 
32327 codespace ./cli kernel images/4096x40        0   174428   174474   175684 
%CPU %MEM ARGS Mon Oct  5 01:21:30 UTC 2026
 0.0  0.0 grep --color=auto ./cli       0  2292
30.8  2.1 ./cli kernel images/4096x40   1 171720
31.0  2.1 ./cli kernel images/4096x40   0 173216
31.2  2.1 ./cli kernel images/4096x40   0 173692
31.5  2.1 ./cli kernel images/4096x40   0 175852
31.7  2.1 ./cli kernel images/4096x40   0 176532
  PID User     Command                         Swap      USS      PSS      RSS 
33521 codespace /usr/bin/python3 /usr/bin/s        0    12080    12336    14588 
32329 codespace ./cli kernel images/4096x40        0   171464   171516   172728 
32323 codespace ./cli kernel images/4096x40        0   172364   172415   173580 
32331 codespace ./cli kernel images/4096x40        0   173148   173201   174420 
32325 codespace ./cli kernel images/4096x40        0   175024   175077   176244 
32327 codespace ./cli kernel images/4096x40        0   175720   175772   176976 
%CPU %MEM ARGS Mon Oct  5 01:21:31 UTC 2026
 0.0  0.0 grep --color=auto ./cli       0  2204
30.9  2.1 ./cli kernel images/4096x40   0 173588
31.0  2.1 ./cli kernel images/4096x40   0 174536
31.3  2.1 ./cli kernel images/4096x40   1 175332
31.5  2.1 ./cli kernel images/4096x40   1 177216
31.6  2.1 ./cli kernel images/4096x40   0 177840
  PID User     Command                         Swap      USS      PSS      RSS 
33527 codespace /usr/bin/python3 /usr/bin/s        0    12060    12310    14544 
32329 codespace ./cli kernel images/4096x40        0   172920   172972   174184 
32323 codespace ./cli kernel images/4096x40        0   173704   173755   174920 
32331 codespace ./cli kernel images/4096x40        0   174680   174733   175952 
32325 codespace ./cli kernel images/4096x40        0   176480   176533   177700 
32327 codespace ./cli kernel images/4096x40        0   177124   177176   178380 
%CPU %MEM ARGS Mon Oct  5 01:21:32 UTC 2026
 0.0  0.0 grep --color=auto ./cli       0  2372
30.9  2.1 ./cli kernel images/4096x40   0 174768
31.0  2.1 ./cli kernel images/4096x40   0 175716
31.2  2.1 ./cli kernel images/4096x40   0 176484
31.6  2.1 ./cli kernel images/4096x40   1 178624
31.6  2.2 ./cli kernel images/4096x40   0 179024
  PID User     Command                         Swap      USS      PSS      RSS 
33532 codespace /usr/bin/python3 /usr/bin/s        0    12056    12311    14584 
32329 codespace ./cli kernel images/4096x40        0   173924   173976   175188 
32323 codespace ./cli kernel images/4096x40        0   174840   174888   176056 
32331 codespace ./cli kernel images/4096x40        0   175700   175753   176972 
32325 codespace ./cli kernel images/4096x40        0   177932   177982   179152 
32327 codespace ./cli kernel images/4096x40        0   178176   178225   179432 
%CPU %MEM ARGS Mon Oct  5 01:21:32 UTC 2026
 0.0  0.0 grep --color=auto ./cli       1  2304
30.8  2.1 ./cli kernel images/4096x40   0 175732
30.9  2.1 ./cli kernel images/4096x40   0 176680
31.2  2.1 ./cli kernel images/4096x40   0 177488
31.6  2.2 ./cli kernel images/4096x40   1 180104
31.6  2.2 ./cli kernel images/4096x40   1 180272
  PID User     Command                         Swap      USS      PSS      RSS 
33544 codespace /usr/bin/python3 /usr/bin/s        0    12060    12307    14536 
32329 codespace ./cli kernel images/4096x40        0   174964   175016   176228 
32323 codespace ./cli kernel images/4096x40        0   175900   175951   177116 
32331 codespace ./cli kernel images/4096x40        0   176832   176885   178104 
32327 codespace ./cli kernel images/4096x40        0   179320   179372   180576 
32325 codespace ./cli kernel images/4096x40        0   179524   179574   180744 
%CPU %MEM ARGS Mon Oct  5 01:21:33 UTC 2026
 0.0  0.0 grep --color=auto ./cli       0  2196
30.8  2.1 ./cli kernel images/4096x40   0 177096
30.9  2.1 ./cli kernel images/4096x40   0 178132
31.1  2.1 ./cli kernel images/4096x40   1 178772
31.5  2.2 ./cli kernel images/4096x40   1 181372
31.6  2.2 ./cli kernel images/4096x40   1 181572
  PID User     Command                         Swap      USS      PSS      RSS 
33574 codespace /usr/bin/python3 /usr/bin/s        0    12064    12302    14520 
32329 codespace ./cli kernel images/4096x40        0   176396   176448   177660 
32323 codespace ./cli kernel images/4096x40        0   177344   177395   178560 
32331 codespace ./cli kernel images/4096x40        0   178148   178201   179420 
32327 codespace ./cli kernel images/4096x40        0   180656   180708   181912 
32325 codespace ./cli kernel images/4096x40        0   180852   180905   182072 
%CPU %MEM ARGS Mon Oct  5 01:21:34 UTC 2026
 0.0  0.0 grep --color=auto ./cli       1  2340
30.8  2.1 ./cli kernel images/4096x40   0 178604
30.9  2.2 ./cli kernel images/4096x40   0 179640
31.1  2.2 ./cli kernel images/4096x40   1 180116
31.5  2.2 ./cli kernel images/4096x40   1 182696
31.6  2.2 ./cli kernel images/4096x40   1 182916
  PID User     Command                         Swap      USS      PSS      RSS 
33579 codespace /usr/bin/python3 /usr/bin/s        0    12060    12302    14516 
32329 codespace ./cli kernel images/4096x40        0   177772   177824   179036 
32323 codespace ./cli kernel images/4096x40        0   178868   178919   180084 
32331 codespace ./cli kernel images/4096x40        0   179352   179405   180624 
32327 codespace ./cli kernel images/4096x40        0   181896   181948   183152 
32325 codespace ./cli kernel images/4096x40        0   182128   182181   183348 
%CPU %MEM ARGS Mon Oct  5 01:21:34 UTC 2026
 0.0  0.0 grep --color=auto ./cli       0  2160
30.8  2.2 ./cli kernel images/4096x40   0 179980
31.0  2.2 ./cli kernel images/4096x40   0 181192
31.1  2.2 ./cli kernel images/4096x40   1 181344
31.5  2.2 ./cli kernel images/4096x40   1 183924
31.6  2.2 ./cli kernel images/4096x40   1 184152
  PID User     Command                         Swap      USS      PSS      RSS 
33585 codespace /usr/bin/python3 /usr/bin/s        0    12060    12321    14584 
32329 codespace ./cli kernel images/4096x40        0   179296   179348   180560 
32323 codespace ./cli kernel images/4096x40        0   180560   180611   181776 
32331 codespace ./cli kernel images/4096x40        0   180716   180769   181988 
32327 codespace ./cli kernel images/4096x40        0   183212   183264   184468 
32325 codespace ./cli kernel images/4096x40        0   183436   183489   184656 
%CPU %MEM ARGS Mon Oct  5 01:21:35 UTC 2026
 0.0  0.0 grep --color=auto ./cli       0  2340
30.8  2.2 ./cli kernel images/4096x40   0 181364
31.0  2.2 ./cli kernel images/4096x40   0 182720
31.1  2.2 ./cli kernel images/4096x40   0 182840
31.5  2.2 ./cli kernel images/4096x40   1 185240
31.6  2.2 ./cli kernel images/4096x40   1 185656
  PID User     Command                         Swap      USS      PSS      RSS 
33590 codespace /usr/bin/python3 /usr/bin/s        0    12060    12301    14516 
32329 codespace ./cli kernel images/4096x40        0   180664   180716   181928 
32323 codespace ./cli kernel images/4096x40        0   181932   181983   183148 
32331 codespace ./cli kernel images/4096x40        0   182184   182237   183456 
32327 codespace ./cli kernel images/4096x40        0   184500   184552   185756 
32325 codespace ./cli kernel images/4096x40        0   184904   184957   186124 
%CPU %MEM ARGS Mon Oct  5 01:21:35 UTC 2026
 0.0  0.0 grep --color=auto ./cli       0  2156
30.9  2.2 ./cli kernel images/4096x40   1 182696
31.0  2.2 ./cli kernel images/4096x40   0 184072
31.1  2.2 ./cli kernel images/4096x40   0 184188
31.5  2.2 ./cli kernel images/4096x40   1 186768
31.6  2.3 ./cli kernel images/4096x40   1 187184
  PID User     Command                         Swap      USS      PSS      RSS 
33596 codespace /usr/bin/python3 /usr/bin/s        0    12060    12299    14476 
32329 codespace ./cli kernel images/4096x40        0   181984   182035   183248 
32323 codespace ./cli kernel images/4096x40        0   183296   183347   184512 
32331 codespace ./cli kernel images/4096x40        0   183676   183728   184948 
32327 codespace ./cli kernel images/4096x40        0   186084   186135   187340 
32325 codespace ./cli kernel images/4096x40        0   186492   186545   187712 
%CPU %MEM ARGS Mon Oct  5 01:21:36 UTC 2026
 0.0  0.0 grep --color=auto ./cli       0  2248
30.8  2.2 ./cli kernel images/4096x40   0 183804
31.0  2.2 ./cli kernel images/4096x40   1 185228
31.2  2.2 ./cli kernel images/4096x40   1 186080
31.5  2.3 ./cli kernel images/4096x40   0 187920
31.6  2.3 ./cli kernel images/4096x40   0 188328
  PID User     Command                         Swap      USS      PSS      RSS 
33608 codespace /usr/bin/python3 /usr/bin/s        0    12060    12307    14544 
32329 codespace ./cli kernel images/4096x40        0   183016   183068   184280 
32323 codespace ./cli kernel images/4096x40        0   184388   184439   185604 
32331 codespace ./cli kernel images/4096x40        0   185436   185489   186708 
32327 codespace ./cli kernel images/4096x40        0   187108   187160   188364 
32325 codespace ./cli kernel images/4096x40        0   187528   187581   188748 
%CPU %MEM ARGS Mon Oct  5 01:21:36 UTC 2026
 0.0  0.0 grep --color=auto ./cli       0  2128
30.8  2.2 ./cli kernel images/4096x40   0 185028
31.0  2.2 ./cli kernel images/4096x40   1 186628
31.3  2.3 ./cli kernel images/4096x40   1 187620
31.5  2.3 ./cli kernel images/4096x40   0 189144
31.6  2.3 ./cli kernel images/4096x40   0 189572
  PID User     Command                         Swap      USS      PSS      RSS 
33613 codespace /usr/bin/python3 /usr/bin/s        0    12072    12325    14588 
32329 codespace ./cli kernel images/4096x40        0   184344   184396   185608 
32323 codespace ./cli kernel images/4096x40        0   185848   185899   187064 
32331 codespace ./cli kernel images/4096x40        0   186972   187025   188244 
32327 codespace ./cli kernel images/4096x40        0   188432   188484   189688 
32325 codespace ./cli kernel images/4096x40        0   188840   188893   190060 
%CPU %MEM ARGS Mon Oct  5 01:21:37 UTC 2026
 0.0  0.0 grep --color=auto ./cli       0  2164
30.8  2.2 ./cli kernel images/4096x40   1 186584
31.0  2.3 ./cli kernel images/4096x40   0 187956
31.3  2.3 ./cli kernel images/4096x40   1 189172
31.5  2.3 ./cli kernel images/4096x40   0 190676
31.6  2.3 ./cli kernel images/4096x40   0 191100
  PID User     Command                         Swap      USS      PSS      RSS 
33619 codespace /usr/bin/python3 /usr/bin/s        0    12064    12288    14584 
32329 codespace ./cli kernel images/4096x40        0   185908   185957   187172 
32323 codespace ./cli kernel images/4096x40        0   187192   187240   188408 
32331 codespace ./cli kernel images/4096x40        0   188536   188586   189808 
32327 codespace ./cli kernel images/4096x40        0   189976   190025   191232 
32325 codespace ./cli kernel images/4096x40        0   190372   190423   191592 
%CPU %MEM ARGS Mon Oct  5 01:21:38 UTC 2026
 0.0  0.0 grep --color=auto ./cli       0  2344
30.8  2.3 ./cli kernel images/4096x40   1 187992
31.0  2.3 ./cli kernel images/4096x40   0 189364
31.3  2.3 ./cli kernel images/4096x40   1 190588
31.5  2.3 ./cli kernel images/4096x40   0 192080
31.6  2.3 ./cli kernel images/4096x40   1 192368
  PID User     Command                         Swap      USS      PSS      RSS 
33631 codespace /usr/bin/python3 /usr/bin/s        0    12060    12323    14588 
32329 codespace ./cli kernel images/4096x40        0   187600   187652   188864 
32323 codespace ./cli kernel images/4096x40        0   188596   188647   189812 
32331 codespace ./cli kernel images/4096x40        0   190240   190293   191512 
32327 codespace ./cli kernel images/4096x40        0   191376   191428   192632 
32325 codespace ./cli kernel images/4096x40        0   191628   191680   192848 
%CPU %MEM ARGS Mon Oct  5 01:21:38 UTC 2026
 0.0  0.0 grep --color=auto ./cli       1  2288
30.9  2.3 ./cli kernel images/4096x40   1 189752
31.0  2.3 ./cli kernel images/4096x40   0 190772
31.3  2.3 ./cli kernel images/4096x40   1 192328
31.5  2.3 ./cli kernel images/4096x40   0 193500
31.5  2.3 ./cli kernel images/4096x40   1 193672
  PID User     Command                         Swap      USS      PSS      RSS 
33637 codespace /usr/bin/python3 /usr/bin/s        0    12052    12293    14468 
32329 codespace ./cli kernel images/4096x40        0   189092   189144   190356 
32323 codespace ./cli kernel images/4096x40        0   189988   190039   191204 
32331 codespace ./cli kernel images/4096x40        0   191724   191777   192996 
32327 codespace ./cli kernel images/4096x40        0   192780   192832   194036 
32325 codespace ./cli kernel images/4096x40        0   192944   192991   194164 
%CPU %MEM ARGS Mon Oct  5 01:21:39 UTC 2026
 0.0  0.0 grep --color=auto ./cli       1  2180
30.9  2.3 ./cli kernel images/4096x40   0 191300
31.0  2.3 ./cli kernel images/4096x40   0 192344
31.3  2.3 ./cli kernel images/4096x40   1 193716
31.5  2.3 ./cli kernel images/4096x40   1 194876
31.5  2.3 ./cli kernel images/4096x40   1 195056
  PID User     Command                         Swap      USS      PSS      RSS 
33649 codespace /usr/bin/python3 /usr/bin/s        0    12060    12302    14476 
32329 codespace ./cli kernel images/4096x40        0   190648   190700   191912 
32323 codespace ./cli kernel images/4096x40        0   191660   191711   192876 
32331 codespace ./cli kernel images/4096x40        0   193100   193153   194372 
32327 codespace ./cli kernel images/4096x40        0   194144   194196   195400 
32325 codespace ./cli kernel images/4096x40        0   194336   194389   195556 
%CPU %MEM ARGS Mon Oct  5 01:21:40 UTC 2026
 0.0  0.0 grep --color=auto ./cli       1  2296
30.9  2.3 ./cli kernel images/4096x40   0 192548
31.0  2.3 ./cli kernel images/4096x40   0 193604
31.4  2.4 ./cli kernel images/4096x40   1 195356
31.4  2.4 ./cli kernel images/4096x40   0 196060
31.5  2.4 ./cli kernel images/4096x40   1 196448
  PID User     Command                         Swap      USS      PSS      RSS 
33654 codespace /usr/bin/python3 /usr/bin/s        0    12080    12336    14588 
32329 codespace ./cli kernel images/4096x40        0   191948   192000   193212 
32323 codespace ./cli kernel images/4096x40        0   192900   192951   194116 
32331 codespace ./cli kernel images/4096x40        0   194964   195017   196236 
32327 codespace ./cli kernel images/4096x40        0   195428   195480   196684 
32325 codespace ./cli kernel images/4096x40        0   195908   195961   197128 
%CPU %MEM ARGS Mon Oct  5 01:21:40 UTC 2026
 0.0  0.0 grep --color=auto ./cli       0  2180
30.9  2.3 ./cli kernel images/4096x40   0 194076
31.0  2.3 ./cli kernel images/4096x40   1 195136
31.4  2.4 ./cli kernel images/4096x40   1 196948
31.5  2.4 ./cli kernel images/4096x40   0 197580
31.5  2.4 ./cli kernel images/4096x40   1 199288
  PID User     Command                         Swap      USS      PSS      RSS 
33660 codespace /usr/bin/python3 /usr/bin/s        0    12072    12330    14620 
32329 codespace ./cli kernel images/4096x40        0   193396   193448   194660 
32323 codespace ./cli kernel images/4096x40        0   194356   194407   195572 
32331 codespace ./cli kernel images/4096x40        0   196348   196401   197620 
32327 codespace ./cli kernel images/4096x40        0   197628   197680   198884 
32325 codespace ./cli kernel images/4096x40        0   201024   201077   202244 
%CPU %MEM ARGS Mon Oct  5 01:21:41 UTC 2026
 0.0  0.0 grep --color=auto ./cli       0  2304
31.0  2.4 ./cli kernel images/4096x40   0 195832
31.0  2.4 ./cli kernel images/4096x40   1 196588
31.4  2.4 ./cli kernel images/4096x40   1 200580
31.4  2.5 ./cli kernel images/4096x40   0 203824
31.5  2.5 ./cli kernel images/4096x40   1 207900
  PID User     Command                         Swap      USS      PSS      RSS 
33666 codespace /usr/bin/python3 /usr/bin/s        0    12068    12327    14568 
32329 codespace ./cli kernel images/4096x40        0   195164   195216   196428 
32323 codespace ./cli kernel images/4096x40        0   195828   195879   197044 
32331 codespace ./cli kernel images/4096x40        0   203204   203257   204476 
32327 codespace ./cli kernel images/4096x40        0   205556   205608   206812 
32325 codespace ./cli kernel images/4096x40        0   209604   209656   210824 
%CPU %MEM ARGS Mon Oct  5 01:21:42 UTC 2026
 0.0  0.0 grep --color=auto ./cli       1  2180
31.0  2.4 ./cli kernel images/4096x40   0 197228
31.0  2.4 ./cli kernel images/4096x40   1 197904
31.4  2.5 ./cli kernel images/4096x40   1 208184
31.4  2.6 ./cli kernel images/4096x40   0 211628
31.5  2.6 ./cli kernel images/4096x40   1 215516
  PID User     Command                         Swap      USS      PSS      RSS 
33675 codespace /usr/bin/python3 /usr/bin/s        0    12068    12328    14568 
32329 codespace ./cli kernel images/4096x40        0   196572   196624   197836 
32323 codespace ./cli kernel images/4096x40        0   198760   198811   199976 
32331 codespace ./cli kernel images/4096x40        0   212868   212921   214140 
32327 codespace ./cli kernel images/4096x40        0   214088   214140   215344 
32325 codespace ./cli kernel images/4096x40        0   216740   216794   217960 
%CPU %MEM ARGS Mon Oct  5 01:21:42 UTC 2026
 0.0  0.0 grep --color=auto ./cli       1  2156
31.0  2.4 ./cli kernel images/4096x40   0 202288
31.0  2.5 ./cli kernel images/4096x40   1 204976
31.4  2.7 ./cli kernel images/4096x40   1 220060
31.4  2.6 ./cli kernel images/4096x40   1 218068
31.5  2.7 ./cli kernel images/4096x40   0 223588
  PID User     Command                         Swap      USS      PSS      RSS 
33683 codespace /usr/bin/python3 /usr/bin/s        0    12056    12293    14508 
32329 codespace ./cli kernel images/4096x40        0   204172   204224   205436 
32323 codespace ./cli kernel images/4096x40        0   206856   206907   208072 
32331 codespace ./cli kernel images/4096x40        0   221460   221513   222732 
32327 codespace ./cli kernel images/4096x40        0   221540   221592   222796 
32325 codespace ./cli kernel images/4096x40        0   224992   225045   226212 
%CPU %MEM ARGS Mon Oct  5 01:21:43 UTC 2026
 0.0  0.0 grep --color=auto ./cli       0  2296
30.9  2.5 ./cli kernel images/4096x40   0 209180
30.9  2.6 ./cli kernel images/4096x40   0 212456
31.4  2.7 ./cli kernel images/4096x40   0 225572
31.4  2.7 ./cli kernel images/4096x40   0 227344
31.5  2.8 ./cli kernel images/4096x40   1 229992
  PID User     Command                         Swap      USS      PSS      RSS 
33700 codespace /usr/bin/python3 /usr/bin/s        0    12068    12327    14620 
32329 codespace ./cli kernel images/4096x40        0   211160   211212   212424 
32323 codespace ./cli kernel images/4096x40        0   213620   213671   214836 
32331 codespace ./cli kernel images/4096x40        0   228780   228833   230052 
32327 codespace ./cli kernel images/4096x40        0   229104   229156   230360 
32325 codespace ./cli kernel images/4096x40        0   233944   233997   235164 
%CPU %MEM ARGS Mon Oct  5 01:21:44 UTC 2026
 0.0  0.0 grep --color=auto ./cli       0  2296
30.9  2.6 ./cli kernel images/4096x40   0 216500
30.9  2.7 ./cli kernel images/4096x40   0 219932
31.4  2.8 ./cli kernel images/4096x40   1 235304
31.4  2.8 ./cli kernel images/4096x40   0 233680
31.5  2.9 ./cli kernel images/4096x40   1 241640
  PID User     Command                         Swap      USS      PSS      RSS 
33718 codespace /usr/bin/python3 /usr/bin/s        0    12060    12302    14516 
32329 codespace ./cli kernel images/4096x40        0   218388   218440   219652 
32323 codespace ./cli kernel images/4096x40        0   220948   220999   222164 
32331 codespace ./cli kernel images/4096x40        0   236100   236153   237372 
32327 codespace ./cli kernel images/4096x40        0   238340   238392   239596 
32325 codespace ./cli kernel images/4096x40        0   244244   244297   245464 
%CPU %MEM ARGS Mon Oct  5 01:21:44 UTC 2026
 0.0  0.0 grep --color=auto ./cli       0  2172
30.9  2.7 ./cli kernel images/4096x40   0 224168
30.9  2.7 ./cli kernel images/4096x40   0 227588
31.4  2.9 ./cli kernel images/4096x40   1 240984
31.4  2.9 ./cli kernel images/4096x40   1 243808
31.6  3.0 ./cli kernel images/4096x40   1 250164
  PID User     Command                         Swap      USS      PSS      RSS 
33725 codespace /usr/bin/python3 /usr/bin/s        0    12052    12287    14472 
32329 codespace ./cli kernel images/4096x40        0   225000   225052   226264 
32323 codespace ./cli kernel images/4096x40        0   227956   228007   229172 
32331 codespace ./cli kernel images/4096x40        0   242656   242709   243928 
32327 codespace ./cli kernel images/4096x40        0   244708   244760   245964 
32325 codespace ./cli kernel images/4096x40        0   252184   252237   253404 
%CPU %MEM ARGS Mon Oct  5 01:21:45 UTC 2026
 0.0  0.0 grep --color=auto ./cli       1  2248
30.8  2.8 ./cli kernel images/4096x40   0 230504
30.9  2.8 ./cli kernel images/4096x40   0 233868
31.3  3.0 ./cli kernel images/4096x40   0 247792
31.4  3.0 ./cli kernel images/4096x40   1 250884
31.6  3.1 ./cli kernel images/4096x40   1 258780
  PID User     Command                         Swap      USS      PSS      RSS 
33735 codespace /usr/bin/python3 /usr/bin/s        0    12060    12309    14508 
32329 codespace ./cli kernel images/4096x40        0   231916   231968   233180 
32323 codespace ./cli kernel images/4096x40        0   234896   234947   236112 
32331 codespace ./cli kernel images/4096x40        0   249444   249497   250716 
32327 codespace ./cli kernel images/4096x40        0   252468   252520   253724 
32325 codespace ./cli kernel images/4096x40        0   259672   259724   260892 
%CPU %MEM ARGS Mon Oct  5 01:21:45 UTC 2026
 0.0  0.0 grep --color=auto ./cli       0  2252
30.8  2.9 ./cli kernel images/4096x40   0 237436
30.9  2.9 ./cli kernel images/4096x40   1 241180
31.3  3.1 ./cli kernel images/4096x40   0 254456
31.4  3.1 ./cli kernel images/4096x40   1 259368
31.6  3.2 ./cli kernel images/4096x40   0 265104
  PID User     Command                         Swap      USS      PSS      RSS 
33741 codespace /usr/bin/python3 /usr/bin/s        0    12060    12301    14476 
32329 codespace ./cli kernel images/4096x40        0   239484   239536   240748 
32323 codespace ./cli kernel images/4096x40        0   243704   243755   244920 
32331 codespace ./cli kernel images/4096x40        0   256712   256765   257984 
32327 codespace ./cli kernel images/4096x40        0   262556   262608   263812 
32325 codespace ./cli kernel images/4096x40        0   266440   266492   267660 
%CPU %MEM ARGS Mon Oct  5 01:21:46 UTC 2026
 0.0  0.0 grep --color=auto ./cli       1  2152
30.8  2.9 ./cli kernel images/4096x40   0 243704
30.9  3.0 ./cli kernel images/4096x40   0 248940
31.3  3.2 ./cli kernel images/4096x40   0 260760
31.5  3.3 ./cli kernel images/4096x40   0 271140
31.5  3.3 ./cli kernel images/4096x40   1 270768
  PID User     Command                         Swap      USS      PSS      RSS 
33747 codespace /usr/bin/python3 /usr/bin/s        0    12048    12283    14468 
32329 codespace ./cli kernel images/4096x40        0   244816   244868   246080 
32323 codespace ./cli kernel images/4096x40        0   249028   249079   250244 
32331 codespace ./cli kernel images/4096x40        0   262008   262061   263280 
32325 codespace ./cli kernel images/4096x40        0   271572   271625   272792 
32327 codespace ./cli kernel images/4096x40        0   272384   272436   273640 
%CPU %MEM ARGS Mon Oct  5 01:21:47 UTC 2026
 0.0  0.0 grep --color=auto ./cli       1  2184
30.8  3.0 ./cli kernel images/4096x40   1 250524
30.9  3.1 ./cli kernel images/4096x40   0 255624
31.3  3.2 ./cli kernel images/4096x40   0 267640
31.5  3.4 ./cli kernel images/4096x40   0 277836
31.6  3.4 ./cli kernel images/4096x40   1 278944
  PID User     Command                         Swap      USS      PSS      RSS 
33752 codespace /usr/bin/python3 /usr/bin/s        0    12060    12306    14536 
32329 codespace ./cli kernel images/4096x40        0   252368   252420   253632 
32323 codespace ./cli kernel images/4096x40        0   256908   256959   258124 
32331 codespace ./cli kernel images/4096x40        0   270176   270229   271448 
32325 codespace ./cli kernel images/4096x40        0   279452   279505   280672 
32327 codespace ./cli kernel images/4096x40        0   280672   280724   281928 
%CPU %MEM ARGS Mon Oct  5 01:21:47 UTC 2026
 0.0  0.0 grep --color=auto ./cli       1  2200
30.8  3.1 ./cli kernel images/4096x40   1 258156
30.9  3.2 ./cli kernel images/4096x40   0 264248
31.3  3.3 ./cli kernel images/4096x40   1 275568
31.5  3.5 ./cli kernel images/4096x40   0 286296
31.5  3.5 ./cli kernel images/4096x40   1 286884
  PID User     Command                         Swap      USS      PSS      RSS 
33761 codespace /usr/bin/python3 /usr/bin/s        0    12060    12307    14536 
32329 codespace ./cli kernel images/4096x40        0   260504   260556   261768 
32323 codespace ./cli kernel images/4096x40        0   265348   265399   266564 
32331 codespace ./cli kernel images/4096x40        0   278140   278193   279412 
32325 codespace ./cli kernel images/4096x40        0   287756   287809   288976 
32327 codespace ./cli kernel images/4096x40        0   288868   288920   290124 
%CPU %MEM ARGS Mon Oct  5 01:21:48 UTC 2026
 0.0  0.0 grep --color=auto ./cli       0  2212
30.8  3.2 ./cli kernel images/4096x40   1 265996
30.9  3.3 ./cli kernel images/4096x40   0 273152
31.3  3.4 ./cli kernel images/4096x40   1 283256
31.5  3.6 ./cli kernel images/4096x40   1 294744
31.6  3.6 ./cli kernel images/4096x40   0 295132
  PID User     Command                         Swap      USS      PSS      RSS 
33769 codespace /usr/bin/python3 /usr/bin/s        0    12052    12310    14584 
32329 codespace ./cli kernel images/4096x40        0   268460   268512   269724 
32323 codespace ./cli kernel images/4096x40        0   274296   274347   275512 
32331 codespace ./cli kernel images/4096x40        0   286108   286161   287380 
32325 codespace ./cli kernel images/4096x40        0   296660   296712   297880 
32327 codespace ./cli kernel images/4096x40        0   296952   297004   298208 
%CPU %MEM ARGS Mon Oct  5 01:21:49 UTC 2026
 0.0  0.0 grep --color=auto ./cli       0  2196
30.8  3.3 ./cli kernel images/4096x40   1 273276
30.9  3.4 ./cli kernel images/4096x40   0 281168
31.2  3.5 ./cli kernel images/4096x40   1 290588
31.5  3.7 ./cli kernel images/4096x40   1 302112
31.5  3.7 ./cli kernel images/4096x40   1 302660
  PID User     Command                         Swap      USS      PSS      RSS 
33776 codespace /usr/bin/python3 /usr/bin/s        0    12016    12264    14496 
32329 codespace ./cli kernel images/4096x40        0   275244   275296   276508 
32323 codespace ./cli kernel images/4096x40        0   284344   284395   285560 
32331 codespace ./cli kernel images/4096x40        0   293268   293321   294540 
32325 codespace ./cli kernel images/4096x40        0   304320   304372   305540 
32327 codespace ./cli kernel images/4096x40        0   304644   304696   305900 
%CPU %MEM ARGS Mon Oct  5 01:21:49 UTC 2026
 0.0  0.0 grep --color=auto ./cli       0  2176
30.8  3.4 ./cli kernel images/4096x40   1 279772
30.9  3.5 ./cli kernel images/4096x40   1 290212
31.2  3.6 ./cli kernel images/4096x40   1 298116
31.5  3.8 ./cli kernel images/4096x40   1 310292
31.6  3.8 ./cli kernel images/4096x40   0 311404
  PID User     Command                         Swap      USS      PSS      RSS 
33787 codespace /usr/bin/python3 /usr/bin/s        0    12072    12332    14572 
32329 codespace ./cli kernel images/4096x40        0   282036   282088   283300 
32323 codespace ./cli kernel images/4096x40        0   291040   291091   292256 
32331 codespace ./cli kernel images/4096x40        0   300372   300425   301644 
32325 codespace ./cli kernel images/4096x40        0   311832   311884   313052 
32327 codespace ./cli kernel images/4096x40        0   313156   313208   314412 
%CPU %MEM ARGS Mon Oct  5 01:21:50 UTC 2026
 0.0  0.0 grep --color=auto ./cli       0  2184
30.7  3.5 ./cli kernel images/4096x40   0 286888
31.0  3.6 ./cli kernel images/4096x40   1 298500
31.2  3.7 ./cli kernel images/4096x40   1 305212
31.5  3.9 ./cli kernel images/4096x40   0 317784
31.5  3.9 ./cli kernel images/4096x40   1 318412
  PID User     Command                         Swap      USS      PSS      RSS 
33792 codespace /usr/bin/python3 /usr/bin/s        0    12060    12305    14508 
32329 codespace ./cli kernel images/4096x40        0   289244   289296   290508 
32323 codespace ./cli kernel images/4096x40        0   300196   300245   301412 
32331 codespace ./cli kernel images/4096x40        0   308144   308196   309416 
32325 codespace ./cli kernel images/4096x40        0   319284   319337   320504 
32327 codespace ./cli kernel images/4096x40        0   320772   320824   322028 
%CPU %MEM ARGS Mon Oct  5 01:21:50 UTC 2026
 0.0  0.0 grep --color=auto ./cli       1  2176
30.8  3.6 ./cli kernel images/4096x40   0 296660
31.0  3.7 ./cli kernel images/4096x40   1 306300
31.2  3.8 ./cli kernel images/4096x40   1 313032
31.5  4.0 ./cli kernel images/4096x40   0 325940
31.5  4.0 ./cli kernel images/4096x40   1 326188
  PID User     Command                         Swap      USS      PSS      RSS 
33804 codespace /usr/bin/python3 /usr/bin/s        0    12060    12298    14512 
32329 codespace ./cli kernel images/4096x40        0   298824   298876   300088 
32323 codespace ./cli kernel images/4096x40        0   307492   307543   308708 
32331 codespace ./cli kernel images/4096x40        0   315788   315841   317060 
32325 codespace ./cli kernel images/4096x40        0   327500   327553   328720 
32327 codespace ./cli kernel images/4096x40        0   328200   328252   329456 
%CPU %MEM ARGS Mon Oct  5 01:21:51 UTC 2026
 0.0  0.0 grep --color=auto ./cli       1  2168
30.8  3.7 ./cli kernel images/4096x40   1 304020
31.0  3.8 ./cli kernel images/4096x40   0 315032
31.2  3.9 ./cli kernel images/4096x40   1 320688
31.5  4.1 ./cli kernel images/4096x40   1 333508
31.5  4.1 ./cli kernel images/4096x40   1 333804
  PID User     Command                         Swap      USS      PSS      RSS 
33810 codespace /usr/bin/python3 /usr/bin/s        0    12032    12271    14448 
32329 codespace ./cli kernel images/4096x40        0   305064   305116   306328 
32323 codespace ./cli kernel images/4096x40        0   316632   316683   317848 
32331 codespace ./cli kernel images/4096x40        0   322248   322301   323520 
32325 codespace ./cli kernel images/4096x40        0   333912   333965   335132 
32327 codespace ./cli kernel images/4096x40        0   334588   334640   335844 
%CPU %MEM ARGS Mon Oct  5 01:21:52 UTC 2026
 0.0  0.0 grep --color=auto ./cli       1  2176
30.8  3.8 ./cli kernel images/4096x40   0 311380
31.0  3.9 ./cli kernel images/4096x40   0 324132
31.2  4.0 ./cli kernel images/4096x40   1 327300
31.5  4.1 ./cli kernel images/4096x40   1 340116
31.5  4.1 ./cli kernel images/4096x40   1 340412
  PID User     Command                         Swap      USS      PSS      RSS 
33815 codespace /usr/bin/python3 /usr/bin/s        0    12056    12300    14536 
32329 codespace ./cli kernel images/4096x40        0   314160   314212   315424 
32323 codespace ./cli kernel images/4096x40        0   325776   325827   326992 
32331 codespace ./cli kernel images/4096x40        0   329988   330041   331260 
32325 codespace ./cli kernel images/4096x40        0   342332   342385   343552 
32327 codespace ./cli kernel images/4096x40        0   343440   343492   344696 
%CPU %MEM ARGS Mon Oct  5 01:21:52 UTC 2026
 0.0  0.0 grep --color=auto ./cli       0  2156
30.8  3.9 ./cli kernel images/4096x40   1 319596
31.1  4.1 ./cli kernel images/4096x40   0 334544
31.1  4.1 ./cli kernel images/4096x40   1 334760
31.5  4.2 ./cli kernel images/4096x40   1 349348
31.5  4.2 ./cli kernel images/4096x40   0 349620
  PID User     Command                         Swap      USS      PSS      RSS 
33821 codespace /usr/bin/python3 /usr/bin/s        0    12060    12307    14544 
32329 codespace ./cli kernel images/4096x40        0   322304   322356   323568 
32323 codespace ./cli kernel images/4096x40        0   335628   335679   336844 
32331 codespace ./cli kernel images/4096x40        0   337796   337849   339068 
32325 codespace ./cli kernel images/4096x40        0   351096   351149   352316 
32327 codespace ./cli kernel images/4096x40        0   351680   351732   352936 
%CPU %MEM ARGS Mon Oct  5 01:21:53 UTC 2026
 0.0  0.0 grep --color=auto ./cli       1  2180
30.8  4.0 ./cli kernel images/4096x40   1 327644
31.1  4.2 ./cli kernel images/4096x40   0 342804
31.1  4.2 ./cli kernel images/4096x40   1 342780
31.5  4.3 ./cli kernel images/4096x40   1 357480
31.5  4.3 ./cli kernel images/4096x40   0 357840
  PID User     Command                         Swap      USS      PSS      RSS 
33829 codespace /usr/bin/python3 /usr/bin/s        0    12080    12339    14580 
32329 codespace ./cli kernel images/4096x40        0   330060   330112   331324 
32323 codespace ./cli kernel images/4096x40        0   346308   346359   347524 
32331 codespace ./cli kernel images/4096x40        0   347564   347617   348836 
32327 codespace ./cli kernel images/4096x40        0   359584   359636   360840 
32325 codespace ./cli kernel images/4096x40        0   359776   359828   360996 
%CPU %MEM ARGS Mon Oct  5 01:21:54 UTC 2026
 0.0  0.0 grep --color=auto ./cli       1  2288
30.7  4.1 ./cli kernel images/4096x40   1 336108
31.1  4.3 ./cli kernel images/4096x40   0 354276
31.1  4.3 ./cli kernel images/4096x40   0 353064
31.4  4.4 ./cli kernel images/4096x40   1 365300
31.5  4.5 ./cli kernel images/4096x40   1 366576
  PID User     Command                         Swap      USS      PSS      RSS 
33854 codespace /usr/bin/python3 /usr/bin/s        0    12068    12299    14588 
32329 codespace ./cli kernel images/4096x40        0   338948   338998   340212 
32323 codespace ./cli kernel images/4096x40        0   355620   355670   356836 
32331 codespace ./cli kernel images/4096x40        0   358120   358170   359392 
32327 codespace ./cli kernel images/4096x40        0   367960   368009   369216 
32325 codespace ./cli kernel images/4096x40        0   368472   368523   369692 
%CPU %MEM ARGS Mon Oct  5 01:21:55 UTC 2026
 0.0  0.0 grep --color=auto ./cli       0  2176
30.7  4.2 ./cli kernel images/4096x40   0 343932
31.1  4.4 ./cli kernel images/4096x40   0 362120
31.1  4.4 ./cli kernel images/4096x40   0 362388
31.4  4.5 ./cli kernel images/4096x40   1 373756
31.5  4.6 ./cli kernel images/4096x40   0 376240
  PID User     Command                         Swap      USS      PSS      RSS 
33866 codespace /usr/bin/python3 /usr/bin/s        0    12056    12303    14540 
32329 codespace ./cli kernel images/4096x40        0   344232   344284   345496 
32323 codespace ./cli kernel images/4096x40        0   362004   362055   363220 
32331 codespace ./cli kernel images/4096x40        0   362976   363029   364248 
32327 codespace ./cli kernel images/4096x40        0   373832   373884   375088 
32325 codespace ./cli kernel images/4096x40        0   376240   376293   377460 
%CPU %MEM ARGS Mon Oct  5 01:21:55 UTC 2026
 0.0  0.0 grep --color=auto ./cli       0  2204
30.7  4.2 ./cli kernel images/4096x40   0 349560
31.1  4.5 ./cli kernel images/4096x40   1 369236
31.1  4.5 ./cli kernel images/4096x40   1 369056
31.4  4.6 ./cli kernel images/4096x40   0 379324
31.4  4.6 ./cli kernel images/4096x40   0 381796
  PID User     Command                         Swap      USS      PSS      RSS 
33872 codespace /usr/bin/python3 /usr/bin/s        0    12064    12298    14464 
32329 codespace ./cli kernel images/4096x40        0   352268   352320   353532 
32323 codespace ./cli kernel images/4096x40        0   371300   371351   372516 
32331 codespace ./cli kernel images/4096x40        0   372872   372925   374144 
32327 codespace ./cli kernel images/4096x40        0   381572   381624   382828 
32325 codespace ./cli kernel images/4096x40        0   383592   383645   384812 
%CPU %MEM ARGS Mon Oct  5 01:21:56 UTC 2026
 0.0  0.0 grep --color=auto ./cli       1  2340
30.7  4.3 ./cli kernel images/4096x40   0 357476
31.1  4.6 ./cli kernel images/4096x40   1 377940
31.2  4.6 ./cli kernel images/4096x40   1 377632
31.4  4.7 ./cli kernel images/4096x40   0 387980
31.4  4.8 ./cli kernel images/4096x40   0 390468
  PID User     Command                         Swap      USS      PSS      RSS 
33880 codespace /usr/bin/python3 /usr/bin/s        0    12056    12303    14540 
32329 codespace ./cli kernel images/4096x40        0   360536   360588   361800 
32323 codespace ./cli kernel images/4096x40        0   380080   380131   381296 
32331 codespace ./cli kernel images/4096x40        0   382288   382341   383560 
32327 codespace ./cli kernel images/4096x40        0   390552   390604   391808 
32325 codespace ./cli kernel images/4096x40        0   392344   392397   393564 
%CPU %MEM ARGS Mon Oct  5 01:21:57 UTC 2026
 0.0  0.0 grep --color=auto ./cli       1  2172
30.6  4.4 ./cli kernel images/4096x40   0 365636
31.1  4.7 ./cli kernel images/4096x40   0 386808
31.1  4.7 ./cli kernel images/4096x40   0 386872
31.4  4.8 ./cli kernel images/4096x40   1 394580
31.4  4.8 ./cli kernel images/4096x40   0 394540
  PID User     Command                         Swap      USS      PSS      RSS 
33889 codespace /usr/bin/python3 /usr/bin/s        0    12064    12308    14512 
32329 codespace ./cli kernel images/4096x40        0   367092   367144   368356 
32323 codespace ./cli kernel images/4096x40        0   387376   387427   388592 
32331 codespace ./cli kernel images/4096x40        0   388596   388649   389868 
32325 codespace ./cli kernel images/4096x40        0   393320   393372   394540 
32327 codespace ./cli kernel images/4096x40        0   393324   393376   394580 
%CPU %MEM ARGS Mon Oct  5 01:21:57 UTC 2026
 0.0  0.0 grep --color=auto ./cli       0  2248
30.6  4.5 ./cli kernel images/4096x40   0 371448
31.0  4.8 ./cli kernel images/4096x40   0 392664
31.1  4.8 ./cli kernel images/4096x40   0 392688
31.3  4.8 ./cli kernel images/4096x40   1 394540
31.3  4.8 ./cli kernel images/4096x40   1 394580
  PID User     Command                         Swap      USS      PSS      RSS 
33895 codespace /usr/bin/python3 /usr/bin/s        0    12052    12292    14468 
32329 codespace ./cli kernel images/4096x40        0   373072   373124   374336 
32325 codespace ./cli kernel images/4096x40        0   393320   393373   394540 
32331 codespace ./cli kernel images/4096x40        0   393320   393373   394592 
32323 codespace ./cli kernel images/4096x40        0   393324   393375   394540 
32327 codespace ./cli kernel images/4096x40        0   393324   393376   394580 
%CPU %MEM ARGS Mon Oct  5 01:21:58 UTC 2026
 0.0  0.0 grep --color=auto ./cli       0  2136
30.5  4.6 ./cli kernel images/4096x40   0 377888
30.9  4.8 ./cli kernel images/4096x40   0 394540
31.0  4.8 ./cli kernel images/4096x40   0 394592
31.3  4.8 ./cli kernel images/4096x40   0 394580
31.4  4.8 ./cli kernel images/4096x40   1 394540
  PID User     Command                         Swap      USS      PSS      RSS 
33900 codespace /usr/bin/python3 /usr/bin/s        0    12060    12311    14576 
32329 codespace ./cli kernel images/4096x40        0   382344   382390   383608 
32325 codespace ./cli kernel images/4096x40        0   393320   393373   394540 
32331 codespace ./cli kernel images/4096x40        0   393320   393373   394592 
32323 codespace ./cli kernel images/4096x40        0   393324   393375   394540 
32327 codespace ./cli kernel images/4096x40        0   393324   393375   394580 
%CPU %MEM ARGS Mon Oct  5 01:21:59 UTC 2026
 0.0  0.0 grep --color=auto ./cli       0  2168
30.4  4.7 ./cli kernel images/4096x40   1 390016
30.8  4.8 ./cli kernel images/4096x40   0 394540
30.8  4.8 ./cli kernel images/4096x40   0 394592
31.1  4.8 ./cli kernel images/4096x40   0 394580
31.3  4.8 ./cli kernel images/4096x40   0 394540
  PID User     Command                         Swap      USS      PSS      RSS 
33913 codespace /usr/bin/python3 /usr/bin/s        0    12052    12258    14476 
32331 codespace ./cli kernel images/4096x40        0   393320   393370   394592 
32329 codespace ./cli kernel images/4096x40        0   393320   393372   394584 
32325 codespace ./cli kernel images/4096x40        0   393320   393373   394540 
32323 codespace ./cli kernel images/4096x40        0   393324   393375   394540 
32327 codespace ./cli kernel images/4096x40        0   393324   393376   394580 
%CPU %MEM ARGS Mon Oct  5 01:22:00 UTC 2026
 0.0  0.0 grep --color=auto ./cli       0  2184
30.4  4.8 ./cli kernel images/4096x40   1 394584
30.6  4.8 ./cli kernel images/4096x40   1 394540
30.7  4.8 ./cli kernel images/4096x40   1 394592
31.0  4.8 ./cli kernel images/4096x40   0 394580
31.2  4.8 ./cli kernel images/4096x40   1 394540
  PID User     Command                         Swap      USS      PSS      RSS 
33924 codespace /usr/bin/python3 /usr/bin/s        0    12060    12308    14536 
32329 codespace ./cli kernel images/4096x40        0   393320   393372   394584 
32325 codespace ./cli kernel images/4096x40        0   393320   393373   394540 
32331 codespace ./cli kernel images/4096x40        0   393320   393373   394592 
32323 codespace ./cli kernel images/4096x40        0   393324   393375   394540 
32327 codespace ./cli kernel images/4096x40        0   393324   393376   394580 
%CPU %MEM ARGS Mon Oct  5 01:22:01 UTC 2026
 0.0  0.0 grep --color=auto ./cli       1  2176
30.2  4.8 ./cli kernel images/4096x40   1 394584
30.5  4.8 ./cli kernel images/4096x40   1 394540
30.5  4.8 ./cli kernel images/4096x40   1 394592
30.9  4.8 ./cli kernel images/4096x40   1 394580
31.0  4.8 ./cli kernel images/4096x40   1 394540
  PID User     Command                         Swap      USS      PSS      RSS 
33930 codespace /usr/bin/python3 /usr/bin/s        0    12052    12292    14468 
32329 codespace ./cli kernel images/4096x40        0   393320   393367   394584 
32323 codespace ./cli kernel images/4096x40        0   393324   393369   394540 
32325 codespace ./cli kernel images/4096x40        0   393320   393373   394540 
32331 codespace ./cli kernel images/4096x40        0   393320   393373   394592 
32327 codespace ./cli kernel images/4096x40        0   393324   393375   394580 
%CPU %MEM ARGS Mon Oct  5 01:22:02 UTC 2026
 0.0  0.0 grep --color=auto ./cli       0  2208
30.1  4.8 ./cli kernel images/4096x40   1 394584
30.4  4.8 ./cli kernel images/4096x40   1 394592
30.5  4.8 ./cli kernel images/4096x40   0 394540
30.7  4.8 ./cli kernel images/4096x40   1 394580
30.9  4.8 ./cli kernel images/4096x40   1 394540
  PID User     Command                         Swap      USS      PSS      RSS 
33942 codespace /usr/bin/python3 /usr/bin/s        0    12060    12300    14476 
32329 codespace ./cli kernel images/4096x40        0   393320   393372   394584 
32325 codespace ./cli kernel images/4096x40        0   393320   393373   394540 
32331 codespace ./cli kernel images/4096x40        0   393320   393373   394592 
32323 codespace ./cli kernel images/4096x40        0   393324   393375   394540 
32327 codespace ./cli kernel images/4096x40        0   393324   393376   394580 
%CPU %MEM ARGS Mon Oct  5 01:22:04 UTC 2026
 0.0  0.0 grep --color=auto ./cli       0  2308
30.0  4.8 ./cli kernel images/4096x40   0 394584
30.2  4.8 ./cli kernel images/4096x40   1 394592
30.5  4.8 ./cli kernel images/4096x40   0 394540
30.6  4.8 ./cli kernel images/4096x40   1 394580
30.8  4.8 ./cli kernel images/4096x40   1 394540
  PID User     Command                         Swap      USS      PSS      RSS 
33948 codespace /usr/bin/python3 /usr/bin/s        0    12056    12297    14508 
32329 codespace ./cli kernel images/4096x40        0   393320   393372   394584 
32325 codespace ./cli kernel images/4096x40        0   393320   393373   394540 
32331 codespace ./cli kernel images/4096x40        0   393320   393373   394592 
32323 codespace ./cli kernel images/4096x40        0   393324   393375   394540 
32327 codespace ./cli kernel images/4096x40        0   393324   393376   394580 
%CPU %MEM ARGS Mon Oct  5 01:22:05 UTC 2026
 0.0  0.0 grep --color=auto ./cli       1  2252
29.8  4.8 ./cli kernel images/4096x40   1 394584
30.1  4.8 ./cli kernel images/4096x40   1 394592
30.4  4.8 ./cli kernel images/4096x40   1 394540
30.5  4.8 ./cli kernel images/4096x40   1 394580
30.7  4.8 ./cli kernel images/4096x40   0 394540
  PID User     Command                         Swap      USS      PSS      RSS 
33973 codespace /usr/bin/python3 /usr/bin/s        0    12048    12254    14472 
32329 codespace ./cli kernel images/4096x40        0   393320   393369   394584 
32331 codespace ./cli kernel images/4096x40        0   393320   393370   394592 
32325 codespace ./cli kernel images/4096x40        0   393320   393373   394540 
32323 codespace ./cli kernel images/4096x40        0   393324   393375   394540 
32327 codespace ./cli kernel images/4096x40        0   393324   393376   394580 
%CPU %MEM ARGS Mon Oct  5 01:22:06 UTC 2026
 0.0  0.0 grep --color=auto ./cli       0  2180
29.7  4.8 ./cli kernel images/4096x40   0 394584
30.0  4.8 ./cli kernel images/4096x40   0 394592
30.2  4.8 ./cli kernel images/4096x40   0 394540
30.3  4.8 ./cli kernel images/4096x40   0 394580
30.6  4.8 ./cli kernel images/4096x40   1 394540
  PID User     Command                         Swap      USS      PSS      RSS 
33991 codespace /usr/bin/python3 /usr/bin/s        0    12048    12282    14468 
32329 codespace ./cli kernel images/4096x40        0   393320   393372   394584 
32325 codespace ./cli kernel images/4096x40        0   393320   393373   394540 
32331 codespace ./cli kernel images/4096x40        0   393320   393373   394592 
32323 codespace ./cli kernel images/4096x40        0   393324   393375   394540 
32327 codespace ./cli kernel images/4096x40        0   393324   393375   394580 
%CPU %MEM ARGS Mon Oct  5 01:22:07 UTC 2026
 0.0  0.0 grep --color=auto ./cli       1  2176
29.6  4.8 ./cli kernel images/4096x40   1 394584
29.9  4.8 ./cli kernel images/4096x40   0 394592
30.1  4.8 ./cli kernel images/4096x40   1 394540
30.2  4.8 ./cli kernel images/4096x40   1 394580
30.5  4.8 ./cli kernel images/4096x40   1 394540
  PID User     Command                         Swap      USS      PSS      RSS 
33997 codespace /usr/bin/python3 /usr/bin/s        0    12052    12293    14468 
32329 codespace ./cli kernel images/4096x40        0   393320   393372   394584 
32325 codespace ./cli kernel images/4096x40        0   393320   393373   394540 
32331 codespace ./cli kernel images/4096x40        0   393320   393373   394592 
32323 codespace ./cli kernel images/4096x40        0   393324   393375   394540 
32327 codespace ./cli kernel images/4096x40        0   393324   393376   394580 
%CPU %MEM ARGS Mon Oct  5 01:22:08 UTC 2026
 0.0  0.0 grep --color=auto ./cli       0  2196
29.4  4.8 ./cli kernel images/4096x40   1 394584
29.9  4.8 ./cli kernel images/4096x40   0 394540
30.0  4.8 ./cli kernel images/4096x40   0 394592
30.1  4.8 ./cli kernel images/4096x40   0 394580
30.4  4.8 ./cli kernel images/4096x40   0 394540
  PID User     Command                         Swap      USS      PSS      RSS 
34006 codespace /usr/bin/python3 /usr/bin/s        0    12064    12312    14512 
32325 codespace ./cli kernel images/4096x40        0   393320   393372   394540 
32329 codespace ./cli kernel images/4096x40        0   393320   393372   394584 
32331 codespace ./cli kernel images/4096x40        0   393320   393373   394592 
32323 codespace ./cli kernel images/4096x40        0   393324   393375   394540 
32327 codespace ./cli kernel images/4096x40        0   393324   393376   394580 
%CPU %MEM ARGS Mon Oct  5 01:22:09 UTC 2026
 0.0  0.0 grep --color=auto ./cli       1  2040
29.5  4.8 ./cli kernel images/4096x40   1 394584
29.8  4.8 ./cli kernel images/4096x40   1 394540
29.8  4.8 ./cli kernel images/4096x40   1 394592
29.9  4.8 ./cli kernel images/4096x40   1 394580
30.2  4.8 ./cli kernel images/4096x40   1 394540
  PID User     Command                         Swap      USS      PSS      RSS 
34016 codespace /usr/bin/python3 /usr/bin/s        0    12052    12307    14580 
32329 codespace ./cli kernel images/4096x40        0   393320   393372   394584 
32325 codespace ./cli kernel images/4096x40        0   393320   393373   394540 
32331 codespace ./cli kernel images/4096x40        0   393320   393373   394592 
32323 codespace ./cli kernel images/4096x40        0   393324   393375   394540 
32327 codespace ./cli kernel images/4096x40        0   393324   393376   394580 
%CPU %MEM ARGS Mon Oct  5 01:22:10 UTC 2026
 0.0  0.0 grep --color=auto ./cli       0  2212
29.4  4.8 ./cli kernel images/4096x40   1 394584
29.7  4.8 ./cli kernel images/4096x40   1 394592
29.8  4.8 ./cli kernel images/4096x40   1 394540
29.8  4.8 ./cli kernel images/4096x40   1 394580
30.1  4.8 ./cli kernel images/4096x40   0 394540
  PID User     Command                         Swap      USS      PSS      RSS 
34022 codespace /usr/bin/python3 /usr/bin/s        0    12060    12307    14540 
32329 codespace ./cli kernel images/4096x40        0   393320   393366   394584 
32325 codespace ./cli kernel images/4096x40        0   393320   393373   394540 
32331 codespace ./cli kernel images/4096x40        0   393320   393373   394592 
32323 codespace ./cli kernel images/4096x40        0   393324   393375   394540 
32327 codespace ./cli kernel images/4096x40        0   393324   393375   394580 
%CPU %MEM ARGS Mon Oct  5 01:22:12 UTC 2026
 0.0  0.0 grep --color=auto ./cli       1  2180
29.2  4.8 ./cli kernel images/4096x40   0 394584
29.6  4.8 ./cli kernel images/4096x40   0 394592
29.6  4.8 ./cli kernel images/4096x40   0 394540
29.7  4.8 ./cli kernel images/4096x40   1 394580
30.1  4.8 ./cli kernel images/4096x40   0 394540
  PID User     Command                         Swap      USS      PSS      RSS 
34040 codespace /usr/bin/python3 /usr/bin/s        0    12068    12307    14484 
32329 codespace ./cli kernel images/4096x40        0   393320   393372   394584 
32325 codespace ./cli kernel images/4096x40        0   393320   393373   394540 
32331 codespace ./cli kernel images/4096x40        0   393320   393373   394592 
32323 codespace ./cli kernel images/4096x40        0   393324   393375   394540 
32327 codespace ./cli kernel images/4096x40        0   393324   393376   394580 
%CPU %MEM ARGS Mon Oct  5 01:22:13 UTC 2026
 0.0  0.0 grep --color=auto ./cli       1  2320
29.1  4.8 ./cli kernel images/4096x40   1 394584
29.5  4.8 ./cli kernel images/4096x40   1 394592
29.6  4.8 ./cli kernel images/4096x40   1 394580
29.6  4.8 ./cli kernel images/4096x40   0 394540
30.0  4.8 ./cli kernel images/4096x40   1 394540
  PID User     Command                         Swap      USS      PSS      RSS 
34046 codespace /usr/bin/python3 /usr/bin/s        0    12060    12307    14544 
32329 codespace ./cli kernel images/4096x40        0   393320   393372   394584 
32325 codespace ./cli kernel images/4096x40        0   393320   393373   394540 
32331 codespace ./cli kernel images/4096x40        0   393320   393373   394592 
32323 codespace ./cli kernel images/4096x40        0   393324   393375   394540 
32327 codespace ./cli kernel images/4096x40        0   393324   393376   394580 
%CPU %MEM ARGS Mon Oct  5 01:22:14 UTC 2026
 0.0  0.0 grep --color=auto ./cli       1  2208
29.0  4.8 ./cli kernel images/4096x40   0 394584
29.4  4.8 ./cli kernel images/4096x40   0 394592
29.5  4.8 ./cli kernel images/4096x40   0 394580
29.5  4.8 ./cli kernel images/4096x40   0 394540
29.9  4.8 ./cli kernel images/4096x40   0 394540
  PID User     Command                         Swap      USS      PSS      RSS 
34052 codespace /usr/bin/python3 /usr/bin/s        0    12060    12302    14476 
32329 codespace ./cli kernel images/4096x40        0   393320   393372   394584 
32325 codespace ./cli kernel images/4096x40        0   393320   393373   394540 
32331 codespace ./cli kernel images/4096x40        0   393320   393373   394592 
32323 codespace ./cli kernel images/4096x40        0   393324   393375   394540 
32327 codespace ./cli kernel images/4096x40        0   393324   393376   394580 
%CPU %MEM ARGS Mon Oct  5 01:22:14 UTC 2026
 0.0  0.0 grep --color=auto ./cli       0  2172
29.0  4.8 ./cli kernel images/4096x40   0 394584
29.3  4.8 ./cli kernel images/4096x40   0 394592
29.4  4.8 ./cli kernel images/4096x40   1 394580
29.5  4.8 ./cli kernel images/4096x40   1 394540
29.8  4.8 ./cli kernel images/4096x40   1 394540
  PID User     Command                         Swap      USS      PSS      RSS 
34067 codespace /usr/bin/python3 /usr/bin/s        0    12064    12304    14480 
32329 codespace ./cli kernel images/4096x40        0   393320   393372   394584 
32325 codespace ./cli kernel images/4096x40        0   393320   393373   394540 
32331 codespace ./cli kernel images/4096x40        0   393320   393373   394592 
32323 codespace ./cli kernel images/4096x40        0   393324   393375   394540 
32327 codespace ./cli kernel images/4096x40        0   393324   393376   394580 
%CPU %MEM ARGS Mon Oct  5 01:22:15 UTC 2026
 0.0  0.0 grep --color=auto ./cli       0  2208
28.9  4.8 ./cli kernel images/4096x40   0 394584
29.2  4.8 ./cli kernel images/4096x40   0 394592
29.4  4.8 ./cli kernel images/4096x40   0 394540
29.4  4.8 ./cli kernel images/4096x40   0 394580
29.7  4.8 ./cli kernel images/4096x40   0 394540
  PID User     Command                         Swap      USS      PSS      RSS 
34089 codespace /usr/bin/python3 /usr/bin/s        0    12068    12325    14568 
32325 codespace ./cli kernel images/4096x40        0   393320   393372   394540 
32329 codespace ./cli kernel images/4096x40        0   393320   393372   394584 
32331 codespace ./cli kernel images/4096x40        0   393320   393373   394592 
32323 codespace ./cli kernel images/4096x40        0   393324   393375   394540 
32327 codespace ./cli kernel images/4096x40        0   393324   393376   394580 
%CPU %MEM ARGS Mon Oct  5 01:22:17 UTC 2026
 0.0  0.0 grep --color=auto ./cli       0  2156
28.8  4.8 ./cli kernel images/4096x40   0 394584
29.1  4.8 ./cli kernel images/4096x40   0 394592
29.2  4.8 ./cli kernel images/4096x40   0 394540
29.3  4.8 ./cli kernel images/4096x40   0 394580
29.7  4.8 ./cli kernel images/4096x40   1 394540
  PID User     Command                         Swap      USS      PSS      RSS 
34095 codespace /usr/bin/python3 /usr/bin/s        0    12064    12310    14544 
32325 codespace ./cli kernel images/4096x40        0   393320   393370   394540 
32323 codespace ./cli kernel images/4096x40        0   393324   393372   394540 
32329 codespace ./cli kernel images/4096x40        0   393320   393372   394584 
32331 codespace ./cli kernel images/4096x40        0   393320   393372   394592 
32327 codespace ./cli kernel images/4096x40        0   393324   393373   394580 
%CPU %MEM ARGS Mon Oct  5 01:22:18 UTC 2026
 0.0  0.0 grep --color=auto ./cli       1  2212
28.7  4.8 ./cli kernel images/4096x40   1 394584
29.0  4.8 ./cli kernel images/4096x40   1 394592
29.1  4.8 ./cli kernel images/4096x40   0 394540
29.2  4.8 ./cli kernel images/4096x40   1 394580
29.6  4.8 ./cli kernel images/4096x40   1 394540
  PID User     Command                         Swap      USS      PSS      RSS 
34111 codespace /usr/bin/python3 /usr/bin/s        0    12064    12303    14480 
32329 codespace ./cli kernel images/4096x40        0   393320   393372   394584 
32325 codespace ./cli kernel images/4096x40        0   393320   393373   394540 
32331 codespace ./cli kernel images/4096x40        0   393320   393373   394592 
32323 codespace ./cli kernel images/4096x40        0   393324   393375   394540 
32327 codespace ./cli kernel images/4096x40        0   393324   393376   394580 
%CPU %MEM ARGS Mon Oct  5 01:22:19 UTC 2026
 0.0  0.0 grep --color=auto ./cli       1  2184
28.6  4.8 ./cli kernel images/4096x40   1 394584
28.9  4.8 ./cli kernel images/4096x40   1 394592
29.0  4.8 ./cli kernel images/4096x40   1 394540
29.1  4.8 ./cli kernel images/4096x40   0 394580
29.5  4.8 ./cli kernel images/4096x40   1 394540
  PID User     Command                         Swap      USS      PSS      RSS 
34119 codespace /usr/bin/python3 /usr/bin/s        0    12052    12292    14468 
32329 codespace ./cli kernel images/4096x40        0   393320   393372   394584 
32325 codespace ./cli kernel images/4096x40        0   393320   393373   394540 
32331 codespace ./cli kernel images/4096x40        0   393320   393373   394592 
32323 codespace ./cli kernel images/4096x40        0   393324   393375   394540 
32327 codespace ./cli kernel images/4096x40        0   393324   393376   394580 
%CPU %MEM ARGS Mon Oct  5 01:22:20 UTC 2026
 0.0  0.0 grep --color=auto ./cli       0  2300
28.5  4.8 ./cli kernel images/4096x40   0 394584
28.8  4.8 ./cli kernel images/4096x40   0 394592
29.0  4.8 ./cli kernel images/4096x40   1 394540
29.1  4.8 ./cli kernel images/4096x40   0 394580
29.3  4.8 ./cli kernel images/4096x40   0 394540
  PID User     Command                         Swap      USS      PSS      RSS 
34125 codespace /usr/bin/python3 /usr/bin/s        0    12064    12312    14512 
32329 codespace ./cli kernel images/4096x40        0   393320   393372   394584 
32331 codespace ./cli kernel images/4096x40        0   393320   393372   394592 
32325 codespace ./cli kernel images/4096x40        0   393320   393373   394540 
32323 codespace ./cli kernel images/4096x40        0   393324   393375   394540 
32327 codespace ./cli kernel images/4096x40        0   393324   393376   394580 
%CPU %MEM ARGS Mon Oct  5 01:22:21 UTC 2026
 0.0  0.0 grep --color=auto ./cli       1  2176
28.4  4.8 ./cli kernel images/4096x40   1 394584
28.7  4.8 ./cli kernel images/4096x40   0 394592
29.0  4.8 ./cli kernel images/4096x40   1 394580
29.0  4.8 ./cli kernel images/4096x40   0 394540
29.2  4.8 ./cli kernel images/4096x40   1 394540
  PID User     Command                         Swap      USS      PSS      RSS 
34135 codespace /usr/bin/python3 /usr/bin/s        0    12068    12326    14616 
32325 codespace ./cli kernel images/4096x40        0   393320   393372   394540 
32329 codespace ./cli kernel images/4096x40        0   393320   393372   394584 
32331 codespace ./cli kernel images/4096x40        0   393320   393374   394592 
32323 codespace ./cli kernel images/4096x40        0   393324   393375   394540 
32327 codespace ./cli kernel images/4096x40        0   393324   393376   394580 
%CPU %MEM ARGS Mon Oct  5 01:22:22 UTC 2026
 0.0  0.0 grep --color=auto ./cli       0  2212
28.3  4.8 ./cli kernel images/4096x40   1 394584
28.6  4.8 ./cli kernel images/4096x40   1 394592
28.9  4.8 ./cli kernel images/4096x40   1 394580
28.9  4.8 ./cli kernel images/4096x40   0 394540
29.3  4.8 ./cli kernel images/4096x40   0 394540
  PID User     Command                         Swap      USS      PSS      RSS 
34143 codespace /usr/bin/python3 /usr/bin/s        0    12072    12330    14572 
32325 codespace ./cli kernel images/4096x40        0   393320   393372   394540 
32329 codespace ./cli kernel images/4096x40        0   393320   393372   394584 
32331 codespace ./cli kernel images/4096x40        0   393320   393373   394592 
32323 codespace ./cli kernel images/4096x40        0   393324   393375   394540 
32327 codespace ./cli kernel images/4096x40        0   393324   393376   394580 
%CPU %MEM ARGS Mon Oct  5 01:22:23 UTC 2026
 0.0  0.0 grep --color=auto ./cli       0  2192
28.2  4.8 ./cli kernel images/4096x40   0 394584
28.5  4.8 ./cli kernel images/4096x40   0 394592
28.8  4.8 ./cli kernel images/4096x40   0 394580
28.9  4.8 ./cli kernel images/4096x40   1 394540
29.2  4.8 ./cli kernel images/4096x40   0 394540
  PID User     Command                         Swap      USS      PSS      RSS 
34154 codespace /usr/bin/python3 /usr/bin/s        0    12060    12306    14544 
32329 codespace ./cli kernel images/4096x40        0   393320   393372   394584 
32331 codespace ./cli kernel images/4096x40        0   393320   393372   394592 
32325 codespace ./cli kernel images/4096x40        0   393320   393373   394540 
32323 codespace ./cli kernel images/4096x40        0   393324   393375   394540 
32327 codespace ./cli kernel images/4096x40        0   393324   393376   394580 
%CPU %MEM ARGS Mon Oct  5 01:22:24 UTC 2026
 0.0  0.0 grep --color=auto ./cli       0  2180
28.2  4.8 ./cli kernel images/4096x40   1 394584
28.4  4.8 ./cli kernel images/4096x40   0 394592
28.7  4.8 ./cli kernel images/4096x40   0 394580
28.8  4.8 ./cli kernel images/4096x40   0 394540
29.0  4.8 ./cli kernel images/4096x40   0 394540
  PID User     Command                         Swap      USS      PSS      RSS 
34166 codespace /usr/bin/python3 /usr/bin/s        0    11996    12246    14464 
32329 codespace ./cli kernel images/4096x40        0   393320   393372   394584 
32325 codespace ./cli kernel images/4096x40        0   393320   393373   394540 
32331 codespace ./cli kernel images/4096x40        0   393320   393373   394592 
32323 codespace ./cli kernel images/4096x40        0   393324   393375   394540 
32327 codespace ./cli kernel images/4096x40        0   393324   393377   394580 
%CPU %MEM ARGS Mon Oct  5 01:22:25 UTC 2026
 0.0  0.0 grep --color=auto ./cli       1  2208
28.2  4.8 ./cli kernel images/4096x40   0 394584
28.3  4.8 ./cli kernel images/4096x40   0 394592
28.6  4.8 ./cli kernel images/4096x40   0 394580
28.7  4.8 ./cli kernel images/4096x40   1 394540
28.9  4.8 ./cli kernel images/4096x40   1 394540
  PID User     Command                         Swap      USS      PSS      RSS 
34184 codespace /usr/bin/python3 /usr/bin/s        0    12064    12327    14624 
32329 codespace ./cli kernel images/4096x40        0   393320   393372   394584 
32325 codespace ./cli kernel images/4096x40        0   393320   393373   394540 
32331 codespace ./cli kernel images/4096x40        0   393320   393373   394592 
32323 codespace ./cli kernel images/4096x40        0   393324   393375   394540 
32327 codespace ./cli kernel images/4096x40        0   393324   393376   394580 
%CPU %MEM ARGS Mon Oct  5 01:22:26 UTC 2026
 0.0  0.0 grep --color=auto ./cli       1  2212
28.1  4.8 ./cli kernel images/4096x40   0 394584
28.2  4.8 ./cli kernel images/4096x40   0 394592
28.5  4.8 ./cli kernel images/4096x40   0 394580
28.6  4.8 ./cli kernel images/4096x40   1 394540
28.9  4.8 ./cli kernel images/4096x40   0 394540
  PID User     Command                         Swap      USS      PSS      RSS 
34196 codespace /usr/bin/python3 /usr/bin/s        0    12056    12301    14536 
32329 codespace ./cli kernel images/4096x40        0   393320   393366   394584 
32325 codespace ./cli kernel images/4096x40        0   393320   393367   394540 
32331 codespace ./cli kernel images/4096x40        0   393320   393373   394592 
32323 codespace ./cli kernel images/4096x40        0   393324   393374   394540 
32327 codespace ./cli kernel images/4096x40        0   393324   393376   394580 
%CPU %MEM ARGS Mon Oct  5 01:22:27 UTC 2026
 0.0  0.0 grep --color=auto ./cli       0  2248
28.0  4.8 ./cli kernel images/4096x40   1 394584
28.1  4.8 ./cli kernel images/4096x40   0 394592
28.4  4.8 ./cli kernel images/4096x40   0 394580
28.6  4.8 ./cli kernel images/4096x40   0 394540
28.8  4.8 ./cli kernel images/4096x40   0 394540
  PID User     Command                         Swap      USS      PSS      RSS 
34208 codespace /usr/bin/python3 /usr/bin/s        0    12060    12310    14544 
32329 codespace ./cli kernel images/4096x40        0   393320   393372   394584 
32325 codespace ./cli kernel images/4096x40        0   393320   393373   394540 
32331 codespace ./cli kernel images/4096x40        0   393320   393373   394592 
32323 codespace ./cli kernel images/4096x40        0   393324   393375   394540 
32327 codespace ./cli kernel images/4096x40        0   393324   393376   394580 
%CPU %MEM ARGS Mon Oct  5 01:22:28 UTC 2026
 0.0  0.0 grep --color=auto ./cli       0  2204
28.0  4.8 ./cli kernel images/4096x40   0 394592
28.1  4.8 ./cli kernel images/4096x40   0 394584
28.3  4.8 ./cli kernel images/4096x40   1 394580
28.5  4.8 ./cli kernel images/4096x40   0 394540
28.7  4.8 ./cli kernel images/4096x40   1 394540
  PID User     Command                         Swap      USS      PSS      RSS 
34220 codespace /usr/bin/python3 /usr/bin/s        0    12056    12296    14472 
32329 codespace ./cli kernel images/4096x40        0   393320   393372   394584 
32325 codespace ./cli kernel images/4096x40        0   393320   393373   394540 
32331 codespace ./cli kernel images/4096x40        0   393320   393373   394592 
32323 codespace ./cli kernel images/4096x40        0   393324   393375   394540 
32327 codespace ./cli kernel images/4096x40        0   393324   393376   394580 
%CPU %MEM ARGS Mon Oct  5 01:22:30 UTC 2026
 0.0  0.0 grep --color=auto ./cli       0  2292
27.9  4.8 ./cli kernel images/4096x40   0 394592
28.0  4.8 ./cli kernel images/4096x40   1 394584
28.2  4.8 ./cli kernel images/4096x40   0 394580
28.4  4.8 ./cli kernel images/4096x40   0 394540
28.5  4.8 ./cli kernel images/4096x40   0 394540
  PID User     Command                         Swap      USS      PSS      RSS 
34226 codespace /usr/bin/python3 /usr/bin/s        0    12068    12327    14588 
32329 codespace ./cli kernel images/4096x40        0   393320   393372   394584 
32325 codespace ./cli kernel images/4096x40        0   393320   393373   394540 
32331 codespace ./cli kernel images/4096x40        0   393320   393373   394592 
32323 codespace ./cli kernel images/4096x40        0   393324   393375   394540 
32327 codespace ./cli kernel images/4096x40        0   393324   393376   394580 
%CPU %MEM ARGS Mon Oct  5 01:22:31 UTC 2026
 0.0  0.0 grep --color=auto ./cli       0  2184
27.8  4.8 ./cli kernel images/4096x40   0 394592
28.0  4.8 ./cli kernel images/4096x40   0 394584
28.1  4.8 ./cli kernel images/4096x40   0 394580
28.3  4.8 ./cli kernel images/4096x40   0 394540
28.4  4.8 ./cli kernel images/4096x40   0 394540
  PID User     Command                         Swap      USS      PSS      RSS 
34239 codespace /usr/bin/python3 /usr/bin/s        0    12056    12297    14472 
32329 codespace ./cli kernel images/4096x40        0   393320   393372   394584 
32325 codespace ./cli kernel images/4096x40        0   393320   393373   394540 
32331 codespace ./cli kernel images/4096x40        0   393320   393373   394592 
32323 codespace ./cli kernel images/4096x40        0   393324   393375   394540 
32327 codespace ./cli kernel images/4096x40        0   393324   393376   394580 
%CPU %MEM ARGS Mon Oct  5 01:22:31 UTC 2026
 0.0  0.0 grep --color=auto ./cli       0  2176
27.7  4.8 ./cli kernel images/4096x40   0 394592
28.0  4.8 ./cli kernel images/4096x40   1 394584
28.1  4.8 ./cli kernel images/4096x40   0 394580
28.3  4.8 ./cli kernel images/4096x40   0 394540
28.4  4.8 ./cli kernel images/4096x40   0 394540
  PID User     Command                         Swap      USS      PSS      RSS 
34244 codespace /usr/bin/python3 /usr/bin/s        0    12076    12331    14584 
32329 codespace ./cli kernel images/4096x40        0   393320   393372   394584 
32325 codespace ./cli kernel images/4096x40        0   393320   393373   394540 
32331 codespace ./cli kernel images/4096x40        0   393320   393373   394592 
32323 codespace ./cli kernel images/4096x40        0   393324   393375   394540 
32327 codespace ./cli kernel images/4096x40        0   393324   393376   394580 
%CPU %MEM ARGS Mon Oct  5 01:22:32 UTC 2026
 0.0  0.0 grep --color=auto ./cli       0  2344
27.7  4.8 ./cli kernel images/4096x40   0 394592
27.9  4.8 ./cli kernel images/4096x40   0 394584
28.0  4.8 ./cli kernel images/4096x40   0 394580
28.2  4.8 ./cli kernel images/4096x40   0 394540
28.3  4.8 ./cli kernel images/4096x40   0 394540
  PID User     Command                         Swap      USS      PSS      RSS 
34250 codespace /usr/bin/python3 /usr/bin/s        0    12052    12285    14472 
32329 codespace ./cli kernel images/4096x40        0   393320   393366   394584 
32323 codespace ./cli kernel images/4096x40        0   393324   393369   394540 
32325 codespace ./cli kernel images/4096x40        0   393320   393373   394540 
32331 codespace ./cli kernel images/4096x40        0   393320   393373   394592 
32327 codespace ./cli kernel images/4096x40        0   393324   393376   394580 
%CPU %MEM ARGS Mon Oct  5 01:22:34 UTC 2026
 0.0  0.0 grep --color=auto ./cli       0  2168
27.6  4.8 ./cli kernel images/4096x40   0 394592
27.8  4.8 ./cli kernel images/4096x40   0 394584
28.1  4.8 ./cli kernel images/4096x40   1 394580
28.1  4.8 ./cli kernel images/4096x40   0 394540
28.2  4.8 ./cli kernel images/4096x40   0 394540
  PID User     Command                         Swap      USS      PSS      RSS 
34262 codespace /usr/bin/python3 /usr/bin/s        0    12056    12298    14512 
32325 codespace ./cli kernel images/4096x40        0   393320   393370   394540 
32329 codespace ./cli kernel images/4096x40        0   393320   393372   394584 
32323 codespace ./cli kernel images/4096x40        0   393324   393373   394540 
32327 codespace ./cli kernel images/4096x40        0   393324   393373   394580 
32331 codespace ./cli kernel images/4096x40        0   393320   393373   394592 
%CPU %MEM ARGS Mon Oct  5 01:22:35 UTC 2026
 0.0  0.0 grep --color=auto ./cli       0  2164
27.5  4.8 ./cli kernel images/4096x40   0 394592
27.8  4.8 ./cli kernel images/4096x40   1 394584
28.0  4.8 ./cli kernel images/4096x40   1 394540
28.0  4.8 ./cli kernel images/4096x40   1 394580
28.1  4.8 ./cli kernel images/4096x40   1 394540
  PID User     Command                         Swap      USS      PSS      RSS 
34274 codespace /usr/bin/python3 /usr/bin/s        0    12056    12293    14508 
32329 codespace ./cli kernel images/4096x40        0   393320   393372   394584 
32325 codespace ./cli kernel images/4096x40        0   393320   393373   394540 
32331 codespace ./cli kernel images/4096x40        0   393320   393373   394592 
32323 codespace ./cli kernel images/4096x40        0   393324   393375   394540 
32327 codespace ./cli kernel images/4096x40        0   393324   393376   394580 
%CPU %MEM ARGS Mon Oct  5 01:22:36 UTC 2026
 0.0  0.0 grep --color=auto ./cli       1  2292
27.5  4.8 ./cli kernel images/4096x40   0 394592
27.7  4.8 ./cli kernel images/4096x40   1 394584
27.9  4.8 ./cli kernel images/4096x40   1 394540
27.9  4.8 ./cli kernel images/4096x40   1 394580
28.0  4.8 ./cli kernel images/4096x40   0 394540
  PID User     Command                         Swap      USS      PSS      RSS 
34298 codespace /usr/bin/python3 /usr/bin/s        0    12068    12326    14568 
32325 codespace ./cli kernel images/4096x40        0   393320   393372   394540 
32329 codespace ./cli kernel images/4096x40        0   393320   393372   394584 
32331 codespace ./cli kernel images/4096x40        0   393320   393373   394592 
32323 codespace ./cli kernel images/4096x40        0   393324   393375   394540 
32327 codespace ./cli kernel images/4096x40        0   393324   393376   394580 
%CPU %MEM ARGS Mon Oct  5 01:22:37 UTC 2026
 0.0  0.0 grep --color=auto ./cli       1  2184
27.4  4.8 ./cli kernel images/4096x40   1 394592
27.6  4.8 ./cli kernel images/4096x40   0 394584
27.8  4.8 ./cli kernel images/4096x40   1 394580
27.8  4.8 ./cli kernel images/4096x40   1 394540
28.0  4.8 ./cli kernel images/4096x40   1 394540
  PID User     Command                         Swap      USS      PSS      RSS 
34310 codespace /usr/bin/python3 /usr/bin/s        0    12052    12310    14584 
32325 codespace ./cli kernel images/4096x40        0   393320   393372   394540 
32329 codespace ./cli kernel images/4096x40        0   393320   393372   394584 
32331 codespace ./cli kernel images/4096x40        0   393320   393373   394592 
32323 codespace ./cli kernel images/4096x40        0   393324   393375   394540 
32327 codespace ./cli kernel images/4096x40        0   393324   393376   394580 
%CPU %MEM ARGS Mon Oct  5 01:22:38 UTC 2026
 0.0  0.0 grep --color=auto ./cli       0  2172
27.3  4.8 ./cli kernel images/4096x40   1 394592
27.7  4.8 ./cli kernel images/4096x40   1 394584
27.7  4.8 ./cli kernel images/4096x40   1 394580
27.7  4.8 ./cli kernel images/4096x40   1 394540
27.9  4.8 ./cli kernel images/4096x40   1 394540
  PID User     Command                         Swap      USS      PSS      RSS 
34316 codespace /usr/bin/python3 /usr/bin/s        0    12060    12308    14540 
32325 codespace ./cli kernel images/4096x40        0   393320   393372   394540 
32329 codespace ./cli kernel images/4096x40        0   393320   393372   394584 
32331 codespace ./cli kernel images/4096x40        0   393320   393373   394592 
32323 codespace ./cli kernel images/4096x40        0   393324   393375   394540 
32327 codespace ./cli kernel images/4096x40        0   393324   393376   394580 
%CPU %MEM ARGS Mon Oct  5 01:22:39 UTC 2026
 0.0  0.0 grep --color=auto ./cli       1  2184
27.3  4.8 ./cli kernel images/4096x40   1 394592
27.6  4.8 ./cli kernel images/4096x40   0 394584
27.7  4.8 ./cli kernel images/4096x40   1 394540
27.7  4.8 ./cli kernel images/4096x40   1 394580
27.9  4.8 ./cli kernel images/4096x40   1 394540
  PID User     Command                         Swap      USS      PSS      RSS 
34321 codespace /usr/bin/python3 /usr/bin/s        0    12056    12289    14476 
32329 codespace ./cli kernel images/4096x40        0   393320   393366   394584 
32323 codespace ./cli kernel images/4096x40        0   393324   393372   394540 
32325 codespace ./cli kernel images/4096x40        0   393320   393372   394540 
32327 codespace ./cli kernel images/4096x40        0   393324   393373   394580 
32331 codespace ./cli kernel images/4096x40        0   393320   393373   394592 
%CPU %MEM ARGS Mon Oct  5 01:22:40 UTC 2026
 0.0  0.0 grep --color=auto ./cli       0  2344
27.2  4.8 ./cli kernel images/4096x40   0 394592
27.6  4.8 ./cli kernel images/4096x40   1 394580
27.6  4.8 ./cli kernel images/4096x40   1 394540
27.6  4.8 ./cli kernel images/4096x40   0 394584
27.8  4.8 ./cli kernel images/4096x40   1 394540
  PID User     Command                         Swap      USS      PSS      RSS 
34344 codespace /usr/bin/python3 /usr/bin/s        0    12060    12309    14508 
32325 codespace ./cli kernel images/4096x40        0   393320   393372   394540 
32329 codespace ./cli kernel images/4096x40        0   393320   393372   394584 
32331 codespace ./cli kernel images/4096x40        0   393320   393373   394592 
32323 codespace ./cli kernel images/4096x40        0   393324   393375   394540 
32327 codespace ./cli kernel images/4096x40        0   393324   393376   394580 
%CPU %MEM ARGS Mon Oct  5 01:22:41 UTC 2026
 0.0  0.0 grep --color=auto ./cli       1  2208
27.1  4.8 ./cli kernel images/4096x40   1 394592
27.5  4.8 ./cli kernel images/4096x40   1 394540
27.5  4.8 ./cli kernel images/4096x40   0 394580
27.6  4.8 ./cli kernel images/4096x40   1 394584
27.7  4.8 ./cli kernel images/4096x40   1 394540
  PID User     Command                         Swap      USS      PSS      RSS 
34351 codespace /usr/bin/python3 /usr/bin/s        0    12060    12300    14476 
32329 codespace ./cli kernel images/4096x40        0   393320   393372   394584 
32325 codespace ./cli kernel images/4096x40        0   393320   393373   394540 
32331 codespace ./cli kernel images/4096x40        0   393320   393373   394592 
32323 codespace ./cli kernel images/4096x40        0   393324   393375   394540 
32327 codespace ./cli kernel images/4096x40        0   393324   393376   394580 
%CPU %MEM ARGS Mon Oct  5 01:22:42 UTC 2026
 0.0  0.0 grep --color=auto ./cli       0  2248
27.1  4.8 ./cli kernel images/4096x40   0 394592
27.4  4.8 ./cli kernel images/4096x40   0 394540
27.5  4.8 ./cli kernel images/4096x40   1 394580
27.6  4.8 ./cli kernel images/4096x40   0 394584
27.6  4.8 ./cli kernel images/4096x40   0 394540
  PID User     Command                         Swap      USS      PSS      RSS 
34358 codespace /usr/bin/python3 /usr/bin/s        0    12060    12285    14564 
32331 codespace ./cli kernel images/4096x40        0   393320   393367   394592 
32325 codespace ./cli kernel images/4096x40        0   393320   393372   394540 
32329 codespace ./cli kernel images/4096x40        0   393320   393372   394584 
32323 codespace ./cli kernel images/4096x40        0   393324   393375   394540 
32327 codespace ./cli kernel images/4096x40        0   393324   393376   394580 
%CPU %MEM ARGS Mon Oct  5 01:22:43 UTC 2026
 0.0  0.0 grep --color=auto ./cli       0  2200
27.0  4.8 ./cli kernel images/4096x40   1 394592
27.4  4.8 ./cli kernel images/4096x40   0 394540
27.5  4.8 ./cli kernel images/4096x40   1 394580
27.5  4.8 ./cli kernel images/4096x40   0 394584
27.6  4.8 ./cli kernel images/4096x40   1 394540
  PID User     Command                         Swap      USS      PSS      RSS 
34370 codespace /usr/bin/python3 /usr/bin/s        0    12072    12311    14488 
32329 codespace ./cli kernel images/4096x40        0   393320   393372   394584 
32325 codespace ./cli kernel images/4096x40        0   393320   393373   394540 
32331 codespace ./cli kernel images/4096x40        0   393320   393373   394592 
32323 codespace ./cli kernel images/4096x40        0   393324   393375   394540 
32327 codespace ./cli kernel images/4096x40        0   393324   393376   394580 
%CPU %MEM ARGS Mon Oct  5 01:22:44 UTC 2026
 0.0  0.0 grep --color=auto ./cli       0  2168
26.9  4.8 ./cli kernel images/4096x40   1 394592
27.4  4.8 ./cli kernel images/4096x40   0 394540
27.4  4.8 ./cli kernel images/4096x40   1 394580
27.4  4.8 ./cli kernel images/4096x40   1 394584
27.5  4.8 ./cli kernel images/4096x40   1 394540
  PID User     Command                         Swap      USS      PSS      RSS 
34376 codespace /usr/bin/python3 /usr/bin/s        0    12068    12319    14584 
32325 codespace ./cli kernel images/4096x40        0   393320   393372   394540 
32329 codespace ./cli kernel images/4096x40        0   393320   393372   394584 
32331 codespace ./cli kernel images/4096x40        0   393320   393373   394592 
32323 codespace ./cli kernel images/4096x40        0   393324   393375   394540 
32327 codespace ./cli kernel images/4096x40        0   393324   393375   394580 
%CPU %MEM ARGS Mon Oct  5 01:22:45 UTC 2026
 0.0  0.0 grep --color=auto ./cli       1  2180
26.9  4.8 ./cli kernel images/4096x40   0 394592
27.3  4.8 ./cli kernel images/4096x40   1 394580
27.3  4.8 ./cli kernel images/4096x40   1 394540
27.3  4.8 ./cli kernel images/4096x40   0 394584
27.4  4.8 ./cli kernel images/4096x40   1 394540
  PID User     Command                         Swap      USS      PSS      RSS 
34385 codespace /usr/bin/python3 /usr/bin/s        0    12060    12294    14512 
32325 codespace ./cli kernel images/4096x40        0   393320   393371   394540 
32327 codespace ./cli kernel images/4096x40        0   393324   393371   394580 
32329 codespace ./cli kernel images/4096x40        0   393320   393372   394584 
32331 codespace ./cli kernel images/4096x40        0   393320   393372   394592 
32323 codespace ./cli kernel images/4096x40        0   393324   393373   394540 
%CPU %MEM ARGS Mon Oct  5 01:22:46 UTC 2026
 0.0  0.0 grep --color=auto ./cli       0  2172
26.8  4.8 ./cli kernel images/4096x40   1 394592
27.2  4.8 ./cli kernel images/4096x40   1 394580
27.2  4.8 ./cli kernel images/4096x40   1 394540
27.3  4.8 ./cli kernel images/4096x40   1 394584
27.3  4.8 ./cli kernel images/4096x40   0 394540
  PID User     Command                         Swap      USS      PSS      RSS 
34410 codespace /usr/bin/python3 /usr/bin/s        0    12028    12275    14480 
32329 codespace ./cli kernel images/4096x40        0   393320   393372   394584 
32325 codespace ./cli kernel images/4096x40        0   393320   393373   394540 
32331 codespace ./cli kernel images/4096x40        0   393320   393373   394592 
32323 codespace ./cli kernel images/4096x40        0   393324   393375   394540 
32327 codespace ./cli kernel images/4096x40        0   393324   393376   394580 
%CPU %MEM ARGS Mon Oct  5 01:22:47 UTC 2026
 0.0  0.0 grep --color=auto ./cli       1  2200
26.7  4.8 ./cli kernel images/4096x40   0 394592
27.2  4.8 ./cli kernel images/4096x40   1 394540
27.2  4.8 ./cli kernel images/4096x40   0 394580
27.2  4.8 ./cli kernel images/4096x40   0 394584
27.3  4.8 ./cli kernel images/4096x40   1 394540
  PID User     Command                         Swap      USS      PSS      RSS 
34428 codespace /usr/bin/python3 /usr/bin/s        0    12052    12288    14476 
32325 codespace ./cli kernel images/4096x40        0   393320   393372   394540 
32329 codespace ./cli kernel images/4096x40        0   393320   393372   394584 
32331 codespace ./cli kernel images/4096x40        0   393320   393373   394592 
32323 codespace ./cli kernel images/4096x40        0   393324   393375   394540 
32327 codespace ./cli kernel images/4096x40        0   393324   393376   394580 
%CPU %MEM ARGS Mon Oct  5 01:22:48 UTC 2026
 0.0  0.0 grep --color=auto ./cli       1  2252
26.7  4.8 ./cli kernel images/4096x40   0 394592
27.1  4.8 ./cli kernel images/4096x40   1 394540
27.1  4.8 ./cli kernel images/4096x40   1 394580
27.2  4.8 ./cli kernel images/4096x40   1 394584
27.3  4.8 ./cli kernel images/4096x40   1 394540
  PID User     Command                         Swap      USS      PSS      RSS 
34434 codespace /usr/bin/python3 /usr/bin/s        0    12052    12291    14468 
32323 codespace ./cli kernel images/4096x40        0   393324   393369   394540 
32329 codespace ./cli kernel images/4096x40        0   393320   393372   394584 
32325 codespace ./cli kernel images/4096x40        0   393320   393373   394540 
32331 codespace ./cli kernel images/4096x40        0   393320   393373   394592 
32327 codespace ./cli kernel images/4096x40        0   393324   393376   394580 
%CPU %MEM ARGS Mon Oct  5 01:22:50 UTC 2026
 0.0  0.0 grep --color=auto ./cli       1  2200
26.8  4.8 ./cli kernel images/4096x40   0 394592
27.0  4.8 ./cli kernel images/4096x40   1 394540
27.0  4.8 ./cli kernel images/4096x40   1 394580
27.1  4.8 ./cli kernel images/4096x40   1 394584
27.2  4.8 ./cli kernel images/4096x40   1 394540
  PID User     Command                         Swap      USS      PSS      RSS 
34446 codespace /usr/bin/python3 /usr/bin/s        0    12056    12298    14472 
32329 codespace ./cli kernel images/4096x40        0   393320   393372   394584 
32325 codespace ./cli kernel images/4096x40        0   393320   393373   394540 
32331 codespace ./cli kernel images/4096x40        0   393320   393373   394592 
32323 codespace ./cli kernel images/4096x40        0   393324   393375   394540 
32327 codespace ./cli kernel images/4096x40        0   393324   393376   394580 
%CPU %MEM ARGS Mon Oct  5 01:22:51 UTC 2026
 0.0  0.0 grep --color=auto ./cli       1  2152
26.9  4.8 ./cli kernel images/4096x40   0 394592
26.9  4.8 ./cli kernel images/4096x40   0 394540
26.9  4.8 ./cli kernel images/4096x40   0 394580
27.0  4.8 ./cli kernel images/4096x40   0 394584
27.1  4.8 ./cli kernel images/4096x40   1 394540
  PID User     Command                         Swap      USS      PSS      RSS 
34452 codespace /usr/bin/python3 /usr/bin/s        0    12060    12309    14536 
32323 codespace ./cli kernel images/4096x40        0   393324   393372   394540 
32329 codespace ./cli kernel images/4096x40        0   393320   393372   394584 
32325 codespace ./cli kernel images/4096x40        0   393320   393373   394540 
32331 codespace ./cli kernel images/4096x40        0   393320   393373   394592 
32327 codespace ./cli kernel images/4096x40        0   393324   393376   394580 
%CPU %MEM ARGS Mon Oct  5 01:22:52 UTC 2026
 0.0  0.0 grep --color=auto ./cli       1  2208
26.8  4.8 ./cli kernel images/4096x40   0 394592
26.8  4.8 ./cli kernel images/4096x40   0 394540
26.8  4.8 ./cli kernel images/4096x40   0 394580
26.9  4.8 ./cli kernel images/4096x40   0 394584
27.1  4.8 ./cli kernel images/4096x40   1 394540
  PID User     Command                         Swap      USS      PSS      RSS 
34468 codespace /usr/bin/python3 /usr/bin/s        0    12064    12312    14520 
32325 codespace ./cli kernel images/4096x40        0   393320   393372   394540 
32329 codespace ./cli kernel images/4096x40        0   393320   393372   394584 
32331 codespace ./cli kernel images/4096x40        0   393320   393373   394592 
32323 codespace ./cli kernel images/4096x40        0   393324   393375   394540 
32327 codespace ./cli kernel images/4096x40        0   393324   393376   394580 
%CPU %MEM ARGS Mon Oct  5 01:22:53 UTC 2026
 0.0  0.0 grep --color=auto ./cli       1  2208
26.7  4.8 ./cli kernel images/4096x40   1 394592
26.8  4.8 ./cli kernel images/4096x40   1 394540
26.8  4.8 ./cli kernel images/4096x40   0 394580
26.8  4.8 ./cli kernel images/4096x40   1 394584
27.1  4.8 ./cli kernel images/4096x40   1 394540
  PID User     Command                         Swap      USS      PSS      RSS 
34477 codespace /usr/bin/python3 /usr/bin/s        0    12068    12329    14568 
32325 codespace ./cli kernel images/4096x40        0   393320   393372   394540 
32329 codespace ./cli kernel images/4096x40        0   393320   393372   394584 
32331 codespace ./cli kernel images/4096x40        0   393320   393373   394592 
32323 codespace ./cli kernel images/4096x40        0   393324   393375   394540 
32327 codespace ./cli kernel images/4096x40        0   393324   393376   394580 
%CPU %MEM ARGS Mon Oct  5 01:22:54 UTC 2026
 0.0  0.0 grep --color=auto ./cli       0  2200
26.7  4.8 ./cli kernel images/4096x40   1 394592
26.7  4.8 ./cli kernel images/4096x40   1 394580
26.8  4.8 ./cli kernel images/4096x40   1 394584
26.8  4.8 ./cli kernel images/4096x40   0 394540
27.0  4.8 ./cli kernel images/4096x40   1 394540
  PID User     Command                         Swap      USS      PSS      RSS 
34484 codespace /usr/bin/python3 /usr/bin/s        0    12056    12302    14524 
32325 codespace ./cli kernel images/4096x40        0   393320   393372   394540 
32329 codespace ./cli kernel images/4096x40        0   393320   393372   394584 
32331 codespace ./cli kernel images/4096x40        0   393320   393373   394592 
32323 codespace ./cli kernel images/4096x40        0   393324   393375   394540 
32327 codespace ./cli kernel images/4096x40        0   393324   393376   394580 
%CPU %MEM ARGS Mon Oct  5 01:22:55 UTC 2026
 0.0  0.0 grep --color=auto ./cli       1  2204
26.6  4.8 ./cli kernel images/4096x40   1 394592
26.7  4.8 ./cli kernel images/4096x40   1 394580
26.7  4.8 ./cli kernel images/4096x40   1 394584
26.8  4.8 ./cli kernel images/4096x40   1 394540
27.0  4.8 ./cli kernel images/4096x40   0 394540
  PID User     Command                         Swap      USS      PSS      RSS 
34494 codespace /usr/bin/python3 /usr/bin/s        0    12060    12299    14512 
32329 codespace ./cli kernel images/4096x40        0   393320   393372   394584 
32325 codespace ./cli kernel images/4096x40        0   393320   393373   394540 
32331 codespace ./cli kernel images/4096x40        0   393320   393373   394592 
32323 codespace ./cli kernel images/4096x40        0   393324   393375   394540 
32327 codespace ./cli kernel images/4096x40        0   393324   393376   394580 
%CPU %MEM ARGS Mon Oct  5 01:22:56 UTC 2026
 0.0  0.0 grep --color=auto ./cli       1  2156
26.5  4.8 ./cli kernel images/4096x40   1 394592
26.6  4.8 ./cli kernel images/4096x40   0 394580
26.6  4.8 ./cli kernel images/4096x40   1 394584
26.7  4.8 ./cli kernel images/4096x40   1 394540
27.0  4.8 ./cli kernel images/4096x40   1 394540
  PID User     Command                         Swap      USS      PSS      RSS 
34502 codespace /usr/bin/python3 /usr/bin/s        0    12064    12298    14568 
32325 codespace ./cli kernel images/4096x40        0   393320   393370   394540 
32329 codespace ./cli kernel images/4096x40        0   393320   393370   394584 
32331 codespace ./cli kernel images/4096x40        0   393320   393370   394592 
32327 codespace ./cli kernel images/4096x40        0   393324   393373   394580 
32323 codespace ./cli kernel images/4096x40        0   393324   393375   394540 
%CPU %MEM ARGS Mon Oct  5 01:22:57 UTC 2026
 0.0  0.0 grep --color=auto ./cli       0  2208
26.4  4.8 ./cli kernel images/4096x40   1 394592
26.6  4.8 ./cli kernel images/4096x40   1 394584
26.6  4.8 ./cli kernel images/4096x40   0 394580
26.6  4.8 ./cli kernel images/4096x40   0 394540
27.0  4.8 ./cli kernel images/4096x40   0 394540
  PID User     Command                         Swap      USS      PSS      RSS 
34531 codespace /usr/bin/python3 /usr/bin/s        0    12068    12319    14584 
32329 codespace ./cli kernel images/4096x40        0   393320   393372   394584 
32325 codespace ./cli kernel images/4096x40        0   393320   393373   394540 
32331 codespace ./cli kernel images/4096x40        0   393320   393373   394592 
32323 codespace ./cli kernel images/4096x40        0   393324   393375   394540 
32327 codespace ./cli kernel images/4096x40        0   393324   393376   394580 
%CPU %MEM ARGS Mon Oct  5 01:22:58 UTC 2026
 0.0  0.0 grep --color=auto ./cli       1  2164
26.4  4.8 ./cli kernel images/4096x40   0 394592
26.5  4.8 ./cli kernel images/4096x40   0 394580
26.5  4.8 ./cli kernel images/4096x40   0 394584
26.6  4.8 ./cli kernel images/4096x40   0 394540
26.9  4.8 ./cli kernel images/4096x40   1 394540
  PID User     Command                         Swap      USS      PSS      RSS 
34543 codespace /usr/bin/python3 /usr/bin/s        0    12064    12323    14584 
32329 codespace ./cli kernel images/4096x40        0   393320   393372   394584 
32325 codespace ./cli kernel images/4096x40        0   393320   393373   394540 
32331 codespace ./cli kernel images/4096x40        0   393320   393373   394592 
32323 codespace ./cli kernel images/4096x40        0   393324   393375   394540 
32327 codespace ./cli kernel images/4096x40        0   393324   393376   394580 
%CPU %MEM ARGS Mon Oct  5 01:22:59 UTC 2026
 0.0  0.0 grep --color=auto ./cli       0  2152
26.3  4.8 ./cli kernel images/4096x40   0 394592
26.4  4.8 ./cli kernel images/4096x40   0 394580
26.5  4.8 ./cli kernel images/4096x40   0 394584
26.5  4.8 ./cli kernel images/4096x40   0 394540
27.0  4.8 ./cli kernel images/4096x40   0 394540
  PID User     Command                         Swap      USS      PSS      RSS 
34549 codespace /usr/bin/python3 /usr/bin/s        0    12056    12294    14508 
32329 codespace ./cli kernel images/4096x40        0   393320   393372   394584 
32325 codespace ./cli kernel images/4096x40        0   393320   393373   394540 
32331 codespace ./cli kernel images/4096x40        0   393320   393373   394592 
32323 codespace ./cli kernel images/4096x40        0   393324   393375   394540 
32327 codespace ./cli kernel images/4096x40        0   393324   393376   394580 
%CPU %MEM ARGS Mon Oct  5 01:23:00 UTC 2026
 0.0  0.0 grep --color=auto ./cli       1  2304
26.3  4.8 ./cli kernel images/4096x40   1 394592
26.4  4.8 ./cli kernel images/4096x40   1 394584
26.4  4.8 ./cli kernel images/4096x40   1 394580
26.5  4.8 ./cli kernel images/4096x40   0 394540
26.9  4.8 ./cli kernel images/4096x40   1 394540
  PID User     Command                         Swap      USS      PSS      RSS 
34555 codespace /usr/bin/python3 /usr/bin/s        0    12060    12308    14540 
32323 codespace ./cli kernel images/4096x40        0   393324   393370   394540 
32325 codespace ./cli kernel images/4096x40        0   393320   393372   394540 
32329 codespace ./cli kernel images/4096x40        0   393320   393372   394584 
32331 codespace ./cli kernel images/4096x40        0   393320   393373   394592 
32327 codespace ./cli kernel images/4096x40        0   393324   393376   394580 
%CPU %MEM ARGS Mon Oct  5 01:23:02 UTC 2026
 0.0  0.0 grep --color=auto ./cli       0  2172
26.2  4.8 ./cli kernel images/4096x40   0 394592
26.3  4.8 ./cli kernel images/4096x40   0 394584
26.4  4.8 ./cli kernel images/4096x40   0 394580
26.5  4.8 ./cli kernel images/4096x40   0 394540
26.8  4.8 ./cli kernel images/4096x40   1 394540
  PID User     Command                         Swap      USS      PSS      RSS 
34567 codespace /usr/bin/python3 /usr/bin/s        0    12064    12300    14588 
32331 codespace ./cli kernel images/4096x40        0   393320   393370   394592 
32329 codespace ./cli kernel images/4096x40        0   393320   393372   394584 
32325 codespace ./cli kernel images/4096x40        0   393320   393373   394540 
32323 codespace ./cli kernel images/4096x40        0   393324   393375   394540 
32327 codespace ./cli kernel images/4096x40        0   393324   393376   394580 
%CPU %MEM ARGS Mon Oct  5 01:23:03 UTC 2026
 0.0  0.0 grep --color=auto ./cli       1  2160
26.2  4.8 ./cli kernel images/4096x40   1 394592
26.3  4.8 ./cli kernel images/4096x40   1 394584
26.3  4.8 ./cli kernel images/4096x40   1 394580
26.5  4.8 ./cli kernel images/4096x40   1 394540
26.7  4.8 ./cli kernel images/4096x40   1 394540
  PID User     Command                         Swap      USS      PSS      RSS 
34579 codespace /usr/bin/python3 /usr/bin/s        0    12060    12299    14476 
32329 codespace ./cli kernel images/4096x40        0   393320   393372   394584 
32325 codespace ./cli kernel images/4096x40        0   393320   393373   394540 
32331 codespace ./cli kernel images/4096x40        0   393320   393373   394592 
32323 codespace ./cli kernel images/4096x40        0   393324   393375   394540 
32327 codespace ./cli kernel images/4096x40        0   393324   393376   394580 
%CPU %MEM ARGS Mon Oct  5 01:23:04 UTC 2026
 0.0  0.0 grep --color=auto ./cli       0  2160
26.2  4.8 ./cli kernel images/4096x40   0 394584
26.2  4.8 ./cli kernel images/4096x40   1 394592
26.2  4.8 ./cli kernel images/4096x40   0 394580
26.4  4.8 ./cli kernel images/4096x40   0 394540
26.7  4.8 ./cli kernel images/4096x40   0 394540
  PID User     Command                         Swap      USS      PSS      RSS 
34585 codespace /usr/bin/python3 /usr/bin/s        0    12056    12299    14472 
32325 codespace ./cli kernel images/4096x40        0   393320   393368   394540 
32329 codespace ./cli kernel images/4096x40        0   393320   393372   394584 
32331 codespace ./cli kernel images/4096x40        0   393320   393373   394592 
32323 codespace ./cli kernel images/4096x40        0   393324   393375   394540 
32327 codespace ./cli kernel images/4096x40        0   393324   393376   394580 
%CPU %MEM ARGS Mon Oct  5 01:23:05 UTC 2026
 0.0  0.0 grep --color=auto ./cli       1  2252
26.1  4.8 ./cli kernel images/4096x40   0 394584
26.2  4.8 ./cli kernel images/4096x40   0 394580
26.2  4.8 ./cli kernel images/4096x40   0 394592
26.5  4.8 ./cli kernel images/4096x40   0 394540
26.7  4.8 ./cli kernel images/4096x40   0 394540
  PID User     Command                         Swap      USS      PSS      RSS 
34597 codespace /usr/bin/python3 /usr/bin/s        0    11996    12242    14464 
32329 codespace ./cli kernel images/4096x40        0   393320   393372   394584 
32325 codespace ./cli kernel images/4096x40        0   393320   393373   394540 
32331 codespace ./cli kernel images/4096x40        0   393320   393373   394592 
32323 codespace ./cli kernel images/4096x40        0   393324   393375   394540 
32327 codespace ./cli kernel images/4096x40        0   393324   393376   394580 
%CPU %MEM ARGS Mon Oct  5 01:23:05 UTC 2026
 0.0  0.0 grep --color=auto ./cli       1  2296
26.1  4.8 ./cli kernel images/4096x40   0 394584
26.1  4.8 ./cli kernel images/4096x40   0 394592
26.2  4.8 ./cli kernel images/4096x40   0 394580
26.4  4.8 ./cli kernel images/4096x40   0 394540
26.6  4.8 ./cli kernel images/4096x40   0 394540
  PID User     Command                         Swap      USS      PSS      RSS 
34603 codespace /usr/bin/python3 /usr/bin/s        0    12060    12320    14568 
32325 codespace ./cli kernel images/4096x40        0   393320   393372   394540 
32329 codespace ./cli kernel images/4096x40        0   393320   393372   394584 
32331 codespace ./cli kernel images/4096x40        0   393320   393373   394592 
32323 codespace ./cli kernel images/4096x40        0   393324   393375   394540 
32327 codespace ./cli kernel images/4096x40        0   393324   393376   394580 
%CPU %MEM ARGS Mon Oct  5 01:23:06 UTC 2026
 0.0  0.0 grep --color=auto ./cli       1  2196
26.1  4.8 ./cli kernel images/4096x40   1 394584
26.1  4.8 ./cli kernel images/4096x40   0 394592
26.1  4.8 ./cli kernel images/4096x40   1 394580
26.4  4.8 ./cli kernel images/4096x40   0 394540
26.6  4.8 ./cli kernel images/4096x40   0 394540
  PID User     Command                         Swap      USS      PSS      RSS 
34608 codespace /usr/bin/python3 /usr/bin/s        0    12044    12290    14504 
32329 codespace ./cli kernel images/4096x40        0   393320   393372   394584 
32325 codespace ./cli kernel images/4096x40        0   393320   393373   394540 
32331 codespace ./cli kernel images/4096x40        0   393320   393373   394592 
32323 codespace ./cli kernel images/4096x40        0   393324   393375   394540 
32327 codespace ./cli kernel images/4096x40        0   393324   393376   394580 
%CPU %MEM ARGS Mon Oct  5 01:23:07 UTC 2026
 0.0  0.0 grep --color=auto ./cli       0  2344
26.1  4.8 ./cli kernel images/4096x40   1 394592
26.1  4.8 ./cli kernel images/4096x40   1 394584
26.1  4.8 ./cli kernel images/4096x40   1 394580
26.4  4.8 ./cli kernel images/4096x40   1 394540
26.6  4.8 ./cli kernel images/4096x40   0 394540
  PID User     Command                         Swap      USS      PSS      RSS 
34614 codespace /usr/bin/python3 /usr/bin/s        0    12056    12304    14524 
32329 codespace ./cli kernel images/4096x40        0   393320   393366   394584 
32325 codespace ./cli kernel images/4096x40        0   393320   393370   394540 
32331 codespace ./cli kernel images/4096x40        0   393320   393373   394592 
32323 codespace ./cli kernel images/4096x40        0   393324   393375   394540 
32327 codespace ./cli kernel images/4096x40        0   393324   393375   394580 
%CPU %MEM ARGS Mon Oct  5 01:23:08 UTC 2026
 0.0  0.0 grep --color=auto ./cli       0  2192
26.0  4.8 ./cli kernel images/4096x40   0 394584
26.0  4.8 ./cli kernel images/4096x40   1 394580
26.0  4.8 ./cli kernel images/4096x40   0 394592
26.3  4.8 ./cli kernel images/4096x40   1 394540
26.5  4.8 ./cli kernel images/4096x40   0 394540
  PID User     Command                         Swap      USS      PSS      RSS 
34644 codespace /usr/bin/python3 /usr/bin/s        0    12060    12303    14476 
32325 codespace ./cli kernel images/4096x40        0   393320   393372   394540 
32329 codespace ./cli kernel images/4096x40        0   393320   393372   394584 
32331 codespace ./cli kernel images/4096x40        0   393320   393373   394592 
32323 codespace ./cli kernel images/4096x40        0   393324   393375   394540 
32327 codespace ./cli kernel images/4096x40        0   393324   393376   394580 
%CPU %MEM ARGS Mon Oct  5 01:23:09 UTC 2026
 0.0  0.0 grep --color=auto ./cli       1  2184
26.0  4.8 ./cli kernel images/4096x40   0 394584
26.0  4.8 ./cli kernel images/4096x40   0 394592
26.0  4.8 ./cli kernel images/4096x40   1 394580
26.2  4.8 ./cli kernel images/4096x40   0 394540
26.5  4.8 ./cli kernel images/4096x40   1 394540
  PID User     Command                         Swap      USS      PSS      RSS 
34657 codespace /usr/bin/python3 /usr/bin/s        0    12068    12309    14524 
32329 codespace ./cli kernel images/4096x40        0   393320   393372   394584 
32325 codespace ./cli kernel images/4096x40        0   393320   393373   394540 
32331 codespace ./cli kernel images/4096x40        0   393320   393373   394592 
32323 codespace ./cli kernel images/4096x40        0   393324   393375   394540 
32327 codespace ./cli kernel images/4096x40        0   393324   393376   394580 
%CPU %MEM ARGS Mon Oct  5 01:23:10 UTC 2026
 0.0  0.0 grep --color=auto ./cli       0  2176
25.9  4.8 ./cli kernel images/4096x40   1 394584
25.9  4.8 ./cli kernel images/4096x40   1 394580
26.0  4.8 ./cli kernel images/4096x40   1 394592
26.2  4.8 ./cli kernel images/4096x40   0 394540
26.4  4.8 ./cli kernel images/4096x40   1 394540
  PID User     Command                         Swap      USS      PSS      RSS 
34663 codespace /usr/bin/python3 /usr/bin/s        0    12064    12312    14512 
32325 codespace ./cli kernel images/4096x40        0   393320   393372   394540 
32329 codespace ./cli kernel images/4096x40        0   393320   393372   394584 
32331 codespace ./cli kernel images/4096x40        0   393320   393372   394592 
32323 codespace ./cli kernel images/4096x40        0   393324   393375   394540 
32327 codespace ./cli kernel images/4096x40        0   393324   393376   394580 
%CPU %MEM ARGS Mon Oct  5 01:23:11 UTC 2026
 0.0  0.0 grep --color=auto ./cli       1  2156
25.9  4.8 ./cli kernel images/4096x40   1 394584
25.9  4.8 ./cli kernel images/4096x40   0 394580
26.0  4.8 ./cli kernel images/4096x40   1 394592
26.1  4.8 ./cli kernel images/4096x40   1 394540
26.4  4.8 ./cli kernel images/4096x40   1 394540
  PID User     Command                         Swap      USS      PSS      RSS 
34673 codespace /usr/bin/python3 /usr/bin/s        0    12060    12302    14476 
32329 codespace ./cli kernel images/4096x40        0   393320   393372   394584 
32325 codespace ./cli kernel images/4096x40        0   393320   393373   394540 
32331 codespace ./cli kernel images/4096x40        0   393320   393373   394592 
32323 codespace ./cli kernel images/4096x40        0   393324   393375   394540 
32327 codespace ./cli kernel images/4096x40        0   393324   393376   394580 
%CPU %MEM ARGS Mon Oct  5 01:23:12 UTC 2026
 0.0  0.0 grep --color=auto ./cli       0  2200
25.8  4.8 ./cli kernel images/4096x40   1 394584
25.9  4.8 ./cli kernel images/4096x40   1 394580
25.9  4.8 ./cli kernel images/4096x40   1 394592
26.1  4.8 ./cli kernel images/4096x40   1 394540
26.3  4.8 ./cli kernel images/4096x40   1 394540
  PID User     Command                         Swap      USS      PSS      RSS 
34681 codespace /usr/bin/python3 /usr/bin/s        0    12060    12320    14568 
32325 codespace ./cli kernel images/4096x40        0   393320   393372   394540 
32329 codespace ./cli kernel images/4096x40        0   393320   393372   394584 
32331 codespace ./cli kernel images/4096x40        0   393320   393373   394592 
32323 codespace ./cli kernel images/4096x40        0   393324   393375   394540 
32327 codespace ./cli kernel images/4096x40        0   393324   393376   394580 
%CPU %MEM ARGS Mon Oct  5 01:23:13 UTC 2026
 0.0  0.0 grep --color=auto ./cli       1  2248
25.7  4.8 ./cli kernel images/4096x40   1 394584
25.9  4.8 ./cli kernel images/4096x40   0 394592
25.9  4.8 ./cli kernel images/4096x40   0 394580
26.0  4.8 ./cli kernel images/4096x40   0 394540
26.3  4.8 ./cli kernel images/4096x40   1 394540
  PID User     Command                         Swap      USS      PSS      RSS 
34687 codespace /usr/bin/python3 /usr/bin/s        0    12052    12283    14460 
32329 codespace ./cli kernel images/4096x40        0   393320   393371   394584 
32325 codespace ./cli kernel images/4096x40        0   393320   393373   394540 
32331 codespace ./cli kernel images/4096x40        0   393320   393373   394592 
32323 codespace ./cli kernel images/4096x40        0   393324   393375   394540 
32327 codespace ./cli kernel images/4096x40        0   393324   393376   394580 
%CPU %MEM ARGS Mon Oct  5 01:23:14 UTC 2026
 0.0  0.0 grep --color=auto ./cli       0  2248
25.7  4.8 ./cli kernel images/4096x40   1 394584
25.8  4.8 ./cli kernel images/4096x40   1 394592
25.9  4.8 ./cli kernel images/4096x40   1 394580
26.0  4.8 ./cli kernel images/4096x40   1 394540
26.2  4.8 ./cli kernel images/4096x40   0 394540
  PID User     Command                         Swap      USS      PSS      RSS 
34705 codespace /usr/bin/python3 /usr/bin/s        0    12060    12308    14540 
32325 codespace ./cli kernel images/4096x40        0   393320   393372   394540 
32329 codespace ./cli kernel images/4096x40        0   393320   393372   394584 
32331 codespace ./cli kernel images/4096x40        0   393320   393373   394592 
32323 codespace ./cli kernel images/4096x40        0   393324   393375   394540 
32327 codespace ./cli kernel images/4096x40        0   393324   393376   394580 
%CPU %MEM ARGS Mon Oct  5 01:23:15 UTC 2026
 0.0  0.0 grep --color=auto ./cli       1  2308
25.6  4.8 ./cli kernel images/4096x40   1 394584
25.8  4.8 ./cli kernel images/4096x40   1 394592
25.9  4.8 ./cli kernel images/4096x40   0 394580
25.9  4.8 ./cli kernel images/4096x40   0 394540
26.2  4.8 ./cli kernel images/4096x40   1 394540
  PID User     Command                         Swap      USS      PSS      RSS 
34711 codespace /usr/bin/python3 /usr/bin/s        0    12052    12300    14520 
32329 codespace ./cli kernel images/4096x40        0   393320   393372   394584 
32325 codespace ./cli kernel images/4096x40        0   393320   393373   394540 
32331 codespace ./cli kernel images/4096x40        0   393320   393373   394592 
32323 codespace ./cli kernel images/4096x40        0   393324   393375   394540 
32327 codespace ./cli kernel images/4096x40        0   393324   393376   394580 
%CPU %MEM ARGS Mon Oct  5 01:23:16 UTC 2026
 0.0  0.0 grep --color=auto ./cli       1  2156
25.6  4.8 ./cli kernel images/4096x40   1 394584
25.7  4.8 ./cli kernel images/4096x40   1 394592
25.8  4.8 ./cli kernel images/4096x40   1 394580
25.9  4.8 ./cli kernel images/4096x40   0 394540
26.1  4.8 ./cli kernel images/4096x40   1 394540
  PID User     Command                         Swap      USS      PSS      RSS 
34717 codespace /usr/bin/python3 /usr/bin/s        0    12060    12308    14544 
32329 codespace ./cli kernel images/4096x40        0   393320   393368   394584 
32325 codespace ./cli kernel images/4096x40        0   393320   393372   394540 
32331 codespace ./cli kernel images/4096x40        0   393320   393373   394592 
32323 codespace ./cli kernel images/4096x40        0   393324   393374   394540 
32327 codespace ./cli kernel images/4096x40        0   393324   393376   394580 
%CPU %MEM ARGS Mon Oct  5 01:23:18 UTC 2026
 0.0  0.0 grep --color=auto ./cli       0  2196
25.5  4.8 ./cli kernel images/4096x40   1 394584
25.7  4.8 ./cli kernel images/4096x40   0 394592
25.7  4.8 ./cli kernel images/4096x40   1 394580
26.0  4.8 ./cli kernel images/4096x40   1 394540
26.1  4.8 ./cli kernel images/4096x40   1 394540
  PID User     Command                         Swap      USS      PSS      RSS 
34731 codespace /usr/bin/python3 /usr/bin/s        0    12052    12309    14468 
32329 codespace ./cli kernel images/4096x40        0   393320   393372   394584 
32325 codespace ./cli kernel images/4096x40        0   393320   393373   394540 
32331 codespace ./cli kernel images/4096x40        0   393320   393374   394592 
32323 codespace ./cli kernel images/4096x40        0   393324   393375   394540 
32327 codespace ./cli kernel images/4096x40        0   393324   393376   394580 
%CPU %MEM ARGS Mon Oct  5 01:23:19 UTC 2026
 0.0  0.0 grep --color=auto ./cli       1  2296
25.5  4.8 ./cli kernel images/4096x40   0 394584
25.7  4.8 ./cli kernel images/4096x40   1 394592
25.7  4.8 ./cli kernel images/4096x40   0 394580
25.9  4.8 ./cli kernel images/4096x40   0 394540
26.0  4.8 ./cli kernel images/4096x40   0 394540
  PID User     Command                         Swap      USS      PSS      RSS 
34752 codespace /usr/bin/python3 /usr/bin/s        0    12048    12261    14468 
32331 codespace ./cli kernel images/4096x40        0   393320   393370   394592 
32329 codespace ./cli kernel images/4096x40        0   393320   393372   394584 
32325 codespace ./cli kernel images/4096x40        0   393320   393373   394540 
32323 codespace ./cli kernel images/4096x40        0   393324   393375   394540 
32327 codespace ./cli kernel images/4096x40        0   393324   393376   394580 
%CPU %MEM ARGS Mon Oct  5 01:23:20 UTC 2026
 0.0  0.0 grep --color=auto ./cli       1  2160
25.4  4.8 ./cli kernel images/4096x40   0 394584
25.6  4.8 ./cli kernel images/4096x40   0 394580
25.7  4.8 ./cli kernel images/4096x40   0 394592
25.9  4.8 ./cli kernel images/4096x40   0 394540
26.0  4.8 ./cli kernel images/4096x40   0 394540
  PID User     Command                         Swap      USS      PSS      RSS 
34764 codespace /usr/bin/python3 /usr/bin/s        0    12072    12312    14488 
32323 codespace ./cli kernel images/4096x40        0   393324   393371   394540 
32329 codespace ./cli kernel images/4096x40        0   393320   393372   394584 
32325 codespace ./cli kernel images/4096x40        0   393320   393373   394540 
32331 codespace ./cli kernel images/4096x40        0   393320   393373   394592 
32327 codespace ./cli kernel images/4096x40        0   393324   393376   394580 
%CPU %MEM ARGS Mon Oct  5 01:23:21 UTC 2026
 0.0  0.0 grep --color=auto ./cli       1  2024
25.4  4.8 ./cli kernel images/4096x40   1 394584
25.6  4.8 ./cli kernel images/4096x40   1 394580
25.6  4.8 ./cli kernel images/4096x40   1 394592
25.8  4.8 ./cli kernel images/4096x40   1 394540
25.9  4.8 ./cli kernel images/4096x40   1 394540
  PID User     Command                         Swap      USS      PSS      RSS 
34776 codespace /usr/bin/python3 /usr/bin/s        0    12068    12321    14584 
32329 codespace ./cli kernel images/4096x40        0   393320   393372   394584 
32325 codespace ./cli kernel images/4096x40        0   393320   393373   394540 
32331 codespace ./cli kernel images/4096x40        0   393320   393373   394592 
32323 codespace ./cli kernel images/4096x40        0   393324   393375   394540 
32327 codespace ./cli kernel images/4096x40        0   393324   393376   394580 
%CPU %MEM ARGS Mon Oct  5 01:23:21 UTC 2026
 0.0  0.0 grep --color=auto ./cli       0  2172
25.4  4.8 ./cli kernel images/4096x40   1 394584
25.6  4.8 ./cli kernel images/4096x40   1 394580
25.6  4.8 ./cli kernel images/4096x40   1 394592
25.8  4.8 ./cli kernel images/4096x40   1 394540
25.9  4.8 ./cli kernel images/4096x40   1 394540
  PID User     Command                         Swap      USS      PSS      RSS 
34781 codespace /usr/bin/python3 /usr/bin/s        0    12072    12331    14620 
32329 codespace ./cli kernel images/4096x40        0   393320   393372   394584 
32325 codespace ./cli kernel images/4096x40        0   393320   393373   394540 
32331 codespace ./cli kernel images/4096x40        0   393320   393373   394592 
32323 codespace ./cli kernel images/4096x40        0   393324   393375   394540 
32327 codespace ./cli kernel images/4096x40        0   393324   393376   394580 
%CPU %MEM ARGS Mon Oct  5 01:23:23 UTC 2026
 0.0  0.0 grep --color=auto ./cli       1  2176
25.3  4.8 ./cli kernel images/4096x40   1 394584
25.5  4.8 ./cli kernel images/4096x40   1 394580
25.7  4.8 ./cli kernel images/4096x40   0 394592
25.7  4.8 ./cli kernel images/4096x40   1 394540
25.8  4.8 ./cli kernel images/4096x40   1 394540
  PID User     Command                         Swap      USS      PSS      RSS 
34788 codespace /usr/bin/python3 /usr/bin/s        0    12052    12288    14472 
32329 codespace ./cli kernel images/4096x40        0   393320   393370   394584 
32325 codespace ./cli kernel images/4096x40        0   393320   393373   394540 
32331 codespace ./cli kernel images/4096x40        0   393320   393373   394592 
32323 codespace ./cli kernel images/4096x40        0   393324   393375   394540 
32327 codespace ./cli kernel images/4096x40        0   393324   393376   394580 
%CPU %MEM ARGS Mon Oct  5 01:23:24 UTC 2026
 0.0  0.0 grep --color=auto ./cli       1  2176
25.2  4.8 ./cli kernel images/4096x40   0 394584
25.5  4.8 ./cli kernel images/4096x40   0 394580
25.7  4.8 ./cli kernel images/4096x40   0 394592
25.7  4.8 ./cli kernel images/4096x40   0 394540
25.8  4.8 ./cli kernel images/4096x40   1 394540
  PID User     Command                         Swap      USS      PSS      RSS 
34800 codespace /usr/bin/python3 /usr/bin/s        0    12060    12298    14456 
32329 codespace ./cli kernel images/4096x40        0   393320   393372   394584 
32325 codespace ./cli kernel images/4096x40        0   393320   393373   394540 
32331 codespace ./cli kernel images/4096x40        0   393320   393373   394592 
32323 codespace ./cli kernel images/4096x40        0   393324   393375   394540 
32327 codespace ./cli kernel images/4096x40        0   393324   393376   394580 
%CPU %MEM ARGS Mon Oct  5 01:23:25 UTC 2026
 0.0  0.0 grep --color=auto ./cli       0  2196
25.2  4.8 ./cli kernel images/4096x40   0 394584
25.5  4.8 ./cli kernel images/4096x40   1 394580
25.6  4.8 ./cli kernel images/4096x40   0 394592
25.6  4.8 ./cli kernel images/4096x40   0 394540
25.8  4.8 ./cli kernel images/4096x40   0 394540
  PID User     Command                         Swap      USS      PSS      RSS 
34806 codespace /usr/bin/python3 /usr/bin/s        0    12060    12300    14476 
32325 codespace ./cli kernel images/4096x40        0   393320   393370   394540 
32329 codespace ./cli kernel images/4096x40        0   393320   393372   394584 
32323 codespace ./cli kernel images/4096x40        0   393324   393373   394540 
32327 codespace ./cli kernel images/4096x40        0   393324   393373   394580 
32331 codespace ./cli kernel images/4096x40        0   393320   393373   394592 
%CPU %MEM ARGS Mon Oct  5 01:23:26 UTC 2026
 0.0  0.0 grep --color=auto ./cli       1  2184
25.2  4.8 ./cli kernel images/4096x40   1 394584
25.5  4.8 ./cli kernel images/4096x40   0 394580
25.6  4.8 ./cli kernel images/4096x40   1 394592
25.6  4.8 ./cli kernel images/4096x40   1 394540
25.8  4.8 ./cli kernel images/4096x40   0 394540
  PID User     Command                         Swap      USS      PSS      RSS 
34817 codespace /usr/bin/python3 /usr/bin/s        0    12052    12266    14468 
32331 codespace ./cli kernel images/4096x40        0   393320   393367   394592 
32329 codespace ./cli kernel images/4096x40        0   393320   393371   394584 
32325 codespace ./cli kernel images/4096x40        0   393320   393373   394540 
32323 codespace ./cli kernel images/4096x40        0   393324   393375   394540 
32327 codespace ./cli kernel images/4096x40        0   393324   393375   394580 
%CPU %MEM ARGS Mon Oct  5 01:23:27 UTC 2026
 0.0  0.0 grep --color=auto ./cli       1  2168
25.1  4.8 ./cli kernel images/4096x40   0 394584
25.5  4.8 ./cli kernel images/4096x40   1 394580
25.5  4.8 ./cli kernel images/4096x40   1 394592
25.5  4.8 ./cli kernel images/4096x40   1 394540
25.7  4.8 ./cli kernel images/4096x40   1 394540
  PID User     Command                         Swap      USS      PSS      RSS 
34829 codespace /usr/bin/python3 /usr/bin/s        0    12060    12308    14536 
32329 codespace ./cli kernel images/4096x40        0   393320   393372   394584 
32325 codespace ./cli kernel images/4096x40        0   393320   393373   394540 
32331 codespace ./cli kernel images/4096x40        0   393320   393373   394592 
32323 codespace ./cli kernel images/4096x40        0   393324   393375   394540 
32327 codespace ./cli kernel images/4096x40        0   393324   393376   394580 
%CPU %MEM ARGS Mon Oct  5 01:23:28 UTC 2026
 0.0  0.0 grep --color=auto ./cli       1  1988
25.2  4.8 ./cli kernel images/4096x40   0 394584
25.4  4.8 ./cli kernel images/4096x40   1 394580
25.5  4.8 ./cli kernel images/4096x40   1 394592
25.5  4.8 ./cli kernel images/4096x40   1 394540
25.6  4.8 ./cli kernel images/4096x40   1 394540
  PID User     Command                         Swap      USS      PSS      RSS 
34841 codespace /usr/bin/python3 /usr/bin/s        0    12060    12307    14544 
32329 codespace ./cli kernel images/4096x40        0   393320   393372   394584 
32325 codespace ./cli kernel images/4096x40        0   393320   393373   394540 
32331 codespace ./cli kernel images/4096x40        0   393320   393373   394592 
32323 codespace ./cli kernel images/4096x40        0   393324   393375   394540 
32327 codespace ./cli kernel images/4096x40        0   393324   393376   394580 
%CPU %MEM ARGS Mon Oct  5 01:23:29 UTC 2026
 0.0  0.0 grep --color=auto ./cli       1  2176
25.1  4.8 ./cli kernel images/4096x40   0 394584
25.4  4.8 ./cli kernel images/4096x40   0 394580
25.4  4.8 ./cli kernel images/4096x40   0 394540
25.4  4.8 ./cli kernel images/4096x40   1 394592
25.6  4.8 ./cli kernel images/4096x40   0 394540
  PID User     Command                         Swap      USS      PSS      RSS 
34859 codespace /usr/bin/python3 /usr/bin/s        0    12016    12261    14496 
32329 codespace ./cli kernel images/4096x40        0   393320   393372   394584 
32325 codespace ./cli kernel images/4096x40        0   393320   393373   394540 
32331 codespace ./cli kernel images/4096x40        0   393320   393373   394592 
32323 codespace ./cli kernel images/4096x40        0   393324   393375   394540 
32327 codespace ./cli kernel images/4096x40        0   393324   393376   394580 
%CPU %MEM ARGS Mon Oct  5 01:23:30 UTC 2026
 0.0  0.0 grep --color=auto ./cli       0  2160
25.1  4.8 ./cli kernel images/4096x40   0 394584
25.3  4.8 ./cli kernel images/4096x40   0 394580
25.4  4.8 ./cli kernel images/4096x40   0 394592
25.4  4.8 ./cli kernel images/4096x40   1 394540
25.6  4.8 ./cli kernel images/4096x40   0 394540
  PID User     Command                         Swap      USS      PSS      RSS 
34865 codespace /usr/bin/python3 /usr/bin/s        0    12060    12302    14516 
32329 codespace ./cli kernel images/4096x40        0   393320   393372   394584 
32325 codespace ./cli kernel images/4096x40        0   393320   393373   394540 
32331 codespace ./cli kernel images/4096x40        0   393320   393373   394592 
32323 codespace ./cli kernel images/4096x40        0   393324   393375   394540 
32327 codespace ./cli kernel images/4096x40        0   393324   393376   394580 
%CPU %MEM ARGS Mon Oct  5 01:23:31 UTC 2026
 0.0  0.0 grep --color=auto ./cli       1  2156
25.0  4.8 ./cli kernel images/4096x40   0 394584
25.3  4.8 ./cli kernel images/4096x40   1 394580
25.3  4.8 ./cli kernel images/4096x40   1 394592
25.5  4.8 ./cli kernel images/4096x40   1 394540
25.5  4.8 ./cli kernel images/4096x40   0 394540
  PID User     Command                         Swap      USS      PSS      RSS 
34883 codespace /usr/bin/python3 /usr/bin/s        0    12060    12309    14536 
32329 codespace ./cli kernel images/4096x40        0   393320   393372   394584 
32325 codespace ./cli kernel images/4096x40        0   393320   393373   394540 
32331 codespace ./cli kernel images/4096x40        0   393320   393373   394592 
32323 codespace ./cli kernel images/4096x40        0   393324   393375   394540 
32327 codespace ./cli kernel images/4096x40        0   393324   393376   394580 
%CPU %MEM ARGS Mon Oct  5 01:23:32 UTC 2026
 0.0  0.0 grep --color=auto ./cli       1  2196
25.0  4.8 ./cli kernel images/4096x40   1 394584
25.3  4.8 ./cli kernel images/4096x40   0 394580
25.3  4.8 ./cli kernel images/4096x40   1 394592
25.4  4.8 ./cli kernel images/4096x40   0 394540
25.5  4.8 ./cli kernel images/4096x40   0 394540
  PID User     Command                         Swap      USS      PSS      RSS 
34888 codespace /usr/bin/python3 /usr/bin/s        0    12104    12365    14612 
32325 codespace ./cli kernel images/4096x40        0   393320   393372   394540 
32329 codespace ./cli kernel images/4096x40        0   393320   393372   394584 
32331 codespace ./cli kernel images/4096x40        0   393320   393373   394592 
32323 codespace ./cli kernel images/4096x40        0   393324   393375   394540 
32327 codespace ./cli kernel images/4096x40        0   393324   393376   394580 
%CPU %MEM ARGS Mon Oct  5 01:23:33 UTC 2026
 0.0  0.0 grep --color=auto ./cli       1  2168
25.0  4.8 ./cli kernel images/4096x40   1 394584
25.3  4.8 ./cli kernel images/4096x40   1 394592
25.3  4.8 ./cli kernel images/4096x40   0 394580
25.4  4.8 ./cli kernel images/4096x40   1 394540
25.4  4.8 ./cli kernel images/4096x40   1 394540
  PID User     Command                         Swap      USS      PSS      RSS 
34894 codespace /usr/bin/python3 /usr/bin/s        0    12056    12291    14476 
32329 codespace ./cli kernel images/4096x40        0   393320   393370   394584 
32325 codespace ./cli kernel images/4096x40        0   393320   393373   394540 
32331 codespace ./cli kernel images/4096x40        0   393320   393373   394592 
32323 codespace ./cli kernel images/4096x40        0   393324   393375   394540 
32327 codespace ./cli kernel images/4096x40        0   393324   393376   394580 
%CPU %MEM ARGS Mon Oct  5 01:23:34 UTC 2026
 0.0  0.0 grep --color=auto ./cli       1  2168
24.9  4.8 ./cli kernel images/4096x40   1 394584
25.2  4.8 ./cli kernel images/4096x40   0 394592
25.3  4.8 ./cli kernel images/4096x40   1 394580
25.3  4.8 ./cli kernel images/4096x40   1 394540
25.4  4.8 ./cli kernel images/4096x40   0 394540
  PID User     Command                         Swap      USS      PSS      RSS 
34907 codespace /usr/bin/python3 /usr/bin/s        0    12072    12332    14588 
32329 codespace ./cli kernel images/4096x40        0   393320   393372   394584 
32325 codespace ./cli kernel images/4096x40        0   393320   393373   394540 
32331 codespace ./cli kernel images/4096x40        0   393320   393373   394592 
32323 codespace ./cli kernel images/4096x40        0   393324   393375   394540 
32327 codespace ./cli kernel images/4096x40        0   393324   393376   394580 
%CPU %MEM ARGS Mon Oct  5 01:23:34 UTC 2026
 0.0  0.0 grep --color=auto ./cli       0  2192
24.9  4.8 ./cli kernel images/4096x40   0 394584
25.2  4.8 ./cli kernel images/4096x40   1 394592
25.2  4.8 ./cli kernel images/4096x40   0 394580
25.3  4.8 ./cli kernel images/4096x40   1 394540
25.4  4.8 ./cli kernel images/4096x40   0 394540
  PID User     Command                         Swap      USS      PSS      RSS 
34912 codespace /usr/bin/python3 /usr/bin/s        0    12024    12282    14540 
32329 codespace ./cli kernel images/4096x40        0   393320   393372   394584 
32325 codespace ./cli kernel images/4096x40        0   393320   393373   394540 
32331 codespace ./cli kernel images/4096x40        0   393320   393373   394592 
32323 codespace ./cli kernel images/4096x40        0   393324   393375   394540 
32327 codespace ./cli kernel images/4096x40        0   393324   393376   394580 
%CPU %MEM ARGS Mon Oct  5 01:23:36 UTC 2026
 0.0  0.0 grep --color=auto ./cli       1  2304
24.9  4.8 ./cli kernel images/4096x40   0 394584
25.2  4.8 ./cli kernel images/4096x40   1 394592
25.2  4.8 ./cli kernel images/4096x40   0 394580
25.3  4.8 ./cli kernel images/4096x40   0 394540
25.3  4.8 ./cli kernel images/4096x40   0 394540
  PID User     Command                         Swap      USS      PSS      RSS 
34918 codespace /usr/bin/python3 /usr/bin/s        0    12052    12289    14472 
32331 codespace ./cli kernel images/4096x40        0   393320   393367   394592 
32329 codespace ./cli kernel images/4096x40        0   393320   393371   394584 
32325 codespace ./cli kernel images/4096x40        0   393320   393373   394540 
32323 codespace ./cli kernel images/4096x40        0   393324   393375   394540 
32327 codespace ./cli kernel images/4096x40        0   393324   393376   394580 
%CPU %MEM ARGS Mon Oct  5 01:23:37 UTC 2026
 0.0  0.0 grep --color=auto ./cli       1  2204
24.8  4.8 ./cli kernel images/4096x40   0 394584
25.1  4.8 ./cli kernel images/4096x40   0 394592
25.1  4.8 ./cli kernel images/4096x40   0 394580
25.3  4.8 ./cli kernel images/4096x40   0 394540
25.4  4.8 ./cli kernel images/4096x40   1 394540
  PID User     Command                         Swap      USS      PSS      RSS 
34937 codespace /usr/bin/python3 /usr/bin/s        0    12024    12271    14492 
32325 codespace ./cli kernel images/4096x40        0   393320   393372   394540 
32329 codespace ./cli kernel images/4096x40        0   393320   393372   394584 
32331 codespace ./cli kernel images/4096x40        0   393320   393373   394592 
32323 codespace ./cli kernel images/4096x40        0   393324   393375   394540 
32327 codespace ./cli kernel images/4096x40        0   393324   393376   394580 
%CPU %MEM ARGS Mon Oct  5 01:23:38 UTC 2026
 0.0  0.0 grep --color=auto ./cli       1  2252
24.8  4.8 ./cli kernel images/4096x40   1 394584
25.1  4.8 ./cli kernel images/4096x40   1 394592
25.1  4.8 ./cli kernel images/4096x40   0 394580
25.3  4.8 ./cli kernel images/4096x40   1 394540
25.3  4.8 ./cli kernel images/4096x40   1 394540
  PID User     Command                         Swap      USS      PSS      RSS 
34943 codespace /usr/bin/python3 /usr/bin/s        0    12064    12283    14456 
32329 codespace ./cli kernel images/4096x40        0   393320   393372   394584 
32325 codespace ./cli kernel images/4096x40        0   393320   393373   394540 
32331 codespace ./cli kernel images/4096x40        0   393320   393373   394592 
32323 codespace ./cli kernel images/4096x40        0   393324   393375   394540 
32327 codespace ./cli kernel images/4096x40        0   393324   393376   394580 
%CPU %MEM ARGS Mon Oct  5 01:23:39 UTC 2026
 0.0  0.0 grep --color=auto ./cli       0  2164
24.7  4.8 ./cli kernel images/4096x40   0 394584
25.1  4.8 ./cli kernel images/4096x40   0 394592
25.1  4.8 ./cli kernel images/4096x40   0 394580
25.2  4.8 ./cli kernel images/4096x40   0 394540
25.3  4.8 ./cli kernel images/4096x40   0 394540
  PID User     Command                         Swap      USS      PSS      RSS 
34970 codespace /usr/bin/python3 /usr/bin/s        0    12056    12303    14536 
32329 codespace ./cli kernel images/4096x40        0   393320   393372   394584 
32325 codespace ./cli kernel images/4096x40        0   393320   393373   394540 
32331 codespace ./cli kernel images/4096x40        0   393320   393373   394592 
32323 codespace ./cli kernel images/4096x40        0   393324   393375   394540 
32327 codespace ./cli kernel images/4096x40        0   393324   393376   394580 
%CPU %MEM ARGS Mon Oct  5 01:23:40 UTC 2026
 0.0  0.0 grep --color=auto ./cli       1  2208
24.7  4.8 ./cli kernel images/4096x40   1 394584
25.0  4.8 ./cli kernel images/4096x40   1 394592
25.1  4.8 ./cli kernel images/4096x40   0 394580
25.2  4.8 ./cli kernel images/4096x40   1 394540
25.2  4.8 ./cli kernel images/4096x40   1 394540
  PID User     Command                         Swap      USS      PSS      RSS 
34980 codespace /usr/bin/python3 /usr/bin/s        0    12052    12303    14520 
32325 codespace ./cli kernel images/4096x40        0   393320   393372   394540 
32329 codespace ./cli kernel images/4096x40        0   393320   393372   394584 
32331 codespace ./cli kernel images/4096x40        0   393320   393373   394592 
32323 codespace ./cli kernel images/4096x40        0   393324   393375   394540 
32327 codespace ./cli kernel images/4096x40        0   393324   393376   394580 
%CPU %MEM ARGS Mon Oct  5 01:23:41 UTC 2026
 0.0  0.0 grep --color=auto ./cli       0  2292
24.6  4.8 ./cli kernel images/4096x40   1 394584
25.0  4.8 ./cli kernel images/4096x40   0 394592
25.1  4.8 ./cli kernel images/4096x40   1 394580
25.1  4.8 ./cli kernel images/4096x40   1 394540
25.2  4.8 ./cli kernel images/4096x40   1 394540
  PID User     Command                         Swap      USS      PSS      RSS 
34988 codespace /usr/bin/python3 /usr/bin/s        0    12064    12323    14616 
32329 codespace ./cli kernel images/4096x40        0   393320   393372   394584 
32325 codespace ./cli kernel images/4096x40        0   393320   393373   394540 
32331 codespace ./cli kernel images/4096x40        0   393320   393373   394592 
32323 codespace ./cli kernel images/4096x40        0   393324   393375   394540 
32327 codespace ./cli kernel images/4096x40        0   393324   393376   394580 
%CPU %MEM ARGS Mon Oct  5 01:23:42 UTC 2026
 0.0  0.0 grep --color=auto ./cli       1  2196
24.6  4.8 ./cli kernel images/4096x40   1 394584
25.0  4.8 ./cli kernel images/4096x40   0 394592
25.1  4.8 ./cli kernel images/4096x40   1 394580
25.1  4.8 ./cli kernel images/4096x40   0 394540
25.2  4.8 ./cli kernel images/4096x40   1 394540
  PID User     Command                         Swap      USS      PSS      RSS 
34993 codespace /usr/bin/python3 /usr/bin/s        0    12056    12271    14516 
32329 codespace ./cli kernel images/4096x40        0   393320   393370   394584 
32331 codespace ./cli kernel images/4096x40        0   393320   393370   394592 
32325 codespace ./cli kernel images/4096x40        0   393320   393373   394540 
32327 codespace ./cli kernel images/4096x40        0   393324   393373   394580 
32323 codespace ./cli kernel images/4096x40        0   393324   393375   394540 
%CPU %MEM ARGS Mon Oct  5 01:23:43 UTC 2026
 0.0  0.0 grep --color=auto ./cli       1  2172
24.6  4.8 ./cli kernel images/4096x40   1 394584
24.9  4.8 ./cli kernel images/4096x40   0 394592
25.0  4.8 ./cli kernel images/4096x40   0 394580
25.1  4.8 ./cli kernel images/4096x40   0 394540
25.1  4.8 ./cli kernel images/4096x40   0 394540
  PID User     Command                         Swap      USS      PSS      RSS 
35006 codespace /usr/bin/python3 /usr/bin/s        0    12060    12309    14544 
32329 codespace ./cli kernel images/4096x40        0   393320   393372   394584 
32325 codespace ./cli kernel images/4096x40        0   393320   393373   394540 
32331 codespace ./cli kernel images/4096x40        0   393320   393373   394592 
32323 codespace ./cli kernel images/4096x40        0   393324   393375   394540 
32327 codespace ./cli kernel images/4096x40        0   393324   393376   394580 
%CPU %MEM ARGS Mon Oct  5 01:23:44 UTC 2026
 0.0  0.0 grep --color=auto ./cli       0  2340
24.6  4.8 ./cli kernel images/4096x40   0 394584
24.9  4.8 ./cli kernel images/4096x40   0 394592
25.0  4.8 ./cli kernel images/4096x40   0 394580
25.1  4.8 ./cli kernel images/4096x40   1 394540
25.1  4.8 ./cli kernel images/4096x40   0 394540
  PID User     Command                         Swap      USS      PSS      RSS 
35018 codespace /usr/bin/python3 /usr/bin/s        0    12060    12306    14512 
32325 codespace ./cli kernel images/4096x40        0   393320   393372   394540 
32329 codespace ./cli kernel images/4096x40        0   393320   393372   394584 
32331 codespace ./cli kernel images/4096x40        0   393320   393373   394592 
32323 codespace ./cli kernel images/4096x40        0   393324   393375   394540 
32327 codespace ./cli kernel images/4096x40        0   393324   393376   394580 
%CPU %MEM ARGS Mon Oct  5 01:23:45 UTC 2026
 0.0  0.0 grep --color=auto ./cli       0  2340
24.6  4.8 ./cli kernel images/4096x40   0 394584
24.8  4.8 ./cli kernel images/4096x40   0 394592
24.9  4.8 ./cli kernel images/4096x40   0 394580
25.0  4.8 ./cli kernel images/4096x40   0 394540
25.1  4.8 ./cli kernel images/4096x40   1 394540
  PID User     Command                         Swap      USS      PSS      RSS 
35024 codespace /usr/bin/python3 /usr/bin/s        0    12048    12285    14468 
32325 codespace ./cli kernel images/4096x40        0   393320   393372   394540 
32329 codespace ./cli kernel images/4096x40        0   393320   393372   394584 
32331 codespace ./cli kernel images/4096x40        0   393320   393373   394592 
32323 codespace ./cli kernel images/4096x40        0   393324   393375   394540 
32327 codespace ./cli kernel images/4096x40        0   393324   393376   394580 
%CPU %MEM ARGS Mon Oct  5 01:23:46 UTC 2026
 0.0  0.0 grep --color=auto ./cli       1  2340
24.5  4.8 ./cli kernel images/4096x40   0 394584
24.8  4.8 ./cli kernel images/4096x40   0 394592
24.9  4.8 ./cli kernel images/4096x40   0 394580
25.1  4.8 ./cli kernel images/4096x40   1 394540
25.1  4.8 ./cli kernel images/4096x40   0 394540
  PID User     Command                         Swap      USS      PSS      RSS 
35033 codespace /usr/bin/python3 /usr/bin/s        0    12064    12311    14500 
32325 codespace ./cli kernel images/4096x40        0   393320   393370   394540 
32329 codespace ./cli kernel images/4096x40        0   393320   393372   394584 
32327 codespace ./cli kernel images/4096x40        0   393324   393373   394580 
32331 codespace ./cli kernel images/4096x40        0   393320   393373   394592 
32323 codespace ./cli kernel images/4096x40        0   393324   393374   394540 
%CPU %MEM ARGS Mon Oct  5 01:23:47 UTC 2026
 0.0  0.0 grep --color=auto ./cli       0  2300
24.5  4.8 ./cli kernel images/4096x40   1 394584
24.8  4.8 ./cli kernel images/4096x40   1 394592
24.9  4.8 ./cli kernel images/4096x40   0 394580
25.0  4.8 ./cli kernel images/4096x40   1 394540
25.0  4.8 ./cli kernel images/4096x40   0 394540
  PID User     Command                         Swap      USS      PSS      RSS 
35047 codespace /usr/bin/python3 /usr/bin/s        0    12052    12268    14472 
32329 codespace ./cli kernel images/4096x40        0   393320   393370   394584 
32331 codespace ./cli kernel images/4096x40        0   393320   393370   394592 
32325 codespace ./cli kernel images/4096x40        0   393320   393371   394540 
32327 codespace ./cli kernel images/4096x40        0   393324   393373   394580 
32323 codespace ./cli kernel images/4096x40        0   393324   393375   394540 
%CPU %MEM ARGS Mon Oct  5 01:23:48 UTC 2026
 0.0  0.0 grep --color=auto ./cli       0  2156
24.4  4.8 ./cli kernel images/4096x40   1 394584
24.7  4.8 ./cli kernel images/4096x40   1 394592
24.8  4.8 ./cli kernel images/4096x40   0 394580
25.0  4.8 ./cli kernel images/4096x40   1 394540
25.0  4.8 ./cli kernel images/4096x40   0 394540
  PID User     Command                         Swap      USS      PSS      RSS 
35059 codespace /usr/bin/python3 /usr/bin/s        0    12068    12307    14484 
32329 codespace ./cli kernel images/4096x40        0   393320   393370   394584 
32325 codespace ./cli kernel images/4096x40        0   393320   393372   394540 
32331 codespace ./cli kernel images/4096x40        0   393320   393373   394592 
32323 codespace ./cli kernel images/4096x40        0   393324   393375   394540 
32327 codespace ./cli kernel images/4096x40        0   393324   393376   394580 
%CPU %MEM ARGS Mon Oct  5 01:23:50 UTC 2026
 0.0  0.0 grep --color=auto ./cli       0  2172
24.4  4.8 ./cli kernel images/4096x40   0 394584
24.7  4.8 ./cli kernel images/4096x40   1 394592
24.8  4.8 ./cli kernel images/4096x40   1 394580
24.9  4.8 ./cli kernel images/4096x40   0 394540
25.0  4.8 ./cli kernel images/4096x40   0 394540
  PID User     Command                         Swap      USS      PSS      RSS 
35086 codespace /usr/bin/python3 /usr/bin/s        0    12060    12300    14516 
32329 codespace ./cli kernel images/4096x40        0   393320   393372   394584 
32325 codespace ./cli kernel images/4096x40        0   393320   393373   394540 
32331 codespace ./cli kernel images/4096x40        0   393320   393373   394592 
32323 codespace ./cli kernel images/4096x40        0   393324   393375   394540 
32327 codespace ./cli kernel images/4096x40        0   393324   393376   394580 
%CPU %MEM ARGS Mon Oct  5 01:23:51 UTC 2026
 0.0  0.0 grep --color=auto ./cli       1  2248
24.4  4.8 ./cli kernel images/4096x40   1 394584
24.7  4.8 ./cli kernel images/4096x40   0 394592
24.8  4.8 ./cli kernel images/4096x40   0 394580
24.9  4.8 ./cli kernel images/4096x40   0 394540
25.0  4.8 ./cli kernel images/4096x40   0 394540
  PID User     Command                         Swap      USS      PSS      RSS 
35094 codespace /usr/bin/python3 /usr/bin/s        0    12040    12287    14524 
32329 codespace ./cli kernel images/4096x40        0   393320   393372   394584 
32325 codespace ./cli kernel images/4096x40        0   393320   393373   394540 
32331 codespace ./cli kernel images/4096x40        0   393320   393373   394592 
32323 codespace ./cli kernel images/4096x40        0   393324   393375   394540 
32327 codespace ./cli kernel images/4096x40        0   393324   393376   394580 
%CPU %MEM ARGS Mon Oct  5 01:23:51 UTC 2026
 0.0  0.0 grep --color=auto ./cli       0  2296
24.3  4.8 ./cli kernel images/4096x40   1 394584
24.7  4.8 ./cli kernel images/4096x40   0 394592
24.7  4.8 ./cli kernel images/4096x40   0 394580
24.9  4.8 ./cli kernel images/4096x40   0 394540
24.9  4.8 ./cli kernel images/4096x40   0 394540
  PID User     Command                         Swap      USS      PSS      RSS 
35100 codespace /usr/bin/python3 /usr/bin/s        0    12060    12306    14544 
32329 codespace ./cli kernel images/4096x40        0   393320   393372   394584 
32331 codespace ./cli kernel images/4096x40        0   393320   393372   394592 
32325 codespace ./cli kernel images/4096x40        0   393320   393373   394540 
32323 codespace ./cli kernel images/4096x40        0   393324   393375   394540 
32327 codespace ./cli kernel images/4096x40        0   393324   393376   394580 
%CPU %MEM ARGS Mon Oct  5 01:23:52 UTC 2026
 0.0  0.0 grep --color=auto ./cli       1  2200
24.3  4.8 ./cli kernel images/4096x40   1 394584
24.6  4.8 ./cli kernel images/4096x40   0 394592
24.7  4.8 ./cli kernel images/4096x40   0 394580
24.8  4.8 ./cli kernel images/4096x40   1 394540
24.9  4.8 ./cli kernel images/4096x40   0 394540
  PID User     Command                         Swap      USS      PSS      RSS 
35110 codespace /usr/bin/python3 /usr/bin/s        0    12060    12288    14452 
32325 codespace ./cli kernel images/4096x40        0   393320   393367   394540 
32327 codespace ./cli kernel images/4096x40        0   393324   393371   394580 
32329 codespace ./cli kernel images/4096x40        0   393320   393372   394584 
32331 codespace ./cli kernel images/4096x40        0   393320   393373   394592 
32323 codespace ./cli kernel images/4096x40        0   393324   393374   394540 
%CPU %MEM ARGS Mon Oct  5 01:23:53 UTC 2026
 0.0  0.0 grep --color=auto ./cli       1  2172
24.4  4.8 ./cli kernel images/4096x40   1 394584
24.6  4.8 ./cli kernel images/4096x40   0 394592
24.7  4.8 ./cli kernel images/4096x40   1 394580
24.8  4.8 ./cli kernel images/4096x40   1 394540
24.9  4.8 ./cli kernel images/4096x40   0 394540
  PID User     Command                         Swap      USS      PSS      RSS 
35122 codespace /usr/bin/python3 /usr/bin/s        0    12060    12299    14476 
32329 codespace ./cli kernel images/4096x40        0   393320   393372   394584 
32325 codespace ./cli kernel images/4096x40        0   393320   393373   394540 
32331 codespace ./cli kernel images/4096x40        0   393320   393373   394592 
32323 codespace ./cli kernel images/4096x40        0   393324   393375   394540 
32327 codespace ./cli kernel images/4096x40        0   393324   393376   394580 
%CPU %MEM ARGS Mon Oct  5 01:23:54 UTC 2026
 0.0  0.0 grep --color=auto ./cli       0  2176
24.3  4.8 ./cli kernel images/4096x40   1 394584
24.6  4.8 ./cli kernel images/4096x40   1 394592
24.6  4.8 ./cli kernel images/4096x40   1 394580
24.7  4.8 ./cli kernel images/4096x40   1 394540
24.8  4.8 ./cli kernel images/4096x40   1 394540
  PID User     Command                         Swap      USS      PSS      RSS 
35134 codespace /usr/bin/python3 /usr/bin/s        0    12052    12303    14520 
32325 codespace ./cli kernel images/4096x40        0   393320   393372   394540 
32329 codespace ./cli kernel images/4096x40        0   393320   393372   394584 
32331 codespace ./cli kernel images/4096x40        0   393320   393373   394592 
32323 codespace ./cli kernel images/4096x40        0   393324   393375   394540 
32327 codespace ./cli kernel images/4096x40        0   393324   393376   394580 
%CPU %MEM ARGS Mon Oct  5 01:23:55 UTC 2026
 0.0  0.0 grep --color=auto ./cli       0  2192
24.3  4.8 ./cli kernel images/4096x40   1 394584
24.5  4.8 ./cli kernel images/4096x40   0 394592
24.6  4.8 ./cli kernel images/4096x40   0 394580
24.7  4.8 ./cli kernel images/4096x40   0 394540
24.8  4.8 ./cli kernel images/4096x40   0 394540
  PID User     Command                         Swap      USS      PSS      RSS 
35140 codespace /usr/bin/python3 /usr/bin/s        0    12060    12273    14516 
32331 codespace ./cli kernel images/4096x40        0   393320   393367   394592 
32329 codespace ./cli kernel images/4096x40        0   393320   393371   394584 
32325 codespace ./cli kernel images/4096x40        0   393320   393373   394540 
32323 codespace ./cli kernel images/4096x40        0   393324   393375   394540 
32327 codespace ./cli kernel images/4096x40        0   393324   393376   394580 
%CPU %MEM ARGS Mon Oct  5 01:23:56 UTC 2026
 0.0  0.0 grep --color=auto ./cli       0  2152
24.4  4.8 ./cli kernel images/4096x40   1 394584
24.5  4.8 ./cli kernel images/4096x40   1 394592
24.5  4.8 ./cli kernel images/4096x40   1 394580
24.7  4.8 ./cli kernel images/4096x40   1 394540
24.8  4.8 ./cli kernel images/4096x40   1 394540
  PID User     Command                         Swap      USS      PSS      RSS 
35152 codespace /usr/bin/python3 /usr/bin/s        0    12056    12289    14420 
32325 codespace ./cli kernel images/4096x40        0   393320   393372   394540 
32329 codespace ./cli kernel images/4096x40        0   393320   393372   394584 
32331 codespace ./cli kernel images/4096x40        0   393320   393373   394592 
32323 codespace ./cli kernel images/4096x40        0   393324   393375   394540 
32327 codespace ./cli kernel images/4096x40        0   393324   393376   394580 
%CPU %MEM ARGS Mon Oct  5 01:23:57 UTC 2026
 0.0  0.0 grep --color=auto ./cli       0  2248
24.3  4.8 ./cli kernel images/4096x40   1 394584
24.5  4.8 ./cli kernel images/4096x40   1 394592
24.6  4.8 ./cli kernel images/4096x40   0 394580
24.6  4.8 ./cli kernel images/4096x40   1 394540
24.7  4.8 ./cli kernel images/4096x40   1 394540
  PID User     Command                         Swap      USS      PSS      RSS 
35158 codespace /usr/bin/python3 /usr/bin/s        0    11996    12255    14544 
32331 codespace ./cli kernel images/4096x40        0   393320   393368   394592 
32329 codespace ./cli kernel images/4096x40        0   393320   393369   394584 
32325 codespace ./cli kernel images/4096x40        0   393320   393370   394540 
32327 codespace ./cli kernel images/4096x40        0   393324   393373   394580 
32323 codespace ./cli kernel images/4096x40        0   393324   393374   394540 
%CPU %MEM ARGS Mon Oct  5 01:23:58 UTC 2026
 0.0  0.0 grep --color=auto ./cli       1  2300
24.3  4.8 ./cli kernel images/4096x40   1 394584
24.4  4.8 ./cli kernel images/4096x40   1 394592
24.6  4.8 ./cli kernel images/4096x40   1 394580
24.6  4.8 ./cli kernel images/4096x40   0 394540
24.7  4.8 ./cli kernel images/4096x40   1 394540
  PID User     Command                         Swap      USS      PSS      RSS 
35168 codespace /usr/bin/python3 /usr/bin/s        0    12064    12311    14548 
32329 codespace ./cli kernel images/4096x40        0   393320   393372   394584 
32325 codespace ./cli kernel images/4096x40        0   393320   393373   394540 
32331 codespace ./cli kernel images/4096x40        0   393320   393373   394592 
32323 codespace ./cli kernel images/4096x40        0   393324   393375   394540 
32327 codespace ./cli kernel images/4096x40        0   393324   393376   394580 
%CPU %MEM ARGS Mon Oct  5 01:23:59 UTC 2026
 0.0  0.0 grep --color=auto ./cli       0  2200
24.3  4.8 ./cli kernel images/4096x40   1 394584
24.4  4.8 ./cli kernel images/4096x40   0 394592
24.5  4.8 ./cli kernel images/4096x40   0 394580
24.6  4.8 ./cli kernel images/4096x40   0 394540
24.7  4.8 ./cli kernel images/4096x40   0 394540
  PID User     Command                         Swap      USS      PSS      RSS 
35176 codespace /usr/bin/python3 /usr/bin/s        0    12060    12300    14468 
32329 codespace ./cli kernel images/4096x40        0   393320   393370   394584 
32323 codespace ./cli kernel images/4096x40        0   393324   393373   394540 
32325 codespace ./cli kernel images/4096x40        0   393320   393373   394540 
32331 codespace ./cli kernel images/4096x40        0   393320   393373   394592 
32327 codespace ./cli kernel images/4096x40        0   393324   393376   394580 
%CPU %MEM ARGS Mon Oct  5 01:24:00 UTC 2026
 0.0  0.0 grep --color=auto ./cli       0  2248
24.2  4.8 ./cli kernel images/4096x40   0 394584
24.4  4.8 ./cli kernel images/4096x40   0 394592
24.5  4.8 ./cli kernel images/4096x40   1 394580
24.6  4.8 ./cli kernel images/4096x40   0 394540
24.6  4.8 ./cli kernel images/4096x40   0 394540
  PID User     Command                         Swap      USS      PSS      RSS 
35210 codespace /usr/bin/python3 /usr/bin/s        0    12060    12301    14476 
32329 codespace ./cli kernel images/4096x40        0   393320   393372   394584 
32325 codespace ./cli kernel images/4096x40        0   393320   393373   394540 
32331 codespace ./cli kernel images/4096x40        0   393320   393373   394592 
32323 codespace ./cli kernel images/4096x40        0   393324   393375   394540 
32327 codespace ./cli kernel images/4096x40        0   393324   393376   394580 
%CPU %MEM ARGS Mon Oct  5 01:24:01 UTC 2026
 0.0  0.0 grep --color=auto ./cli       0  2300
24.2  4.8 ./cli kernel images/4096x40   0 394584
24.3  4.8 ./cli kernel images/4096x40   0 394592
24.5  4.8 ./cli kernel images/4096x40   0 394580
24.6  4.8 ./cli kernel images/4096x40   1 394540
24.6  4.8 ./cli kernel images/4096x40   0 394540
  PID User     Command                         Swap      USS      PSS      RSS 
35216 codespace /usr/bin/python3 /usr/bin/s        0    12060    12300    14516 
32329 codespace ./cli kernel images/4096x40        0   393320   393372   394584 
32325 codespace ./cli kernel images/4096x40        0   393320   393373   394540 
32331 codespace ./cli kernel images/4096x40        0   393320   393373   394592 
32323 codespace ./cli kernel images/4096x40        0   393324   393375   394540 
32327 codespace ./cli kernel images/4096x40        0   393324   393376   394580 
%CPU %MEM ARGS Mon Oct  5 01:24:02 UTC 2026
 0.0  0.0 grep --color=auto ./cli       1  2180
24.2  4.8 ./cli kernel images/4096x40   1 394584
24.3  4.8 ./cli kernel images/4096x40   1 394592
24.5  4.8 ./cli kernel images/4096x40   1 394580
24.5  4.8 ./cli kernel images/4096x40   1 394540
24.6  4.8 ./cli kernel images/4096x40   0 394540
  PID User     Command                         Swap      USS      PSS      RSS 
35222 codespace /usr/bin/python3 /usr/bin/s        0    12060    12308    14536 
32329 codespace ./cli kernel images/4096x40        0   393320   393372   394584 
32325 codespace ./cli kernel images/4096x40        0   393320   393373   394540 
32331 codespace ./cli kernel images/4096x40        0   393320   393373   394592 
32323 codespace ./cli kernel images/4096x40        0   393324   393375   394540 
32327 codespace ./cli kernel images/4096x40        0   393324   393376   394580 
%CPU %MEM ARGS Mon Oct  5 01:24:04 UTC 2026
 0.0  0.0 grep --color=auto ./cli       0  2176
24.1  4.8 ./cli kernel images/4096x40   1 394584
24.3  4.8 ./cli kernel images/4096x40   1 394592
24.4  4.8 ./cli kernel images/4096x40   1 394580
24.5  4.8 ./cli kernel images/4096x40   1 394540
24.6  4.8 ./cli kernel images/4096x40   1 394540
  PID User     Command                         Swap      USS      PSS      RSS 
35235 codespace /usr/bin/python3 /usr/bin/s        0    12048    12299    14516 
32325 codespace ./cli kernel images/4096x40        0   393320   393372   394540 
32329 codespace ./cli kernel images/4096x40        0   393320   393372   394584 
32331 codespace ./cli kernel images/4096x40        0   393320   393373   394592 
32323 codespace ./cli kernel images/4096x40        0   393324   393375   394540 
32327 codespace ./cli kernel images/4096x40        0   393324   393376   394580 
%CPU %MEM ARGS Mon Oct  5 01:24:05 UTC 2026
 0.0  0.0 grep --color=auto ./cli       1  2252
24.1  4.8 ./cli kernel images/4096x40   0 394584
24.2  4.8 ./cli kernel images/4096x40   1 394592
24.4  4.8 ./cli kernel images/4096x40   1 394580
24.5  4.8 ./cli kernel images/4096x40   1 394540
24.5  4.8 ./cli kernel images/4096x40   1 394540
  PID User     Command                         Swap      USS      PSS      RSS 
35244 codespace /usr/bin/python3 /usr/bin/s        0    12060    12299    14476 
32329 codespace ./cli kernel images/4096x40        0   393320   393372   394584 
32325 codespace ./cli kernel images/4096x40        0   393320   393373   394540 
32331 codespace ./cli kernel images/4096x40        0   393320   393373   394592 
32323 codespace ./cli kernel images/4096x40        0   393324   393375   394540 
32327 codespace ./cli kernel images/4096x40        0   393324   393375   394580 
%CPU %MEM ARGS Mon Oct  5 01:24:06 UTC 2026
 0.0  0.0 grep --color=auto ./cli       1  2200
24.1  4.8 ./cli kernel images/4096x40   1 394584
24.2  4.8 ./cli kernel images/4096x40   0 394592
24.4  4.8 ./cli kernel images/4096x40   1 394580
24.5  4.8 ./cli kernel images/4096x40   1 394540
24.5  4.8 ./cli kernel images/4096x40   0 394540
  PID User     Command                         Swap      USS      PSS      RSS 
35259 codespace /usr/bin/python3 /usr/bin/s        0    12060    12302    14516 
32325 codespace ./cli kernel images/4096x40        0   393320   393372   394540 
32329 codespace ./cli kernel images/4096x40        0   393320   393372   394584 
32331 codespace ./cli kernel images/4096x40        0   393320   393373   394592 
32323 codespace ./cli kernel images/4096x40        0   393324   393375   394540 
32327 codespace ./cli kernel images/4096x40        0   393324   393376   394580 
%CPU %MEM ARGS Mon Oct  5 01:24:07 UTC 2026
 0.0  0.0 grep --color=auto ./cli       1  2208
24.1  4.8 ./cli kernel images/4096x40   1 394584
24.2  4.8 ./cli kernel images/4096x40   0 394592
24.3  4.8 ./cli kernel images/4096x40   1 394580
24.4  4.8 ./cli kernel images/4096x40   1 394540
24.5  4.8 ./cli kernel images/4096x40   0 394540
  PID User     Command                         Swap      USS      PSS      RSS 
35268 codespace /usr/bin/python3 /usr/bin/s        0    12060    12321    14568 
32325 codespace ./cli kernel images/4096x40        0   393320   393372   394540 
32329 codespace ./cli kernel images/4096x40        0   393320   393372   394584 
32331 codespace ./cli kernel images/4096x40        0   393320   393373   394592 
32323 codespace ./cli kernel images/4096x40        0   393324   393375   394540 
32327 codespace ./cli kernel images/4096x40        0   393324   393376   394580 
%CPU %MEM ARGS Mon Oct  5 01:24:08 UTC 2026
 0.0  0.0 grep --color=auto ./cli       1  2296
24.0  4.8 ./cli kernel images/4096x40   1 394584
24.2  4.8 ./cli kernel images/4096x40   0 394592
24.3  4.8 ./cli kernel images/4096x40   1 394580
24.4  4.8 ./cli kernel images/4096x40   1 394540
24.5  4.8 ./cli kernel images/4096x40   1 394540
  PID User     Command                         Swap      USS      PSS      RSS 
35274 codespace /usr/bin/python3 /usr/bin/s        0    12060    12322    14568 
32325 codespace ./cli kernel images/4096x40        0   393320   393372   394540 
32329 codespace ./cli kernel images/4096x40        0   393320   393372   394584 
32331 codespace ./cli kernel images/4096x40        0   393320   393372   394592 
32323 codespace ./cli kernel images/4096x40        0   393324   393375   394540 
32327 codespace ./cli kernel images/4096x40        0   393324   393376   394580 
%CPU %MEM ARGS Mon Oct  5 01:24:09 UTC 2026
 0.0  0.0 grep --color=auto ./cli       1  2296
24.0  4.8 ./cli kernel images/4096x40   1 394584
24.3  4.8 ./cli kernel images/4096x40   0 394592
24.3  4.8 ./cli kernel images/4096x40   1 394580
24.3  4.8 ./cli kernel images/4096x40   1 394540
24.4  4.8 ./cli kernel images/4096x40   1 394540
  PID User     Command                         Swap      USS      PSS      RSS 
35287 codespace /usr/bin/python3 /usr/bin/s        0    12056    12282    14544 
32331 codespace ./cli kernel images/4096x40        0   393320   393370   394592 
32329 codespace ./cli kernel images/4096x40        0   393320   393372   394584 
32325 codespace ./cli kernel images/4096x40        0   393320   393373   394540 
32323 codespace ./cli kernel images/4096x40        0   393324   393375   394540 
32327 codespace ./cli kernel images/4096x40        0   393324   393376   394580 
%CPU %MEM ARGS Mon Oct  5 01:24:11 UTC 2026
 0.0  0.0 grep --color=auto ./cli       1  2176
24.0  4.8 ./cli kernel images/4096x40   1 394584
24.2  4.8 ./cli kernel images/4096x40   1 394580
24.2  4.8 ./cli kernel images/4096x40   0 394592
24.3  4.8 ./cli kernel images/4096x40   1 394540
24.4  4.8 ./cli kernel images/4096x40   1 394540
  PID User     Command                         Swap      USS      PSS      RSS 
35315 codespace /usr/bin/python3 /usr/bin/s        0    12068    12299    14620 
32329 codespace ./cli kernel images/4096x40        0   393320   393369   394584 
32325 codespace ./cli kernel images/4096x40        0   393320   393370   394540 
32331 codespace ./cli kernel images/4096x40        0   393320   393370   394592 
32323 codespace ./cli kernel images/4096x40        0   393324   393372   394540 
32327 codespace ./cli kernel images/4096x40        0   393324   393373   394580 
%CPU %MEM ARGS Mon Oct  5 01:24:11 UTC 2026
 0.0  0.0 grep --color=auto ./cli       0  2124
23.9  4.8 ./cli kernel images/4096x40   0 394584
24.2  4.8 ./cli kernel images/4096x40   0 394580
24.2  4.8 ./cli kernel images/4096x40   0 394592
24.3  4.8 ./cli kernel images/4096x40   0 394540
24.4  4.8 ./cli kernel images/4096x40   1 394540
  PID User     Command                         Swap      USS      PSS      RSS 
35326 codespace /usr/bin/python3 /usr/bin/s        0    12060    12307    14536 
32329 codespace ./cli kernel images/4096x40        0   393320   393372   394584 
32325 codespace ./cli kernel images/4096x40        0   393320   393373   394540 
32331 codespace ./cli kernel images/4096x40        0   393320   393373   394592 
32323 codespace ./cli kernel images/4096x40        0   393324   393375   394540 
32327 codespace ./cli kernel images/4096x40        0   393324   393376   394580 
%CPU %MEM ARGS Mon Oct  5 01:24:12 UTC 2026
 0.0  0.0 grep --color=auto ./cli       1  2132
23.9  4.8 ./cli kernel images/4096x40   0 394584
24.2  4.8 ./cli kernel images/4096x40   0 394580
24.2  4.8 ./cli kernel images/4096x40   0 394592
24.2  4.8 ./cli kernel images/4096x40   0 394540
24.4  4.8 ./cli kernel images/4096x40   0 394540
  PID User     Command                         Swap      USS      PSS      RSS 
35332 codespace /usr/bin/python3 /usr/bin/s        0    12060    12298    14512 
32323 codespace ./cli kernel images/4096x40        0   393324   393369   394540 
32329 codespace ./cli kernel images/4096x40        0   393320   393372   394584 
32325 codespace ./cli kernel images/4096x40        0   393320   393373   394540 
32331 codespace ./cli kernel images/4096x40        0   393320   393373   394592 
32327 codespace ./cli kernel images/4096x40        0   393324   393376   394580 
%CPU %MEM ARGS Mon Oct  5 01:24:13 UTC 2026
 0.0  0.0 grep --color=auto ./cli       0  2180
23.9  4.8 ./cli kernel images/4096x40   1 394584
24.1  4.8 ./cli kernel images/4096x40   1 394580
24.1  4.8 ./cli kernel images/4096x40   0 394592
24.3  4.8 ./cli kernel images/4096x40   1 394540
24.4  4.8 ./cli kernel images/4096x40   1 394540
  PID User     Command                         Swap      USS      PSS      RSS 
35345 codespace /usr/bin/python3 /usr/bin/s        0    12068    12321    14584 
32329 codespace ./cli kernel images/4096x40        0   393320   393372   394584 
32325 codespace ./cli kernel images/4096x40        0   393320   393373   394540 
32331 codespace ./cli kernel images/4096x40        0   393320   393373   394592 
32323 codespace ./cli kernel images/4096x40        0   393324   393375   394540 
32327 codespace ./cli kernel images/4096x40        0   393324   393376   394580 
%CPU %MEM ARGS Mon Oct  5 01:24:14 UTC 2026
 0.0  0.0 grep --color=auto ./cli       0  2340
23.9  4.8 ./cli kernel images/4096x40   0 394584
24.1  4.8 ./cli kernel images/4096x40   0 394580
24.1  4.8 ./cli kernel images/4096x40   0 394592
24.2  4.8 ./cli kernel images/4096x40   0 394540
24.4  4.8 ./cli kernel images/4096x40   0 394540
  PID User     Command                         Swap      USS      PSS      RSS 
35351 codespace /usr/bin/python3 /usr/bin/s        0    12056    12294    14512 
32323 codespace ./cli kernel images/4096x40        0   393324   393372   394540 
32329 codespace ./cli kernel images/4096x40        0   393320   393372   394584 
32325 codespace ./cli kernel images/4096x40        0   393320   393373   394540 
32331 codespace ./cli kernel images/4096x40        0   393320   393373   394592 
32327 codespace ./cli kernel images/4096x40        0   393324   393376   394580 
%CPU %MEM ARGS Mon Oct  5 01:24:16 UTC 2026
 0.0  0.0 grep --color=auto ./cli       0  2292
23.9  4.8 ./cli kernel images/4096x40   0 394584
24.1  4.8 ./cli kernel images/4096x40   0 394580
24.1  4.8 ./cli kernel images/4096x40   1 394592
24.2  4.8 ./cli kernel images/4096x40   0 394540
24.3  4.8 ./cli kernel images/4096x40   0 394540
  PID User     Command                         Swap      USS      PSS      RSS 
35361 codespace /usr/bin/python3 /usr/bin/s        0    12048    12261    14468 
32329 codespace ./cli kernel images/4096x40        0   393320   393370   394584 
32331 codespace ./cli kernel images/4096x40        0   393320   393370   394592 
32323 codespace ./cli kernel images/4096x40        0   393324   393371   394540 
32325 codespace ./cli kernel images/4096x40        0   393320   393373   394540 
32327 codespace ./cli kernel images/4096x40        0   393324   393376   394580 
%CPU %MEM ARGS Mon Oct  5 01:24:17 UTC 2026
 0.0  0.0 grep --color=auto ./cli       1  2160
23.8  4.8 ./cli kernel images/4096x40   1 394584
24.0  4.8 ./cli kernel images/4096x40   1 394580
24.1  4.8 ./cli kernel images/4096x40   1 394592
24.2  4.8 ./cli kernel images/4096x40   0 394540
24.3  4.8 ./cli kernel images/4096x40   1 394540
  PID User     Command                         Swap      USS      PSS      RSS 
35379 codespace /usr/bin/python3 /usr/bin/s        0    12060    12306    14540 
32329 codespace ./cli kernel images/4096x40        0   393320   393372   394584 
32325 codespace ./cli kernel images/4096x40        0   393320   393373   394540 
32331 codespace ./cli kernel images/4096x40        0   393320   393373   394592 
32323 codespace ./cli kernel images/4096x40        0   393324   393375   394540 
32327 codespace ./cli kernel images/4096x40        0   393324   393376   394580 
%CPU %MEM ARGS Mon Oct  5 01:24:18 UTC 2026
 0.0  0.0 grep --color=auto ./cli       1  2244
23.8  4.8 ./cli kernel images/4096x40   1 394584
24.0  4.8 ./cli kernel images/4096x40   1 394580
24.1  4.8 ./cli kernel images/4096x40   0 394592
24.2  4.8 ./cli kernel images/4096x40   0 394540
24.2  4.8 ./cli kernel images/4096x40   1 394540
  PID User     Command                         Swap      USS      PSS      RSS 
35385 codespace /usr/bin/python3 /usr/bin/s        0    12056    12317    14564 
32325 codespace ./cli kernel images/4096x40        0   393320   393372   394540 
32329 codespace ./cli kernel images/4096x40        0   393320   393372   394584 
32331 codespace ./cli kernel images/4096x40        0   393320   393373   394592 
32323 codespace ./cli kernel images/4096x40        0   393324   393375   394540 
32327 codespace ./cli kernel images/4096x40        0   393324   393376   394580 
%CPU %MEM ARGS Mon Oct  5 01:24:19 UTC 2026
 0.0  0.0 grep --color=auto ./cli       1  2164
23.8  4.8 ./cli kernel images/4096x40   1 394584
24.0  4.8 ./cli kernel images/4096x40   0 394580
24.1  4.8 ./cli kernel images/4096x40   1 394592
24.2  4.8 ./cli kernel images/4096x40   1 394540
24.2  4.8 ./cli kernel images/4096x40   1 394540
  PID User     Command                         Swap      USS      PSS      RSS 
35391 codespace /usr/bin/python3 /usr/bin/s        0    12060    12299    14476 
32329 codespace ./cli kernel images/4096x40        0   393320   393372   394584 
32325 codespace ./cli kernel images/4096x40        0   393320   393373   394540 
32331 codespace ./cli kernel images/4096x40        0   393320   393373   394592 
32323 codespace ./cli kernel images/4096x40        0   393324   393376   394540 
32327 codespace ./cli kernel images/4096x40        0   393324   393376   394580 
%CPU %MEM ARGS Mon Oct  5 01:24:20 UTC 2026
 0.0  0.0 grep --color=auto ./cli       0  2160
23.8  4.8 ./cli kernel images/4096x40   0 394584
24.0  4.8 ./cli kernel images/4096x40   1 394580
24.0  4.8 ./cli kernel images/4096x40   0 394592
24.1  4.8 ./cli kernel images/4096x40   0 394540
24.2  4.8 ./cli kernel images/4096x40   1 394540
  PID User     Command                         Swap      USS      PSS      RSS 
35403 codespace /usr/bin/python3 /usr/bin/s        0    12052    12293    14468 
32325 codespace ./cli kernel images/4096x40        0   393320   393370   394540 
32329 codespace ./cli kernel images/4096x40        0   393320   393372   394584 
32331 codespace ./cli kernel images/4096x40        0   393320   393373   394592 
32323 codespace ./cli kernel images/4096x40        0   393324   393375   394540 
32327 codespace ./cli kernel images/4096x40        0   393324   393376   394580 
%CPU %MEM ARGS Mon Oct  5 01:24:21 UTC 2026
 0.0  0.0 grep --color=auto ./cli       0  2244
23.7  4.8 ./cli kernel images/4096x40   1 394584
23.9  4.8 ./cli kernel images/4096x40   0 394580
24.0  4.8 ./cli kernel images/4096x40   0 394592
24.1  4.8 ./cli kernel images/4096x40   0 394540
24.2  4.8 ./cli kernel images/4096x40   0 394540
  PID User     Command                         Swap      USS      PSS      RSS 
35430 codespace /usr/bin/python3 /usr/bin/s        0    12052    12276    14540 
32331 codespace ./cli kernel images/4096x40        0   393320   393370   394592 
32329 codespace ./cli kernel images/4096x40        0   393320   393371   394584 
32325 codespace ./cli kernel images/4096x40        0   393320   393373   394540 
32323 codespace ./cli kernel images/4096x40        0   393324   393375   394540 
32327 codespace ./cli kernel images/4096x40        0   393324   393376   394580 
%CPU %MEM ARGS Mon Oct  5 01:24:22 UTC 2026
 0.0  0.0 grep --color=auto ./cli       1  2268
23.7  4.8 ./cli kernel images/4096x40   1 394584
23.9  4.8 ./cli kernel images/4096x40   1 394580
24.0  4.8 ./cli kernel images/4096x40   0 394592
24.0  4.8 ./cli kernel images/4096x40   1 394540
24.1  4.8 ./cli kernel images/4096x40   1 394540
  PID User     Command                         Swap      USS      PSS      RSS 
35445 codespace /usr/bin/python3 /usr/bin/s        0    12060    12300    14516 
32329 codespace ./cli kernel images/4096x40        0   393320   393372   394584 
32325 codespace ./cli kernel images/4096x40        0   393320   393373   394540 
32331 codespace ./cli kernel images/4096x40        0   393320   393373   394592 
32323 codespace ./cli kernel images/4096x40        0   393324   393375   394540 
32327 codespace ./cli kernel images/4096x40        0   393324   393376   394580 
%CPU %MEM ARGS Mon Oct  5 01:24:23 UTC 2026
 0.0  0.0 grep --color=auto ./cli       0  2184
23.7  4.8 ./cli kernel images/4096x40   1 394584
23.9  4.8 ./cli kernel images/4096x40   1 394580
23.9  4.8 ./cli kernel images/4096x40   0 394592
24.0  4.8 ./cli kernel images/4096x40   0 394540
24.1  4.8 ./cli kernel images/4096x40   1 394540
  PID User     Command                         Swap      USS      PSS      RSS 
35455 codespace /usr/bin/python3 /usr/bin/s        0    12064    12327    14624 
32329 codespace ./cli kernel images/4096x40        0   393320   393372   394584 
32325 codespace ./cli kernel images/4096x40        0   393320   393373   394540 
32331 codespace ./cli kernel images/4096x40        0   393320   393373   394592 
32323 codespace ./cli kernel images/4096x40        0   393324   393375   394540 
32327 codespace ./cli kernel images/4096x40        0   393324   393376   394580 
%CPU %MEM ARGS Mon Oct  5 01:24:25 UTC 2026
 0.0  0.0 grep --color=auto ./cli       1  2296
23.7  4.8 ./cli kernel images/4096x40   0 394584
23.9  4.8 ./cli kernel images/4096x40   0 394580
23.9  4.8 ./cli kernel images/4096x40   0 394592
24.0  4.8 ./cli kernel images/4096x40   0 394540
24.1  4.8 ./cli kernel images/4096x40   0 394540
  PID User     Command                         Swap      USS      PSS      RSS 
35461 codespace /usr/bin/python3 /usr/bin/s        0    12080    12336    14588 
32329 codespace ./cli kernel images/4096x40        0   393320   393372   394584 
32325 codespace ./cli kernel images/4096x40        0   393320   393373   394540 
32331 codespace ./cli kernel images/4096x40        0   393320   393373   394592 
32323 codespace ./cli kernel images/4096x40        0   393324   393375   394540 
32327 codespace ./cli kernel images/4096x40        0   393324   393376   394580 
%CPU %MEM ARGS Mon Oct  5 01:24:26 UTC 2026
 0.0  0.0 grep --color=auto ./cli       1  2304
23.7  4.8 ./cli kernel images/4096x40   0 394584
23.8  4.8 ./cli kernel images/4096x40   0 394580
23.9  4.8 ./cli kernel images/4096x40   1 394592
23.9  4.8 ./cli kernel images/4096x40   0 394540
24.0  4.8 ./cli kernel images/4096x40   0 394540
  PID User     Command                         Swap      USS      PSS      RSS 
35467 codespace /usr/bin/python3 /usr/bin/s        0    12052    12303    14520 
32325 codespace ./cli kernel images/4096x40        0   393320   393367   394540 
32329 codespace ./cli kernel images/4096x40        0   393320   393372   394584 
32331 codespace ./cli kernel images/4096x40        0   393320   393373   394592 
32323 codespace ./cli kernel images/4096x40        0   393324   393374   394540 
32327 codespace ./cli kernel images/4096x40        0   393324   393376   394580 
%CPU %MEM ARGS Mon Oct  5 01:24:27 UTC 2026
 0.0  0.0 grep --color=auto ./cli       1  2176
23.7  4.8 ./cli kernel images/4096x40   1 394584
23.8  4.8 ./cli kernel images/4096x40   1 394580
23.9  4.8 ./cli kernel images/4096x40   1 394540
23.9  4.8 ./cli kernel images/4096x40   0 394592
24.0  4.8 ./cli kernel images/4096x40   1 394540
  PID User     Command                         Swap      USS      PSS      RSS 
35483 codespace /usr/bin/python3 /usr/bin/s        0    12060    12308    14544 
32329 codespace ./cli kernel images/4096x40        0   393320   393372   394584 
32325 codespace ./cli kernel images/4096x40        0   393320   393373   394540 
32331 codespace ./cli kernel images/4096x40        0   393320   393373   394592 
32323 codespace ./cli kernel images/4096x40        0   393324   393375   394540 
32327 codespace ./cli kernel images/4096x40        0   393324   393376   394580 
%CPU %MEM ARGS Mon Oct  5 01:24:28 UTC 2026
 0.0  0.0 grep --color=auto ./cli       0  2168
23.7  4.8 ./cli kernel images/4096x40   1 394584
23.8  4.8 ./cli kernel images/4096x40   0 394580
23.9  4.8 ./cli kernel images/4096x40   0 394540
23.9  4.8 ./cli kernel images/4096x40   0 394592
24.0  4.8 ./cli kernel images/4096x40   1 394540
  PID User     Command                         Swap      USS      PSS      RSS 
35489 codespace /usr/bin/python3 /usr/bin/s        0    12060    12304    14540 
32325 codespace ./cli kernel images/4096x40        0   393320   393370   394540 
32329 codespace ./cli kernel images/4096x40        0   393320   393370   394584 
32323 codespace ./cli kernel images/4096x40        0   393324   393373   394540 
32327 codespace ./cli kernel images/4096x40        0   393324   393373   394580 
32331 codespace ./cli kernel images/4096x40        0   393320   393373   394592 
%CPU %MEM ARGS Mon Oct  5 01:24:28 UTC 2026
 0.0  0.0 grep --color=auto ./cli       1  2208
23.6  4.8 ./cli kernel images/4096x40   0 394584
23.8  4.8 ./cli kernel images/4096x40   0 394580
23.9  4.8 ./cli kernel images/4096x40   0 394540
23.9  4.8 ./cli kernel images/4096x40   0 394592
24.0  4.8 ./cli kernel images/4096x40   0 394540
  PID User     Command                         Swap      USS      PSS      RSS 
35500 codespace /usr/bin/python3 /usr/bin/s        0    12080    12336    14588 
32329 codespace ./cli kernel images/4096x40        0   393320   393372   394584 
32325 codespace ./cli kernel images/4096x40        0   393320   393373   394540 
32331 codespace ./cli kernel images/4096x40        0   393320   393373   394592 
32323 codespace ./cli kernel images/4096x40        0   393324   393375   394540 
32327 codespace ./cli kernel images/4096x40        0   393324   393377   394580 
%CPU %MEM ARGS Mon Oct  5 01:24:29 UTC 2026
 0.0  0.0 grep --color=auto ./cli       1  2252
23.6  4.8 ./cli kernel images/4096x40   0 394584
23.7  4.8 ./cli kernel images/4096x40   1 394580
23.8  4.8 ./cli kernel images/4096x40   0 394540
23.9  4.8 ./cli kernel images/4096x40   0 394592
24.0  4.8 ./cli kernel images/4096x40   0 394540
  PID User     Command                         Swap      USS      PSS      RSS 
35506 codespace /usr/bin/python3 /usr/bin/s        0    12068    12319    14568 
32325 codespace ./cli kernel images/4096x40        0   393320   393369   394540 
32329 codespace ./cli kernel images/4096x40        0   393320   393372   394584 
32331 codespace ./cli kernel images/4096x40        0   393320   393372   394592 
32323 codespace ./cli kernel images/4096x40        0   393324   393375   394540 
32327 codespace ./cli kernel images/4096x40        0   393324   393376   394580 
%CPU %MEM ARGS Mon Oct  5 01:24:30 UTC 2026
 0.0  0.0 grep --color=auto ./cli       0  2212
23.6  4.8 ./cli kernel images/4096x40   0 394584
23.7  4.8 ./cli kernel images/4096x40   0 394580
23.8  4.8 ./cli kernel images/4096x40   1 394540
23.8  4.8 ./cli kernel images/4096x40   0 394592
24.0  4.8 ./cli kernel images/4096x40   0 394540
  PID User     Command                         Swap      USS      PSS      RSS 
35518 codespace /usr/bin/python3 /usr/bin/s        0    12056    12306    14540 
32325 codespace ./cli kernel images/4096x40        0   393320   393372   394540 
32329 codespace ./cli kernel images/4096x40        0   393320   393372   394584 
32331 codespace ./cli kernel images/4096x40        0   393320   393373   394592 
32323 codespace ./cli kernel images/4096x40        0   393324   393375   394540 
32327 codespace ./cli kernel images/4096x40        0   393324   393376   394580 
%CPU %MEM ARGS Mon Oct  5 01:24:31 UTC 2026
 0.0  0.0 grep --color=auto ./cli       1  2172
23.6  4.8 ./cli kernel images/4096x40   1 394584
23.7  4.8 ./cli kernel images/4096x40   1 394580
23.8  4.8 ./cli kernel images/4096x40   0 394592
23.8  4.8 ./cli kernel images/4096x40   1 394540
23.9  4.8 ./cli kernel images/4096x40   0 394540
  PID User     Command                         Swap      USS      PSS      RSS 
35536 codespace /usr/bin/python3 /usr/bin/s        0    12060    12309    14544 
32329 codespace ./cli kernel images/4096x40        0   393320   393372   394584 
32325 codespace ./cli kernel images/4096x40        0   393320   393373   394540 
32331 codespace ./cli kernel images/4096x40        0   393320   393373   394592 
32323 codespace ./cli kernel images/4096x40        0   393324   393375   394540 
32327 codespace ./cli kernel images/4096x40        0   393324   393376   394580 
%CPU %MEM ARGS Mon Oct  5 01:24:32 UTC 2026
 0.0  0.0 grep --color=auto ./cli       0  2160
23.5  4.8 ./cli kernel images/4096x40   1 394584
23.7  4.8 ./cli kernel images/4096x40   1 394580
23.8  4.8 ./cli kernel images/4096x40   1 394592
23.8  4.8 ./cli kernel images/4096x40   1 394540
23.9  4.8 ./cli kernel images/4096x40   0 394540
  PID User     Command                         Swap      USS      PSS      RSS 
35548 codespace /usr/bin/python3 /usr/bin/s        0    12072    12330    14620 
32329 codespace ./cli kernel images/4096x40        0   393320   393366   394584 
32323 codespace ./cli kernel images/4096x40        0   393324   393370   394540 
32325 codespace ./cli kernel images/4096x40        0   393320   393373   394540 
32331 codespace ./cli kernel images/4096x40        0   393320   393373   394592 
32327 codespace ./cli kernel images/4096x40        0   393324   393375   394580 
%CPU %MEM ARGS Mon Oct  5 01:24:33 UTC 2026
 0.0  0.0 grep --color=auto ./cli       0  2168
23.5  4.8 ./cli kernel images/4096x40   0 394584
23.7  4.8 ./cli kernel images/4096x40   0 394580
23.7  4.8 ./cli kernel images/4096x40   0 394592
23.8  4.8 ./cli kernel images/4096x40   1 394540
23.9  4.8 ./cli kernel images/4096x40   0 394540
  PID User     Command                         Swap      USS      PSS      RSS 
35565 codespace /usr/bin/python3 /usr/bin/s        0    12076    12313    14496 
32325 codespace ./cli kernel images/4096x40        0   393320   393372   394540 
32329 codespace ./cli kernel images/4096x40        0   393320   393372   394584 
32331 codespace ./cli kernel images/4096x40        0   393320   393373   394592 
32323 codespace ./cli kernel images/4096x40        0   393324   393375   394540 
32327 codespace ./cli kernel images/4096x40        0   393324   393376   394580 
%CPU %MEM ARGS Mon Oct  5 01:24:35 UTC 2026
 0.0  0.0 grep --color=auto ./cli       1  2152
23.5  4.8 ./cli kernel images/4096x40   0 394584
23.6  4.8 ./cli kernel images/4096x40   1 394580
23.7  4.8 ./cli kernel images/4096x40   1 394592
23.8  4.8 ./cli kernel images/4096x40   0 394540
23.9  4.8 ./cli kernel images/4096x40   1 394540
  PID User     Command                         Swap      USS      PSS      RSS 
35571 codespace /usr/bin/python3 /usr/bin/s        0    12052    12282    14460 
32329 codespace ./cli kernel images/4096x40        0   393320   393372   394584 
32325 codespace ./cli kernel images/4096x40        0   393320   393373   394540 
32331 codespace ./cli kernel images/4096x40        0   393320   393373   394592 
32323 codespace ./cli kernel images/4096x40        0   393324   393375   394540 
32327 codespace ./cli kernel images/4096x40        0   393324   393376   394580 
%CPU %MEM ARGS Mon Oct  5 01:24:36 UTC 2026
 0.0  0.0 grep --color=auto ./cli       0  2184
23.5  4.8 ./cli kernel images/4096x40   0 394584
23.6  4.8 ./cli kernel images/4096x40   0 394580
23.7  4.8 ./cli kernel images/4096x40   0 394592
23.7  4.8 ./cli kernel images/4096x40   1 394540
23.9  4.8 ./cli kernel images/4096x40   0 394540
  PID User     Command                         Swap      USS      PSS      RSS 
35578 codespace /usr/bin/python3 /usr/bin/s        0    12060    12321    14568 
32329 codespace ./cli kernel images/4096x40        0   393320   393368   394584 
32325 codespace ./cli kernel images/4096x40        0   393320   393372   394540 
32331 codespace ./cli kernel images/4096x40        0   393320   393373   394592 
32323 codespace ./cli kernel images/4096x40        0   393324   393375   394540 
32327 codespace ./cli kernel images/4096x40        0   393324   393375   394580 
%CPU %MEM ARGS Mon Oct  5 01:24:37 UTC 2026
 0.0  0.0 grep --color=auto ./cli       1  2156
23.5  4.8 ./cli kernel images/4096x40   0 394584
23.6  4.8 ./cli kernel images/4096x40   0 394580
23.7  4.8 ./cli kernel images/4096x40   0 394592
23.7  4.8 ./cli kernel images/4096x40   0 394540
23.8  4.8 ./cli kernel images/4096x40   0 394540
  PID User     Command                         Swap      USS      PSS      RSS 
35590 codespace /usr/bin/python3 /usr/bin/s        0    12060    12308    14544 
32329 codespace ./cli kernel images/4096x40        0   393320   393372   394584 
32325 codespace ./cli kernel images/4096x40        0   393320   393373   394540 
32331 codespace ./cli kernel images/4096x40        0   393320   393373   394592 
32323 codespace ./cli kernel images/4096x40        0   393324   393375   394540 
32327 codespace ./cli kernel images/4096x40        0   393324   393376   394580 
%CPU %MEM ARGS Mon Oct  5 01:24:38 UTC 2026
 0.0  0.0 grep --color=auto ./cli       1  2156
23.4  4.8 ./cli kernel images/4096x40   1 394584
23.6  4.8 ./cli kernel images/4096x40   0 394580
23.6  4.8 ./cli kernel images/4096x40   0 394592
23.7  4.8 ./cli kernel images/4096x40   0 394540
23.8  4.8 ./cli kernel images/4096x40   0 394540
  PID User     Command                         Swap      USS      PSS      RSS 
35596 codespace /usr/bin/python3 /usr/bin/s        0    12056    12306    14540 
32325 codespace ./cli kernel images/4096x40        0   393320   393372   394540 
32329 codespace ./cli kernel images/4096x40        0   393320   393372   394584 
32331 codespace ./cli kernel images/4096x40        0   393320   393373   394592 
32323 codespace ./cli kernel images/4096x40        0   393324   393375   394540 
32327 codespace ./cli kernel images/4096x40        0   393324   393376   394580 
%CPU %MEM ARGS Mon Oct  5 01:24:39 UTC 2026
 0.0  0.0 grep --color=auto ./cli       0  2180
23.4  4.8 ./cli kernel images/4096x40   1 394584
23.5  4.8 ./cli kernel images/4096x40   0 394580
23.6  4.8 ./cli kernel images/4096x40   0 394592
23.7  4.8 ./cli kernel images/4096x40   0 394540
23.8  4.8 ./cli kernel images/4096x40   1 394540
  PID User     Command                         Swap      USS      PSS      RSS 
35608 codespace /usr/bin/python3 /usr/bin/s        0    12072    12328    14584 
32329 codespace ./cli kernel images/4096x40        0   393320   393366   394584 
32323 codespace ./cli kernel images/4096x40        0   393324   393369   394540 
32325 codespace ./cli kernel images/4096x40        0   393320   393373   394540 
32331 codespace ./cli kernel images/4096x40        0   393320   393373   394592 
32327 codespace ./cli kernel images/4096x40        0   393324   393375   394580 
%CPU %MEM ARGS Mon Oct  5 01:24:40 UTC 2026
 0.0  0.0 grep --color=auto ./cli       0  2292
23.5  4.8 ./cli kernel images/4096x40   1 394584
23.5  4.8 ./cli kernel images/4096x40   0 394580
23.6  4.8 ./cli kernel images/4096x40   0 394592
23.7  4.8 ./cli kernel images/4096x40   0 394540
23.7  4.8 ./cli kernel images/4096x40   0 394540
  PID User     Command                         Swap      USS      PSS      RSS 
35620 codespace /usr/bin/python3 /usr/bin/s        0    12072    12331    14624 
32329 codespace ./cli kernel images/4096x40        0   393320   393372   394584 
32325 codespace ./cli kernel images/4096x40        0   393320   393373   394540 
32331 codespace ./cli kernel images/4096x40        0   393320   393373   394592 
32323 codespace ./cli kernel images/4096x40        0   393324   393375   394540 
32327 codespace ./cli kernel images/4096x40        0   393324   393376   394580 
%CPU %MEM ARGS Mon Oct  5 01:24:41 UTC 2026
 0.0  0.0 grep --color=auto ./cli       1  2160
23.4  4.8 ./cli kernel images/4096x40   1 394584
23.5  4.8 ./cli kernel images/4096x40   1 394580
23.6  4.8 ./cli kernel images/4096x40   1 394592
23.7  4.8 ./cli kernel images/4096x40   0 394540
23.7  4.8 ./cli kernel images/4096x40   1 394540
  PID User     Command                         Swap      USS      PSS      RSS 
35626 codespace /usr/bin/python3 /usr/bin/s        0    12060    12306    14528 
32325 codespace ./cli kernel images/4096x40        0   393320   393372   394540 
32329 codespace ./cli kernel images/4096x40        0   393320   393372   394584 
32331 codespace ./cli kernel images/4096x40        0   393320   393373   394592 
32323 codespace ./cli kernel images/4096x40        0   393324   393375   394540 
32327 codespace ./cli kernel images/4096x40        0   393324   393376   394580 
%CPU %MEM ARGS Mon Oct  5 01:24:42 UTC 2026
 0.0  0.0 grep --color=auto ./cli       0  2252
23.4  4.8 ./cli kernel images/4096x40   0 394584
23.5  4.8 ./cli kernel images/4096x40   0 394580
23.5  4.8 ./cli kernel images/4096x40   1 394592
23.7  4.8 ./cli kernel images/4096x40   0 394540
23.7  4.8 ./cli kernel images/4096x40   0 394540
  PID User     Command                         Swap      USS      PSS      RSS 
35651 codespace /usr/bin/python3 /usr/bin/s        0    12016    12260    14496 
32329 codespace ./cli kernel images/4096x40        0   393320   393372   394584 
32325 codespace ./cli kernel images/4096x40        0   393320   393373   394540 
32331 codespace ./cli kernel images/4096x40        0   393320   393373   394592 
32323 codespace ./cli kernel images/4096x40        0   393324   393375   394540 
32327 codespace ./cli kernel images/4096x40        0   393324   393376   394580 
%CPU %MEM ARGS Mon Oct  5 01:24:43 UTC 2026
 0.0  0.0 grep --color=auto ./cli       0  2304
23.4  4.8 ./cli kernel images/4096x40   0 394584
23.4  4.8 ./cli kernel images/4096x40   0 394580
23.5  4.8 ./cli kernel images/4096x40   0 394592
23.7  4.8 ./cli kernel images/4096x40   0 394540
23.7  4.8 ./cli kernel images/4096x40   0 394540
  PID User     Command                         Swap      USS      PSS      RSS 
35661 codespace /usr/bin/python3 /usr/bin/s        0    12064    12325    14572 
32325 codespace ./cli kernel images/4096x40        0   393320   393372   394540 
32329 codespace ./cli kernel images/4096x40        0   393320   393372   394584 
32331 codespace ./cli kernel images/4096x40        0   393320   393373   394592 
32323 codespace ./cli kernel images/4096x40        0   393324   393375   394540 
32327 codespace ./cli kernel images/4096x40        0   393324   393376   394580 
%CPU %MEM ARGS Mon Oct  5 01:24:44 UTC 2026
 0.0  0.0 grep --color=auto ./cli       1  2152
23.4  4.8 ./cli kernel images/4096x40   1 394584
23.4  4.8 ./cli kernel images/4096x40   1 394580
23.5  4.8 ./cli kernel images/4096x40   1 394592
23.6  4.8 ./cli kernel images/4096x40   0 394540
23.7  4.8 ./cli kernel images/4096x40   1 394540
  PID User     Command                         Swap      USS      PSS      RSS 
35669 codespace /usr/bin/python3 /usr/bin/s        0    12112    12369    14612 
32325 codespace ./cli kernel images/4096x40        0   393320   393370   394540 
32329 codespace ./cli kernel images/4096x40        0   393320   393370   394584 
32331 codespace ./cli kernel images/4096x40        0   393320   393373   394592 
32323 codespace ./cli kernel images/4096x40        0   393324   393374   394540 
32327 codespace ./cli kernel images/4096x40        0   393324   393374   394580 
%CPU %MEM ARGS Mon Oct  5 01:24:45 UTC 2026
 0.0  0.0 grep --color=auto ./cli       1  2168
23.3  4.8 ./cli kernel images/4096x40   1 394584
23.4  4.8 ./cli kernel images/4096x40   0 394580
23.5  4.8 ./cli kernel images/4096x40   0 394592
23.6  4.8 ./cli kernel images/4096x40   1 394540
23.6  4.8 ./cli kernel images/4096x40   1 394540
  PID User     Command                         Swap      USS      PSS      RSS 
35680 codespace /usr/bin/python3 /usr/bin/s        0    12068    12323    14576 
32329 codespace ./cli kernel images/4096x40        0   393320   393372   394584 
32325 codespace ./cli kernel images/4096x40        0   393320   393373   394540 
32331 codespace ./cli kernel images/4096x40        0   393320   393373   394592 
32323 codespace ./cli kernel images/4096x40        0   393324   393375   394540 
32327 codespace ./cli kernel images/4096x40        0   393324   393376   394580 
%CPU %MEM ARGS Mon Oct  5 01:24:46 UTC 2026
 0.0  0.0 grep --color=auto ./cli       0  2172
23.3  4.8 ./cli kernel images/4096x40   0 394584
23.4  4.8 ./cli kernel images/4096x40   0 394580
23.5  4.8 ./cli kernel images/4096x40   0 394592
23.6  4.8 ./cli kernel images/4096x40   0 394540
23.6  4.8 ./cli kernel images/4096x40   0 394540
  PID User     Command                         Swap      USS      PSS      RSS 
35686 codespace /usr/bin/python3 /usr/bin/s        0    12060    12320    14568 
32325 codespace ./cli kernel images/4096x40        0   393320   393367   394540 
32329 codespace ./cli kernel images/4096x40        0   393320   393372   394584 
32323 codespace ./cli kernel images/4096x40        0   393324   393373   394540 
32331 codespace ./cli kernel images/4096x40        0   393320   393373   394592 
32327 codespace ./cli kernel images/4096x40        0   393324   393376   394580 
%CPU %MEM ARGS Mon Oct  5 01:24:47 UTC 2026
 0.0  0.0 grep --color=auto ./cli       0  2308
23.3  4.8 ./cli kernel images/4096x40   0 394584
23.3  4.8 ./cli kernel images/4096x40   0 394580
23.5  4.8 ./cli kernel images/4096x40   0 394592
23.6  4.8 ./cli kernel images/4096x40   0 394540
23.6  4.8 ./cli kernel images/4096x40   1 394540
  PID User     Command                         Swap      USS      PSS      RSS 
35698 codespace /usr/bin/python3 /usr/bin/s        0    12056    12296    14508 
32329 codespace ./cli kernel images/4096x40        0   393320   393372   394584 
32325 codespace ./cli kernel images/4096x40        0   393320   393373   394540 
32331 codespace ./cli kernel images/4096x40        0   393320   393373   394592 
32323 codespace ./cli kernel images/4096x40        0   393324   393375   394540 
32327 codespace ./cli kernel images/4096x40        0   393324   393376   394580 
%CPU %MEM ARGS Mon Oct  5 01:24:48 UTC 2026
 0.0  0.0 grep --color=auto ./cli       0  2300
23.3  4.8 ./cli kernel images/4096x40   1 394584
23.3  4.8 ./cli kernel images/4096x40   0 394580
23.5  4.8 ./cli kernel images/4096x40   0 394592
23.6  4.8 ./cli kernel images/4096x40   0 394540
23.6  4.8 ./cli kernel images/4096x40   0 394540
  PID User     Command                         Swap      USS      PSS      RSS 
35704 codespace /usr/bin/python3 /usr/bin/s        0    12048    12282    14468 
32329 codespace ./cli kernel images/4096x40        0   393320   393372   394584 
32325 codespace ./cli kernel images/4096x40        0   393320   393373   394540 
32331 codespace ./cli kernel images/4096x40        0   393320   393373   394592 
32323 codespace ./cli kernel images/4096x40        0   393324   393375   394540 
32327 codespace ./cli kernel images/4096x40        0   393324   393375   394580 
%CPU %MEM ARGS Mon Oct  5 01:24:49 UTC 2026
 0.0  0.0 grep --color=auto ./cli       0  2208
23.3  4.8 ./cli kernel images/4096x40   1 394584
23.3  4.8 ./cli kernel images/4096x40   0 394580
23.5  4.8 ./cli kernel images/4096x40   1 394592
23.6  4.8 ./cli kernel images/4096x40   1 394540
23.6  4.8 ./cli kernel images/4096x40   1 394540
  PID User     Command                         Swap      USS      PSS      RSS 
35709 codespace /usr/bin/python3 /usr/bin/s        0    12072    12331    14620 
32329 codespace ./cli kernel images/4096x40        0   393320   393366   394584 
32325 codespace ./cli kernel images/4096x40        0   393320   393372   394540 
32331 codespace ./cli kernel images/4096x40        0   393320   393373   394592 
32323 codespace ./cli kernel images/4096x40        0   393324   393375   394540 
32327 codespace ./cli kernel images/4096x40        0   393324   393375   394580 
%CPU %MEM ARGS Mon Oct  5 01:24:50 UTC 2026
 0.0  0.0 grep --color=auto ./cli       1  2160
23.2  4.8 ./cli kernel images/4096x40   1 394584
23.3  4.8 ./cli kernel images/4096x40   0 394580
23.4  4.8 ./cli kernel images/4096x40   1 394592
23.5  4.8 ./cli kernel images/4096x40   1 394540
23.5  4.8 ./cli kernel images/4096x40   1 394540
  PID User     Command                         Swap      USS      PSS      RSS 
35722 codespace /usr/bin/python3 /usr/bin/s        0    12052    12291    14468 
32329 codespace ./cli kernel images/4096x40        0   393320   393372   394584 
32325 codespace ./cli kernel images/4096x40        0   393320   393373   394540 
32331 codespace ./cli kernel images/4096x40        0   393320   393373   394592 
32323 codespace ./cli kernel images/4096x40        0   393324   393375   394540 
32327 codespace ./cli kernel images/4096x40        0   393324   393376   394580 
%CPU %MEM ARGS Mon Oct  5 01:24:51 UTC 2026
 0.0  0.0 grep --color=auto ./cli       1  2208
23.2  4.8 ./cli kernel images/4096x40   0 394584
23.3  4.8 ./cli kernel images/4096x40   0 394580
23.4  4.8 ./cli kernel images/4096x40   0 394592
23.5  4.8 ./cli kernel images/4096x40   0 394540
23.5  4.8 ./cli kernel images/4096x40   0 394540
  PID User     Command                         Swap      USS      PSS      RSS 
35734 codespace /usr/bin/python3 /usr/bin/s        0    12072    12331    14620 
32329 codespace ./cli kernel images/4096x40        0   393320   393372   394584 
32325 codespace ./cli kernel images/4096x40        0   393320   393373   394540 
32331 codespace ./cli kernel images/4096x40        0   393320   393373   394592 
32323 codespace ./cli kernel images/4096x40        0   393324   393375   394540 
32327 codespace ./cli kernel images/4096x40        0   393324   393376   394580 
%CPU %MEM ARGS Mon Oct  5 01:24:52 UTC 2026
 0.0  0.0 grep --color=auto ./cli       0  2160
23.2  4.8 ./cli kernel images/4096x40   0 394584
23.3  4.8 ./cli kernel images/4096x40   0 394580
23.4  4.8 ./cli kernel images/4096x40   0 394592
23.5  4.8 ./cli kernel images/4096x40   0 394540
23.5  4.8 ./cli kernel images/4096x40   0 394540
  PID User     Command                         Swap      USS      PSS      RSS 
35753 codespace /usr/bin/python3 /usr/bin/s        0    12052    12287    14472 
32325 codespace ./cli kernel images/4096x40        0   393320   393372   394540 
32329 codespace ./cli kernel images/4096x40        0   393320   393372   394584 
32331 codespace ./cli kernel images/4096x40        0   393320   393373   394592 
32323 codespace ./cli kernel images/4096x40        0   393324   393375   394540 
32327 codespace ./cli kernel images/4096x40        0   393324   393376   394580 
%CPU %MEM ARGS Mon Oct  5 01:24:53 UTC 2026
 0.0  0.0 grep --color=auto ./cli       1  2288
23.2  4.8 ./cli kernel images/4096x40   0 394584
23.3  4.8 ./cli kernel images/4096x40   0 394580
23.4  4.8 ./cli kernel images/4096x40   0 394592
23.5  4.8 ./cli kernel images/4096x40   1 394540
23.5  4.8 ./cli kernel images/4096x40   0 394540
  PID User     Command                         Swap      USS      PSS      RSS 
35771 codespace /usr/bin/python3 /usr/bin/s        0    12024    12270    14492 
32329 codespace ./cli kernel images/4096x40        0   393320   393372   394584 
32325 codespace ./cli kernel images/4096x40        0   393320   393373   394540 
32331 codespace ./cli kernel images/4096x40        0   393320   393373   394592 
32323 codespace ./cli kernel images/4096x40        0   393324   393375   394540 
32327 codespace ./cli kernel images/4096x40        0   393324   393376   394580 
%CPU %MEM ARGS Mon Oct  5 01:24:54 UTC 2026
 0.0  0.0 grep --color=auto ./cli       0  2168
23.2  4.8 ./cli kernel images/4096x40   0 394584
23.3  4.8 ./cli kernel images/4096x40   1 394580
23.4  4.8 ./cli kernel images/4096x40   1 394592
23.5  4.8 ./cli kernel images/4096x40   0 394540
23.5  4.8 ./cli kernel images/4096x40   1 394540
  PID User     Command                         Swap      USS      PSS      RSS 
35777 codespace /usr/bin/python3 /usr/bin/s        0    12052    12293    14468 
32325 codespace ./cli kernel images/4096x40        0   393320   393372   394540 
32329 codespace ./cli kernel images/4096x40        0   393320   393372   394584 
32331 codespace ./cli kernel images/4096x40        0   393320   393373   394592 
32323 codespace ./cli kernel images/4096x40        0   393324   393375   394540 
32327 codespace ./cli kernel images/4096x40        0   393324   393376   394580 
%CPU %MEM ARGS Mon Oct  5 01:24:55 UTC 2026
 0.0  0.0 grep --color=auto ./cli       0  2292
23.1  4.8 ./cli kernel images/4096x40   0 394584
23.3  4.8 ./cli kernel images/4096x40   0 394580
23.3  4.8 ./cli kernel images/4096x40   0 394592
23.4  4.8 ./cli kernel images/4096x40   0 394540
23.5  4.8 ./cli kernel images/4096x40   1 394540
  PID User     Command                         Swap      USS      PSS      RSS 
35783 codespace /usr/bin/python3 /usr/bin/s        0    12064    12311    14548 
32329 codespace ./cli kernel images/4096x40        0   393320   393372   394584 
32325 codespace ./cli kernel images/4096x40        0   393320   393373   394540 
32331 codespace ./cli kernel images/4096x40        0   393320   393373   394592 
32323 codespace ./cli kernel images/4096x40        0   393324   393375   394540 
32327 codespace ./cli kernel images/4096x40        0   393324   393376   394580 
%CPU %MEM ARGS Mon Oct  5 01:24:56 UTC 2026
 0.0  0.0 grep --color=auto ./cli       1  2160
23.1  4.8 ./cli kernel images/4096x40   0 394584
23.2  4.8 ./cli kernel images/4096x40   0 394580
23.3  4.8 ./cli kernel images/4096x40   1 394592
23.4  4.8 ./cli kernel images/4096x40   1 394540
23.5  4.8 ./cli kernel images/4096x40   0 394540
  PID User     Command                         Swap      USS      PSS      RSS 
35796 codespace /usr/bin/python3 /usr/bin/s        0    12056    12295    14472 
32329 codespace ./cli kernel images/4096x40        0   393320   393372   394584 
32325 codespace ./cli kernel images/4096x40        0   393320   393373   394540 
32331 codespace ./cli kernel images/4096x40        0   393320   393373   394592 
32323 codespace ./cli kernel images/4096x40        0   393324   393375   394540 
32327 codespace ./cli kernel images/4096x40        0   393324   393376   394580 
%CPU %MEM ARGS Mon Oct  5 01:24:57 UTC 2026
 0.0  0.0 grep --color=auto ./cli       1  2172
23.1  4.8 ./cli kernel images/4096x40   1 394584
23.2  4.8 ./cli kernel images/4096x40   0 394580
23.3  4.8 ./cli kernel images/4096x40   1 394592
23.4  4.8 ./cli kernel images/4096x40   1 394540
23.5  4.8 ./cli kernel images/4096x40   1 394540
  PID User     Command                         Swap      USS      PSS      RSS 
35807 codespace /usr/bin/python3 /usr/bin/s        0    12064    12303    14528 
32329 codespace ./cli kernel images/4096x40        0   393320   393372   394584 
32325 codespace ./cli kernel images/4096x40        0   393320   393373   394540 
32331 codespace ./cli kernel images/4096x40        0   393320   393373   394592 
32323 codespace ./cli kernel images/4096x40        0   393324   393375   394540 
32327 codespace ./cli kernel images/4096x40        0   393324   393376   394580 
%CPU %MEM ARGS Mon Oct  5 01:24:58 UTC 2026
 0.0  0.0 grep --color=auto ./cli       0  2164
23.1  4.8 ./cli kernel images/4096x40   0 394584
23.3  4.8 ./cli kernel images/4096x40   0 394580
23.3  4.8 ./cli kernel images/4096x40   1 394592
23.4  4.8 ./cli kernel images/4096x40   0 394540
23.5  4.8 ./cli kernel images/4096x40   1 394540
  PID User     Command                         Swap      USS      PSS      RSS 
35813 codespace /usr/bin/python3 /usr/bin/s        0    12112    12372    14612 
32325 codespace ./cli kernel images/4096x40        0   393320   393372   394540 
32329 codespace ./cli kernel images/4096x40        0   393320   393372   394584 
32331 codespace ./cli kernel images/4096x40        0   393320   393373   394592 
32323 codespace ./cli kernel images/4096x40        0   393324   393375   394540 
32327 codespace ./cli kernel images/4096x40        0   393324   393376   394580 
%CPU %MEM ARGS Mon Oct  5 01:24:59 UTC 2026
 0.0  0.0 grep --color=auto ./cli       0  2252
23.1  4.8 ./cli kernel images/4096x40   0 394584
23.2  4.8 ./cli kernel images/4096x40   0 394580
23.3  4.8 ./cli kernel images/4096x40   0 394592
23.3  4.8 ./cli kernel images/4096x40   0 394540
23.4  4.8 ./cli kernel images/4096x40   0 394540
  PID User     Command                         Swap      USS      PSS      RSS 
35818 codespace /usr/bin/python3 /usr/bin/s        0    12052    12287    14472 
32327 codespace ./cli kernel images/4096x40        0   393324   393370   394580 
32329 codespace ./cli kernel images/4096x40        0   393320   393372   394584 
32325 codespace ./cli kernel images/4096x40        0   393320   393373   394540 
32331 codespace ./cli kernel images/4096x40        0   393320   393373   394592 
32323 codespace ./cli kernel images/4096x40        0   393324   393375   394540 
%CPU %MEM ARGS Mon Oct  5 01:25:00 UTC 2026
 0.0  0.0 grep --color=auto ./cli       1  2184
23.1  4.8 ./cli kernel images/4096x40   1 394584
23.2  4.8 ./cli kernel images/4096x40   1 394580
23.2  4.8 ./cli kernel images/4096x40   1 394592
23.3  4.8 ./cli kernel images/4096x40   1 394540
23.4  4.8 ./cli kernel images/4096x40   1 394540
  PID User     Command                         Swap      USS      PSS      RSS 
35830 codespace /usr/bin/python3 /usr/bin/s        0    12056    12292    14508 
32329 codespace ./cli kernel images/4096x40        0   393320   393372   394584 
32325 codespace ./cli kernel images/4096x40        0   393320   393373   394540 
32331 codespace ./cli kernel images/4096x40        0   393320   393373   394592 
32323 codespace ./cli kernel images/4096x40        0   393324   393375   394540 
32327 codespace ./cli kernel images/4096x40        0   393324   393376   394580 
%CPU %MEM ARGS Mon Oct  5 01:25:01 UTC 2026
 0.0  0.0 grep --color=auto ./cli       0  2208
23.0  4.8 ./cli kernel images/4096x40   1 394584
23.2  4.8 ./cli kernel images/4096x40   0 394592
23.3  4.8 ./cli kernel images/4096x40   0 394580
23.3  4.8 ./cli kernel images/4096x40   0 394540
23.4  4.8 ./cli kernel images/4096x40   1 394540
  PID User     Command                         Swap      USS      PSS      RSS 
35837 codespace /usr/bin/python3 /usr/bin/s        0    12072    12279    14496 
32329 codespace ./cli kernel images/4096x40        0   393320   393370   394584 
32331 codespace ./cli kernel images/4096x40        0   393320   393370   394592 
32325 codespace ./cli kernel images/4096x40        0   393320   393373   394540 
32327 codespace ./cli kernel images/4096x40        0   393324   393373   394580 
32323 codespace ./cli kernel images/4096x40        0   393324   393375   394540 
%CPU %MEM ARGS Mon Oct  5 01:25:02 UTC 2026
 0.0  0.0 grep --color=auto ./cli       1  2176
23.1  4.8 ./cli kernel images/4096x40   0 394584
23.2  4.8 ./cli kernel images/4096x40   1 394592
23.2  4.8 ./cli kernel images/4096x40   0 394580
23.3  4.8 ./cli kernel images/4096x40   1 394540
23.4  4.8 ./cli kernel images/4096x40   0 394540
  PID User     Command                         Swap      USS      PSS      RSS 
35849 codespace /usr/bin/python3 /usr/bin/s        0    12056    12297    14472 
32329 codespace ./cli kernel images/4096x40        0   393320   393370   394584 
32325 codespace ./cli kernel images/4096x40        0   393320   393371   394540 
32327 codespace ./cli kernel images/4096x40        0   393324   393371   394580 
32331 codespace ./cli kernel images/4096x40        0   393320   393373   394592 
32323 codespace ./cli kernel images/4096x40        0   393324   393375   394540 
%CPU %MEM ARGS Mon Oct  5 01:25:03 UTC 2026
 0.0  0.0 grep --color=auto ./cli       1  2156
23.0  4.8 ./cli kernel images/4096x40   0 394584
23.2  4.8 ./cli kernel images/4096x40   0 394592
23.2  4.8 ./cli kernel images/4096x40   0 394580
23.2  4.8 ./cli kernel images/4096x40   0 394540
23.3  4.8 ./cli kernel images/4096x40   0 394540
  PID User     Command                         Swap      USS      PSS      RSS 
35879 codespace /usr/bin/python3 /usr/bin/s        0    12056    12296    14472 
32329 codespace ./cli kernel images/4096x40        0   393320   393372   394584 
32325 codespace ./cli kernel images/4096x40        0   393320   393373   394540 
32331 codespace ./cli kernel images/4096x40        0   393320   393373   394592 
32323 codespace ./cli kernel images/4096x40        0   393324   393375   394540 
32327 codespace ./cli kernel images/4096x40        0   393324   393376   394580 
%CPU %MEM ARGS Mon Oct  5 01:25:05 UTC 2026
 0.0  0.0 grep --color=auto ./cli       1  2168
23.0  4.8 ./cli kernel images/4096x40   1 394584
23.2  4.8 ./cli kernel images/4096x40   0 394592
23.2  4.8 ./cli kernel images/4096x40   1 394580
23.2  4.8 ./cli kernel images/4096x40   1 394540
23.3  4.8 ./cli kernel images/4096x40   1 394540
  PID User     Command                         Swap      USS      PSS      RSS 
35885 codespace /usr/bin/python3 /usr/bin/s        0    12052    12303    14520 
32329 codespace ./cli kernel images/4096x40        0   393320   393372   394584 
32325 codespace ./cli kernel images/4096x40        0   393320   393373   394540 
32331 codespace ./cli kernel images/4096x40        0   393320   393373   394592 
32323 codespace ./cli kernel images/4096x40        0   393324   393375   394540 
32327 codespace ./cli kernel images/4096x40        0   393324   393376   394580 
%CPU %MEM ARGS Mon Oct  5 01:25:06 UTC 2026
 0.0  0.0 grep --color=auto ./cli       0  2172
23.0  4.8 ./cli kernel images/4096x40   1 394584
23.1  4.8 ./cli kernel images/4096x40   1 394580
23.1  4.8 ./cli kernel images/4096x40   1 394592
23.2  4.8 ./cli kernel images/4096x40   0 394540
23.3  4.8 ./cli kernel images/4096x40   1 394540
  PID User     Command                         Swap      USS      PSS      RSS 
35891 codespace /usr/bin/python3 /usr/bin/s        0    12060    12299    14476 
32329 codespace ./cli kernel images/4096x40        0   393320   393371   394584 
32325 codespace ./cli kernel images/4096x40        0   393320   393373   394540 
32331 codespace ./cli kernel images/4096x40        0   393320   393373   394592 
32323 codespace ./cli kernel images/4096x40        0   393324   393375   394540 
32327 codespace ./cli kernel images/4096x40        0   393324   393376   394580 
%CPU %MEM ARGS Mon Oct  5 01:25:07 UTC 2026
 0.0  0.0 grep --color=auto ./cli       1  2204
23.0  4.8 ./cli kernel images/4096x40   1 394584
23.1  4.8 ./cli kernel images/4096x40   0 394592
23.1  4.8 ./cli kernel images/4096x40   1 394580
23.2  4.8 ./cli kernel images/4096x40   1 394540
23.3  4.8 ./cli kernel images/4096x40   1 394540
  PID User     Command                         Swap      USS      PSS      RSS 
35903 codespace /usr/bin/python3 /usr/bin/s        0    12072    12301    14584 
32329 codespace ./cli kernel images/4096x40        0   393320   393369   394584 
32331 codespace ./cli kernel images/4096x40        0   393320   393370   394592 
32325 codespace ./cli kernel images/4096x40        0   393320   393373   394540 
32323 codespace ./cli kernel images/4096x40        0   393324   393375   394540 
32327 codespace ./cli kernel images/4096x40        0   393324   393376   394580 
%CPU %MEM ARGS Mon Oct  5 01:25:08 UTC 2026
 0.0  0.0 grep --color=auto ./cli       1  2160
23.0  4.8 ./cli kernel images/4096x40   1 394584
23.1  4.8 ./cli kernel images/4096x40   1 394580
23.2  4.8 ./cli kernel images/4096x40   1 394592
23.2  4.8 ./cli kernel images/4096x40   1 394540
23.3  4.8 ./cli kernel images/4096x40   1 394540
  PID User     Command                         Swap      USS      PSS      RSS 
35915 codespace /usr/bin/python3 /usr/bin/s        0    12060    12308    14536 
32325 codespace ./cli kernel images/4096x40        0   393320   393372   394540 
32329 codespace ./cli kernel images/4096x40        0   393320   393372   394584 
32331 codespace ./cli kernel images/4096x40        0   393320   393373   394592 
32323 codespace ./cli kernel images/4096x40        0   393324   393375   394540 
32327 codespace ./cli kernel images/4096x40        0   393324   393376   394580 
%CPU %MEM ARGS Mon Oct  5 01:25:09 UTC 2026
 0.0  0.0 grep --color=auto ./cli       1  2156
22.9  4.8 ./cli kernel images/4096x40   0 394584
23.1  4.8 ./cli kernel images/4096x40   0 394580
23.1  4.8 ./cli kernel images/4096x40   0 394592
23.2  4.8 ./cli kernel images/4096x40   0 394540
23.2  4.8 ./cli kernel images/4096x40   0 394540
  PID User     Command                         Swap      USS      PSS      RSS 
35921 codespace /usr/bin/python3 /usr/bin/s        0    12052    12310    14584 
32325 codespace ./cli kernel images/4096x40        0   393320   393372   394540 
32329 codespace ./cli kernel images/4096x40        0   393320   393372   394584 
32331 codespace ./cli kernel images/4096x40        0   393320   393373   394592 
32323 codespace ./cli kernel images/4096x40        0   393324   393375   394540 
32327 codespace ./cli kernel images/4096x40        0   393324   393376   394580 
%CPU %MEM ARGS Mon Oct  5 01:25:09 UTC 2026
 0.0  0.0 grep --color=auto ./cli       1  2340
22.9  4.8 ./cli kernel images/4096x40   0 394584
23.1  4.8 ./cli kernel images/4096x40   0 394580
23.1  4.8 ./cli kernel images/4096x40   0 394592
23.2  4.8 ./cli kernel images/4096x40   1 394540
23.2  4.8 ./cli kernel images/4096x40   0 394540
  PID User     Command                         Swap      USS      PSS      RSS 
35927 codespace /usr/bin/python3 /usr/bin/s        0    12064    12313    14512 
32325 codespace ./cli kernel images/4096x40        0   393320   393372   394540 
32329 codespace ./cli kernel images/4096x40        0   393320   393372   394584 
32331 codespace ./cli kernel images/4096x40        0   393320   393373   394592 
32323 codespace ./cli kernel images/4096x40        0   393324   393375   394540 
32327 codespace ./cli kernel images/4096x40        0   393324   393376   394580 
%CPU %MEM ARGS Mon Oct  5 01:25:10 UTC 2026
 0.0  0.0 grep --color=auto ./cli       1  2188
22.9  4.8 ./cli kernel images/4096x40   0 394584
23.1  4.8 ./cli kernel images/4096x40   0 394580
23.1  4.8 ./cli kernel images/4096x40   0 394592
23.2  4.8 ./cli kernel images/4096x40   0 394540
23.2  4.8 ./cli kernel images/4096x40   1 394540
  PID User     Command                         Swap      USS      PSS      RSS 
35938 codespace /usr/bin/python3 /usr/bin/s        0    12048    12281    14468 
32329 codespace ./cli kernel images/4096x40        0   393320   393372   394584 
32325 codespace ./cli kernel images/4096x40        0   393320   393373   394540 
32331 codespace ./cli kernel images/4096x40        0   393320   393373   394592 
32323 codespace ./cli kernel images/4096x40        0   393324   393375   394540 
32327 codespace ./cli kernel images/4096x40        0   393324   393376   394580 
%CPU %MEM ARGS Mon Oct  5 01:25:11 UTC 2026
 0.0  0.0 grep --color=auto ./cli       0  2304
22.9  4.8 ./cli kernel images/4096x40   1 394584
23.1  4.8 ./cli kernel images/4096x40   0 394580
23.1  4.8 ./cli kernel images/4096x40   0 394592
23.1  4.8 ./cli kernel images/4096x40   0 394540
23.2  4.8 ./cli kernel images/4096x40   0 394540
  PID User     Command                         Swap      USS      PSS      RSS 
35944 codespace /usr/bin/python3 /usr/bin/s        0    12072    12330    14588 
32329 codespace ./cli kernel images/4096x40        0   393320   393372   394584 
32325 codespace ./cli kernel images/4096x40        0   393320   393373   394540 
32331 codespace ./cli kernel images/4096x40        0   393320   393373   394592 
32323 codespace ./cli kernel images/4096x40        0   393324   393375   394540 
32327 codespace ./cli kernel images/4096x40        0   393324   393376   394580 
%CPU %MEM ARGS Mon Oct  5 01:25:12 UTC 2026
 0.0  0.0 grep --color=auto ./cli       1  2180
22.9  4.8 ./cli kernel images/4096x40   1 394584
23.1  4.8 ./cli kernel images/4096x40   0 394580
23.1  4.8 ./cli kernel images/4096x40   1 394592
23.1  4.8 ./cli kernel images/4096x40   1 394540
23.2  4.8 ./cli kernel images/4096x40   1 394540
  PID User     Command                         Swap      USS      PSS      RSS 
35950 codespace /usr/bin/python3 /usr/bin/s        0    12060    12321    14568 
32325 codespace ./cli kernel images/4096x40        0   393320   393372   394540 
32329 codespace ./cli kernel images/4096x40        0   393320   393372   394584 
32331 codespace ./cli kernel images/4096x40        0   393320   393373   394592 
32323 codespace ./cli kernel images/4096x40        0   393324   393375   394540 
32327 codespace ./cli kernel images/4096x40        0   393324   393376   394580 
%CPU %MEM ARGS Mon Oct  5 01:25:13 UTC 2026
 0.0  0.0 grep --color=auto ./cli       0  2296
22.9  4.8 ./cli kernel images/4096x40   0 394584
23.1  4.8 ./cli kernel images/4096x40   0 394592
23.1  4.8 ./cli kernel images/4096x40   0 394580
23.1  4.8 ./cli kernel images/4096x40   1 394540
23.2  4.8 ./cli kernel images/4096x40   1 394540
  PID User     Command                         Swap      USS      PSS      RSS 
35956 codespace /usr/bin/python3 /usr/bin/s        0    12056    12304    14532 
32323 codespace ./cli kernel images/4096x40        0   393324   393370   394540 
32329 codespace ./cli kernel images/4096x40        0   393320   393370   394584 
32325 codespace ./cli kernel images/4096x40        0   393320   393373   394540 
32331 codespace ./cli kernel images/4096x40        0   393320   393373   394592 
32327 codespace ./cli kernel images/4096x40        0   393324   393376   394580 
%CPU %MEM ARGS Mon Oct  5 01:25:14 UTC 2026
 0.0  0.0 grep --color=auto ./cli       0  2164
22.8  4.8 ./cli kernel images/4096x40   0 394584
23.0  4.8 ./cli kernel images/4096x40   0 394592
23.1  4.8 ./cli kernel images/4096x40   0 394580
23.1  4.8 ./cli kernel images/4096x40   0 394540
23.1  4.8 ./cli kernel images/4096x40   0 394540
  PID User     Command                         Swap      USS      PSS      RSS 
35993 codespace /usr/bin/python3 /usr/bin/s        0    12052    12292    14468 
32329 codespace ./cli kernel images/4096x40        0   393320   393372   394584 
32325 codespace ./cli kernel images/4096x40        0   393320   393373   394540 
32331 codespace ./cli kernel images/4096x40        0   393320   393373   394592 
32323 codespace ./cli kernel images/4096x40        0   393324   393375   394540 
32327 codespace ./cli kernel images/4096x40        0   393324   393376   394580 
%CPU %MEM ARGS Mon Oct  5 01:25:15 UTC 2026
 0.0  0.0 grep --color=auto ./cli       0  2172
22.8  4.8 ./cli kernel images/4096x40   0 394584
23.0  4.8 ./cli kernel images/4096x40   1 394592
23.0  4.8 ./cli kernel images/4096x40   1 394580
23.1  4.8 ./cli kernel images/4096x40   0 394540
23.1  4.8 ./cli kernel images/4096x40   0 394540
  PID User     Command                         Swap      USS      PSS      RSS 
36001 codespace /usr/bin/python3 /usr/bin/s        0    12060    12307    14544 
32329 codespace ./cli kernel images/4096x40        0   393320   393372   394584 
32325 codespace ./cli kernel images/4096x40        0   393320   393373   394540 
32331 codespace ./cli kernel images/4096x40        0   393320   393373   394592 
32323 codespace ./cli kernel images/4096x40        0   393324   393375   394540 
32327 codespace ./cli kernel images/4096x40        0   393324   393376   394580 
%CPU %MEM ARGS Mon Oct  5 01:25:16 UTC 2026
 0.0  0.0 grep --color=auto ./cli       0  2248
22.8  4.8 ./cli kernel images/4096x40   0 394584
23.0  4.8 ./cli kernel images/4096x40   0 394592
23.0  4.8 ./cli kernel images/4096x40   0 394580
23.1  4.8 ./cli kernel images/4096x40   0 394540
23.1  4.8 ./cli kernel images/4096x40   1 394540
  PID User     Command                         Swap      USS      PSS      RSS 
36007 codespace /usr/bin/python3 /usr/bin/s        0    12060    12302    14516 
32329 codespace ./cli kernel images/4096x40        0   393320   393372   394584 
32325 codespace ./cli kernel images/4096x40        0   393320   393373   394540 
32331 codespace ./cli kernel images/4096x40        0   393320   393373   394592 
32323 codespace ./cli kernel images/4096x40        0   393324   393374   394540 
32327 codespace ./cli kernel images/4096x40        0   393324   393376   394580 
%CPU %MEM ARGS Mon Oct  5 01:25:17 UTC 2026
 0.0  0.0 grep --color=auto ./cli       0  2288
22.8  4.8 ./cli kernel images/4096x40   1 394584
23.0  4.8 ./cli kernel images/4096x40   1 394592
23.0  4.8 ./cli kernel images/4096x40   0 394580
23.1  4.8 ./cli kernel images/4096x40   1 394540
23.1  4.8 ./cli kernel images/4096x40   1 394540
  PID User     Command                         Swap      USS      PSS      RSS 
36020 codespace /usr/bin/python3 /usr/bin/s        0    12056    12293    14508 
32329 codespace ./cli kernel images/4096x40        0   393320   393372   394584 
32325 codespace ./cli kernel images/4096x40        0   393320   393373   394540 
32331 codespace ./cli kernel images/4096x40        0   393320   393373   394592 
32323 codespace ./cli kernel images/4096x40        0   393324   393375   394540 
32327 codespace ./cli kernel images/4096x40        0   393324   393376   394580 
%CPU %MEM ARGS Mon Oct  5 01:25:18 UTC 2026
 0.0  0.0 grep --color=auto ./cli       0  2252
22.7  4.8 ./cli kernel images/4096x40   1 394584
22.9  4.8 ./cli kernel images/4096x40   1 394592
23.0  4.8 ./cli kernel images/4096x40   0 394580
23.1  4.8 ./cli kernel images/4096x40   1 394540
23.1  4.8 ./cli kernel images/4096x40   0 394540
  PID User     Command                         Swap      USS      PSS      RSS 
36026 codespace /usr/bin/python3 /usr/bin/s        0    12052    12270    14512 
32329 codespace ./cli kernel images/4096x40        0   393320   393370   394584 
32331 codespace ./cli kernel images/4096x40        0   393320   393370   394592 
32325 codespace ./cli kernel images/4096x40        0   393320   393371   394540 
32327 codespace ./cli kernel images/4096x40        0   393324   393373   394580 
32323 codespace ./cli kernel images/4096x40        0   393324   393375   394540 
%CPU %MEM ARGS Mon Oct  5 01:25:19 UTC 2026
 0.0  0.0 grep --color=auto ./cli       1  2168
22.7  4.8 ./cli kernel images/4096x40   0 394584
22.9  4.8 ./cli kernel images/4096x40   0 394592
23.0  4.8 ./cli kernel images/4096x40   0 394580
23.0  4.8 ./cli kernel images/4096x40   0 394540
23.1  4.8 ./cli kernel images/4096x40   1 394540
  PID User     Command                         Swap      USS      PSS      RSS 
36037 codespace /usr/bin/python3 /usr/bin/s        0    12060    12299    14476 
32329 codespace ./cli kernel images/4096x40        0   393320   393366   394584 
32325 codespace ./cli kernel images/4096x40        0   393320   393373   394540 
32331 codespace ./cli kernel images/4096x40        0   393320   393373   394592 
32323 codespace ./cli kernel images/4096x40        0   393324   393375   394540 
32327 codespace ./cli kernel images/4096x40        0   393324   393375   394580 
%CPU %MEM ARGS Mon Oct  5 01:25:20 UTC 2026
 0.0  0.0 grep --color=auto ./cli       0  2192
22.7  4.8 ./cli kernel images/4096x40   0 394584
22.9  4.8 ./cli kernel images/4096x40   0 394592
23.0  4.8 ./cli kernel images/4096x40   0 394580
23.0  4.8 ./cli kernel images/4096x40   0 394540
23.1  4.8 ./cli kernel images/4096x40   1 394540
  PID User     Command                         Swap      USS      PSS      RSS 
36050 codespace /usr/bin/python3 /usr/bin/s        0    12060    12311    14536 
32329 codespace ./cli kernel images/4096x40        0   393320   393372   394584 
32325 codespace ./cli kernel images/4096x40        0   393320   393373   394540 
32331 codespace ./cli kernel images/4096x40        0   393320   393373   394592 
32323 codespace ./cli kernel images/4096x40        0   393324   393375   394540 
32327 codespace ./cli kernel images/4096x40        0   393324   393376   394580 
%CPU %MEM ARGS Mon Oct  5 01:25:21 UTC 2026
 0.0  0.0 grep --color=auto ./cli       1  2296
22.7  4.8 ./cli kernel images/4096x40   0 394584
22.9  4.8 ./cli kernel images/4096x40   0 394592
23.0  4.8 ./cli kernel images/4096x40   0 394580
23.0  4.8 ./cli kernel images/4096x40   1 394540
23.1  4.8 ./cli kernel images/4096x40   1 394540
  PID User     Command                         Swap      USS      PSS      RSS 
36056 codespace /usr/bin/python3 /usr/bin/s        0    12060    12310    14536 
32329 codespace ./cli kernel images/4096x40        0   393320   393372   394584 
32325 codespace ./cli kernel images/4096x40        0   393320   393373   394540 
32331 codespace ./cli kernel images/4096x40        0   393320   393373   394592 
32323 codespace ./cli kernel images/4096x40        0   393324   393375   394540 
32327 codespace ./cli kernel images/4096x40        0   393324   393376   394580 
%CPU %MEM ARGS Mon Oct  5 01:25:23 UTC 2026
 0.0  0.0 grep --color=auto ./cli       0  2212
22.7  4.8 ./cli kernel images/4096x40   0 394584
22.9  4.8 ./cli kernel images/4096x40   0 394592
23.0  4.8 ./cli kernel images/4096x40   0 394580
23.0  4.8 ./cli kernel images/4096x40   1 394540
23.1  4.8 ./cli kernel images/4096x40   0 394540
  PID User     Command                         Swap      USS      PSS      RSS 
36062 codespace /usr/bin/python3 /usr/bin/s        0    12060    12309    14536 
32329 codespace ./cli kernel images/4096x40        0   393320   393369   394584 
32325 codespace ./cli kernel images/4096x40        0   393320   393373   394540 
32331 codespace ./cli kernel images/4096x40        0   393320   393373   394592 
32323 codespace ./cli kernel images/4096x40        0   393324   393375   394540 
32327 codespace ./cli kernel images/4096x40        0   393324   393376   394580 
%CPU %MEM ARGS Mon Oct  5 01:25:24 UTC 2026
 0.0  0.0 grep --color=auto ./cli       0  2136
22.6  4.8 ./cli kernel images/4096x40   1 394584
22.9  4.8 ./cli kernel images/4096x40   0 394592
22.9  4.8 ./cli kernel images/4096x40   1 394580
23.0  4.8 ./cli kernel images/4096x40   1 394540
23.1  4.8 ./cli kernel images/4096x40   0 394540
  PID User     Command                         Swap      USS      PSS      RSS 
36074 codespace /usr/bin/python3 /usr/bin/s        0    12056    12276    14512 
32325 codespace ./cli kernel images/4096x40        0   393320   393370   394540 
32329 codespace ./cli kernel images/4096x40        0   393320   393370   394584 
32331 codespace ./cli kernel images/4096x40        0   393320   393371   394592 
32323 codespace ./cli kernel images/4096x40        0   393324   393375   394540 
32327 codespace ./cli kernel images/4096x40        0   393324   393376   394580 
%CPU %MEM ARGS Mon Oct  5 01:25:25 UTC 2026
 0.0  0.0 grep --color=auto ./cli       1  2164
22.6  4.8 ./cli kernel images/4096x40   1 394584
22.8  4.8 ./cli kernel images/4096x40   0 394592
22.9  4.8 ./cli kernel images/4096x40   1 394580
23.0  4.8 ./cli kernel images/4096x40   0 394540
23.1  4.8 ./cli kernel images/4096x40   1 394540
  PID User     Command                         Swap      USS      PSS      RSS 
36104 codespace /usr/bin/python3 /usr/bin/s        0    12060    12307    14544 
32329 codespace ./cli kernel images/4096x40        0   393320   393372   394584 
32325 codespace ./cli kernel images/4096x40        0   393320   393373   394540 
32331 codespace ./cli kernel images/4096x40        0   393320   393373   394592 
32323 codespace ./cli kernel images/4096x40        0   393324   393375   394540 
32327 codespace ./cli kernel images/4096x40        0   393324   393376   394580 
%CPU %MEM ARGS Mon Oct  5 01:25:26 UTC 2026
 0.0  0.0 grep --color=auto ./cli       1  2164
22.6  4.8 ./cli kernel images/4096x40   1 394584
22.9  4.8 ./cli kernel images/4096x40   0 394592
22.9  4.8 ./cli kernel images/4096x40   1 394580
23.0  4.8 ./cli kernel images/4096x40   1 394540
23.0  4.8 ./cli kernel images/4096x40   1 394540
  PID User     Command                         Swap      USS      PSS      RSS 
36110 codespace /usr/bin/python3 /usr/bin/s        0    12052    12287    14472 
32323 codespace ./cli kernel images/4096x40        0   393324   393369   394540 
32329 codespace ./cli kernel images/4096x40        0   393320   393372   394584 
32325 codespace ./cli kernel images/4096x40        0   393320   393373   394540 
32331 codespace ./cli kernel images/4096x40        0   393320   393373   394592 
32327 codespace ./cli kernel images/4096x40        0   393324   393376   394580 
%CPU %MEM ARGS Mon Oct  5 01:25:27 UTC 2026
 0.0  0.0 grep --color=auto ./cli       1  2196
22.6  4.8 ./cli kernel images/4096x40   1 394584
22.9  4.8 ./cli kernel images/4096x40   1 394592
22.9  4.8 ./cli kernel images/4096x40   1 394580
23.0  4.8 ./cli kernel images/4096x40   0 394540
23.0  4.8 ./cli kernel images/4096x40   1 394540
  PID User     Command                         Swap      USS      PSS      RSS 
36122 codespace /usr/bin/python3 /usr/bin/s        0    12060    12288    14452 
32329 codespace ./cli kernel images/4096x40        0   393320   393372   394584 
32325 codespace ./cli kernel images/4096x40        0   393320   393373   394540 
32331 codespace ./cli kernel images/4096x40        0   393320   393373   394592 
32323 codespace ./cli kernel images/4096x40        0   393324   393375   394540 
32327 codespace ./cli kernel images/4096x40        0   393324   393376   394580 
%CPU %MEM ARGS Mon Oct  5 01:25:28 UTC 2026
 0.0  0.0 grep --color=auto ./cli       0  2176
22.6  4.8 ./cli kernel images/4096x40   1 394584
22.9  4.8 ./cli kernel images/4096x40   1 394592
22.9  4.8 ./cli kernel images/4096x40   1 394580
23.0  4.8 ./cli kernel images/4096x40   1 394540
23.0  4.8 ./cli kernel images/4096x40   0 394540
  PID User     Command                         Swap      USS      PSS      RSS 
36128 codespace /usr/bin/python3 /usr/bin/s        0    12024    12276    14540 
32329 codespace ./cli kernel images/4096x40        0   393320   393372   394584 
32325 codespace ./cli kernel images/4096x40        0   393320   393373   394540 
32331 codespace ./cli kernel images/4096x40        0   393320   393373   394592 
32323 codespace ./cli kernel images/4096x40        0   393324   393375   394540 
32327 codespace ./cli kernel images/4096x40        0   393324   393376   394580 
%CPU %MEM ARGS Mon Oct  5 01:25:30 UTC 2026
 0.0  0.0 grep --color=auto ./cli       1  2192
22.5  4.8 ./cli kernel images/4096x40   0 394584
22.8  4.8 ./cli kernel images/4096x40   0 394592
22.8  4.8 ./cli kernel images/4096x40   0 394580
23.0  4.8 ./cli kernel images/4096x40   1 394540
23.0  4.8 ./cli kernel images/4096x40   0 394540
  PID User     Command                         Swap      USS      PSS      RSS 
36135 codespace /usr/bin/python3 /usr/bin/s        0    12060    12294    14588 
32329 codespace ./cli kernel images/4096x40        0   393320   393370   394584 
32331 codespace ./cli kernel images/4096x40        0   393320   393370   394592 
32323 codespace ./cli kernel images/4096x40        0   393324   393371   394540 
32325 codespace ./cli kernel images/4096x40        0   393320   393373   394540 
32327 codespace ./cli kernel images/4096x40        0   393324   393375   394580 
%CPU %MEM ARGS Mon Oct  5 01:25:31 UTC 2026
 0.0  0.0 grep --color=auto ./cli       0  2156
22.5  4.8 ./cli kernel images/4096x40   1 394584
22.8  4.8 ./cli kernel images/4096x40   1 394592
22.8  4.8 ./cli kernel images/4096x40   1 394580
23.0  4.8 ./cli kernel images/4096x40   1 394540
23.0  4.8 ./cli kernel images/4096x40   1 394540
  PID User     Command                         Swap      USS      PSS      RSS 
36153 codespace /usr/bin/python3 /usr/bin/s        0    12080    12337    14588 
32329 codespace ./cli kernel images/4096x40        0   393320   393372   394584 
32325 codespace ./cli kernel images/4096x40        0   393320   393373   394540 
32331 codespace ./cli kernel images/4096x40        0   393320   393373   394592 
32323 codespace ./cli kernel images/4096x40        0   393324   393375   394540 
32327 codespace ./cli kernel images/4096x40        0   393324   393376   394580 
%CPU %MEM ARGS Mon Oct  5 01:25:32 UTC 2026
 0.0  0.0 grep --color=auto ./cli       1  2172
22.5  4.8 ./cli kernel images/4096x40   1 394584
22.8  4.8 ./cli kernel images/4096x40   0 394580
22.8  4.8 ./cli kernel images/4096x40   1 394592
23.0  4.8 ./cli kernel images/4096x40   1 394540
23.0  4.8 ./cli kernel images/4096x40   1 394540
  PID User     Command                         Swap      USS      PSS      RSS 
36159 codespace /usr/bin/python3 /usr/bin/s        0    12092    12330    14544 
32329 codespace ./cli kernel images/4096x40        0   393320   393372   394584 
32325 codespace ./cli kernel images/4096x40        0   393320   393373   394540 
32331 codespace ./cli kernel images/4096x40        0   393320   393373   394592 
32323 codespace ./cli kernel images/4096x40        0   393324   393375   394540 
32327 codespace ./cli kernel images/4096x40        0   393324   393376   394580 
%CPU %MEM ARGS Mon Oct  5 01:25:33 UTC 2026
 0.0  0.0 grep --color=auto ./cli       1  2160
22.5  4.8 ./cli kernel images/4096x40   1 394584
22.8  4.8 ./cli kernel images/4096x40   1 394592
22.8  4.8 ./cli kernel images/4096x40   0 394580
22.9  4.8 ./cli kernel images/4096x40   1 394540
23.0  4.8 ./cli kernel images/4096x40   1 394540
  PID User     Command                         Swap      USS      PSS      RSS 
36165 codespace /usr/bin/python3 /usr/bin/s        0    12052    12273    14468 
32331 codespace ./cli kernel images/4096x40        0   393320   393367   394592 
32325 codespace ./cli kernel images/4096x40        0   393320   393370   394540 
32329 codespace ./cli kernel images/4096x40        0   393320   393371   394584 
32323 codespace ./cli kernel images/4096x40        0   393324   393375   394540 
32327 codespace ./cli kernel images/4096x40        0   393324   393376   394580 
%CPU %MEM ARGS Mon Oct  5 01:25:34 UTC 2026
 0.0  0.0 grep --color=auto ./cli       0  2248
22.5  4.8 ./cli kernel images/4096x40   1 394584
22.8  4.8 ./cli kernel images/4096x40   0 394592
22.8  4.8 ./cli kernel images/4096x40   0 394580
22.9  4.8 ./cli kernel images/4096x40   0 394540
23.0  4.8 ./cli kernel images/4096x40   0 394540
  PID User     Command                         Swap      USS      PSS      RSS 
36177 codespace /usr/bin/python3 /usr/bin/s        0    12056    12291    14460 
32329 codespace ./cli kernel images/4096x40        0   393320   393371   394584 
32325 codespace ./cli kernel images/4096x40        0   393320   393373   394540 
32331 codespace ./cli kernel images/4096x40        0   393320   393373   394592 
32323 codespace ./cli kernel images/4096x40        0   393324   393375   394540 
32327 codespace ./cli kernel images/4096x40        0   393324   393376   394580 
%CPU %MEM ARGS Mon Oct  5 01:25:35 UTC 2026
 0.0  0.0 grep --color=auto ./cli       1  2156
22.5  4.8 ./cli kernel images/4096x40   1 394584
22.8  4.8 ./cli kernel images/4096x40   1 394592
22.8  4.8 ./cli kernel images/4096x40   1 394580
22.9  4.8 ./cli kernel images/4096x40   0 394540
22.9  4.8 ./cli kernel images/4096x40   0 394540
  PID User     Command                         Swap      USS      PSS      RSS 
36201 codespace /usr/bin/python3 /usr/bin/s        0    12048    12294    14516 
32329 codespace ./cli kernel images/4096x40        0   393320   393372   394584 
32325 codespace ./cli kernel images/4096x40        0   393320   393373   394540 
32331 codespace ./cli kernel images/4096x40        0   393320   393373   394592 
32323 codespace ./cli kernel images/4096x40        0   393324   393375   394540 
32327 codespace ./cli kernel images/4096x40        0   393324   393376   394580 
%CPU %MEM ARGS Mon Oct  5 01:25:36 UTC 2026
 0.0  0.0 grep --color=auto ./cli       1  2196
22.5  4.8 ./cli kernel images/4096x40   1 394584
22.7  4.8 ./cli kernel images/4096x40   1 394592
22.8  4.8 ./cli kernel images/4096x40   1 394580
22.9  4.8 ./cli kernel images/4096x40   1 394540
22.9  4.8 ./cli kernel images/4096x40   0 394540
  PID User     Command                         Swap      USS      PSS      RSS 
36207 codespace /usr/bin/python3 /usr/bin/s        0    12064    12310    14500 
32325 codespace ./cli kernel images/4096x40        0   393320   393370   394540 
32329 codespace ./cli kernel images/4096x40        0   393320   393370   394584 
32323 codespace ./cli kernel images/4096x40        0   393324   393373   394540 
32327 codespace ./cli kernel images/4096x40        0   393324   393373   394580 
32331 codespace ./cli kernel images/4096x40        0   393320   393373   394592 
%CPU %MEM ARGS Mon Oct  5 01:25:36 UTC 2026
 0.0  0.0 grep --color=auto ./cli       1  2184
22.4  4.8 ./cli kernel images/4096x40   1 394584
22.7  4.8 ./cli kernel images/4096x40   1 394592
22.8  4.8 ./cli kernel images/4096x40   0 394580
22.9  4.8 ./cli kernel images/4096x40   1 394540
22.9  4.8 ./cli kernel images/4096x40   1 394540
  PID User     Command                         Swap      USS      PSS      RSS 
36218 codespace /usr/bin/python3 /usr/bin/s        0    12060    12301    14476 
32325 codespace ./cli kernel images/4096x40        0   393320   393372   394540 
32329 codespace ./cli kernel images/4096x40        0   393320   393372   394584 
32331 codespace ./cli kernel images/4096x40        0   393320   393373   394592 
32323 codespace ./cli kernel images/4096x40        0   393324   393375   394540 
32327 codespace ./cli kernel images/4096x40        0   393324   393376   394580 
%CPU %MEM ARGS Mon Oct  5 01:25:38 UTC 2026
 0.0  0.0 grep --color=auto ./cli       1  2252
22.4  4.8 ./cli kernel images/4096x40   1 394584
22.7  4.8 ./cli kernel images/4096x40   1 394592
22.8  4.8 ./cli kernel images/4096x40   1 394580
22.8  4.8 ./cli kernel images/4096x40   1 394540
22.9  4.8 ./cli kernel images/4096x40   1 394540
  PID User     Command                         Swap      USS      PSS      RSS 
36231 codespace /usr/bin/python3 /usr/bin/s        0    12060    12290    14456 
32329 codespace ./cli kernel images/4096x40        0   393320   393372   394584 
32325 codespace ./cli kernel images/4096x40        0   393320   393373   394540 
32331 codespace ./cli kernel images/4096x40        0   393320   393373   394592 
32323 codespace ./cli kernel images/4096x40        0   393324   393375   394540 
32327 codespace ./cli kernel images/4096x40        0   393324   393375   394580 
%CPU %MEM ARGS Mon Oct  5 01:25:39 UTC 2026
 0.0  0.0 grep --color=auto ./cli       1  2208
22.4  4.8 ./cli kernel images/4096x40   1 394584
22.7  4.8 ./cli kernel images/4096x40   0 394592
22.8  4.8 ./cli kernel images/4096x40   1 394580
22.8  4.8 ./cli kernel images/4096x40   1 394540
22.9  4.8 ./cli kernel images/4096x40   1 394540
  PID User     Command                         Swap      USS      PSS      RSS 
36237 codespace /usr/bin/python3 /usr/bin/s        0    12060    12307    14544 
32329 codespace ./cli kernel images/4096x40        0   393320   393372   394584 
32325 codespace ./cli kernel images/4096x40        0   393320   393373   394540 
32331 codespace ./cli kernel images/4096x40        0   393320   393373   394592 
32323 codespace ./cli kernel images/4096x40        0   393324   393375   394540 
32327 codespace ./cli kernel images/4096x40        0   393324   393376   394580 
%CPU %MEM ARGS Mon Oct  5 01:25:40 UTC 2026
 0.0  0.0 grep --color=auto ./cli       0  2172
22.4  4.8 ./cli kernel images/4096x40   1 394584
22.7  4.8 ./cli kernel images/4096x40   1 394592
22.8  4.8 ./cli kernel images/4096x40   1 394580
22.8  4.8 ./cli kernel images/4096x40   1 394540
22.9  4.8 ./cli kernel images/4096x40   0 394540
  PID User     Command                         Swap      USS      PSS      RSS 
36243 codespace /usr/bin/python3 /usr/bin/s        0    12060    12320    14560 
32325 codespace ./cli kernel images/4096x40        0   393320   393367   394540 
32329 codespace ./cli kernel images/4096x40        0   393320   393372   394584 
32331 codespace ./cli kernel images/4096x40        0   393320   393373   394592 
32323 codespace ./cli kernel images/4096x40        0   393324   393374   394540 
32327 codespace ./cli kernel images/4096x40        0   393324   393376   394580 
%CPU %MEM ARGS Mon Oct  5 01:25:41 UTC 2026
 0.0  0.0 grep --color=auto ./cli       1  2180
22.4  4.8 ./cli kernel images/4096x40   1 394584
22.7  4.8 ./cli kernel images/4096x40   1 394592
22.8  4.8 ./cli kernel images/4096x40   0 394580
22.8  4.8 ./cli kernel images/4096x40   1 394540
22.9  4.8 ./cli kernel images/4096x40   1 394540
  PID User     Command                         Swap      USS      PSS      RSS 
36255 codespace /usr/bin/python3 /usr/bin/s        0    12056    12276    14544 
32329 codespace ./cli kernel images/4096x40        0   393320   393370   394584 
32331 codespace ./cli kernel images/4096x40        0   393320   393370   394592 
32325 codespace ./cli kernel images/4096x40        0   393320   393371   394540 
32327 codespace ./cli kernel images/4096x40        0   393324   393373   394580 
32323 codespace ./cli kernel images/4096x40        0   393324   393375   394540 
%CPU %MEM ARGS Mon Oct  5 01:25:42 UTC 2026
 0.0  0.0 grep --color=auto ./cli       1  2292
22.3  4.8 ./cli kernel images/4096x40   0 394584
22.6  4.8 ./cli kernel images/4096x40   1 394592
22.8  4.8 ./cli kernel images/4096x40   1 394580
22.8  4.8 ./cli kernel images/4096x40   0 394540
22.9  4.8 ./cli kernel images/4096x40   1 394540
  PID User     Command                         Swap      USS      PSS      RSS 
36267 codespace /usr/bin/python3 /usr/bin/s        0    12068    12328    14568 
32325 codespace ./cli kernel images/4096x40        0   393320   393372   394540 
32329 codespace ./cli kernel images/4096x40        0   393320   393372   394584 
32331 codespace ./cli kernel images/4096x40        0   393320   393373   394592 
32323 codespace ./cli kernel images/4096x40        0   393324   393375   394540 
32327 codespace ./cli kernel images/4096x40        0   393324   393376   394580 
%CPU %MEM ARGS Mon Oct  5 01:25:43 UTC 2026
 0.0  0.0 grep --color=auto ./cli       0  2176
22.4  4.8 ./cli kernel images/4096x40   1 394584
22.6  4.8 ./cli kernel images/4096x40   0 394592
22.7  4.8 ./cli kernel images/4096x40   0 394580
22.8  4.8 ./cli kernel images/4096x40   0 394540
22.9  4.8 ./cli kernel images/4096x40   0 394540
  PID User     Command                         Swap      USS      PSS      RSS 
36273 codespace /usr/bin/python3 /usr/bin/s        0    12056    12265    14536 
32331 codespace ./cli kernel images/4096x40        0   393320   393367   394592 
32323 codespace ./cli kernel images/4096x40        0   393324   393370   394540 
32329 codespace ./cli kernel images/4096x40        0   393320   393370   394584 
32325 codespace ./cli kernel images/4096x40        0   393320   393373   394540 
32327 codespace ./cli kernel images/4096x40        0   393324   393375   394580 
%CPU %MEM ARGS Mon Oct  5 01:25:44 UTC 2026
 0.0  0.0 grep --color=auto ./cli       1  2212
22.4  4.8 ./cli kernel images/4096x40   0 394584
22.6  4.8 ./cli kernel images/4096x40   0 394592
22.7  4.8 ./cli kernel images/4096x40   0 394580
22.8  4.8 ./cli kernel images/4096x40   1 394540
22.8  4.8 ./cli kernel images/4096x40   0 394540
  PID User     Command                         Swap      USS      PSS      RSS 
36285 codespace /usr/bin/python3 /usr/bin/s        0    12064    12303    14480 
32329 codespace ./cli kernel images/4096x40        0   393320   393372   394584 
32325 codespace ./cli kernel images/4096x40        0   393320   393373   394540 
32331 codespace ./cli kernel images/4096x40        0   393320   393373   394592 
32323 codespace ./cli kernel images/4096x40        0   393324   393375   394540 
32327 codespace ./cli kernel images/4096x40        0   393324   393375   394580 
%CPU %MEM ARGS Mon Oct  5 01:25:45 UTC 2026
 0.0  0.0 grep --color=auto ./cli       0  2156
22.4  4.8 ./cli kernel images/4096x40   1 394584
22.6  4.8 ./cli kernel images/4096x40   0 394592
22.7  4.8 ./cli kernel images/4096x40   0 394580
22.8  4.8 ./cli kernel images/4096x40   0 394540
22.8  4.8 ./cli kernel images/4096x40   0 394540
  PID User     Command                         Swap      USS      PSS      RSS 
36291 codespace /usr/bin/python3 /usr/bin/s        0    12060    12300    14516 
32329 codespace ./cli kernel images/4096x40        0   393320   393372   394584 
32325 codespace ./cli kernel images/4096x40        0   393320   393373   394540 
32331 codespace ./cli kernel images/4096x40        0   393320   393373   394592 
32323 codespace ./cli kernel images/4096x40        0   393324   393375   394540 
32327 codespace ./cli kernel images/4096x40        0   393324   393376   394580 
%CPU %MEM ARGS Mon Oct  5 01:25:46 UTC 2026
 0.0  0.0 grep --color=auto ./cli       0  2188
22.4  4.8 ./cli kernel images/4096x40   0 394584
22.6  4.8 ./cli kernel images/4096x40   0 394592
22.7  4.8 ./cli kernel images/4096x40   0 394580
22.8  4.8 ./cli kernel images/4096x40   1 394540
22.8  4.8 ./cli kernel images/4096x40   0 394540
  PID User     Command                         Swap      USS      PSS      RSS 
36315 codespace /usr/bin/python3 /usr/bin/s        0    12060    12298    14504 
32329 codespace ./cli kernel images/4096x40        0   393320   393372   394584 
32325 codespace ./cli kernel images/4096x40        0   393320   393373   394540 
32331 codespace ./cli kernel images/4096x40        0   393320   393373   394592 
32323 codespace ./cli kernel images/4096x40        0   393324   393375   394540 
32327 codespace ./cli kernel images/4096x40        0   393324   393376   394580 
%CPU %MEM ARGS Mon Oct  5 01:25:47 UTC 2026
 0.0  0.0 grep --color=auto ./cli       1  2124
22.4  4.8 ./cli kernel images/4096x40   0 394584
22.6  4.8 ./cli kernel images/4096x40   0 394592
22.7  4.8 ./cli kernel images/4096x40   0 394580
22.8  4.8 ./cli kernel images/4096x40   0 394540
22.8  4.8 ./cli kernel images/4096x40   0 394540
  PID User     Command                         Swap      USS      PSS      RSS 
36322 codespace /usr/bin/python3 /usr/bin/s        0    12052    12301    14520 
32325 codespace ./cli kernel images/4096x40        0   393320   393370   394540 
32327 codespace ./cli kernel images/4096x40        0   393324   393371   394580 
32329 codespace ./cli kernel images/4096x40        0   393320   393372   394584 
32331 codespace ./cli kernel images/4096x40        0   393320   393373   394592 
32323 codespace ./cli kernel images/4096x40        0   393324   393374   394540 
%CPU %MEM ARGS Mon Oct  5 01:25:48 UTC 2026
 0.0  0.0 grep --color=auto ./cli       1  2160
22.4  4.8 ./cli kernel images/4096x40   1 394584
22.5  4.8 ./cli kernel images/4096x40   1 394592
22.7  4.8 ./cli kernel images/4096x40   1 394580
22.8  4.8 ./cli kernel images/4096x40   1 394540
22.8  4.8 ./cli kernel images/4096x40   1 394540
  PID User     Command                         Swap      USS      PSS      RSS 
36340 codespace /usr/bin/python3 /usr/bin/s        0    12060    12311    14536 
32325 codespace ./cli kernel images/4096x40        0   393320   393372   394540 
32329 codespace ./cli kernel images/4096x40        0   393320   393372   394584 
32331 codespace ./cli kernel images/4096x40        0   393320   393373   394592 
32323 codespace ./cli kernel images/4096x40        0   393324   393375   394540 
32327 codespace ./cli kernel images/4096x40        0   393324   393376   394580 
%CPU %MEM ARGS Mon Oct  5 01:25:48 UTC 2026
 0.0  0.0 grep --color=auto ./cli       1  2296
22.3  4.8 ./cli kernel images/4096x40   1 394584
22.5  4.8 ./cli kernel images/4096x40   1 394592
22.7  4.8 ./cli kernel images/4096x40   0 394580
22.7  4.8 ./cli kernel images/4096x40   1 394540
22.8  4.8 ./cli kernel images/4096x40   1 394540
  PID User     Command                         Swap      USS      PSS      RSS 
36346 codespace /usr/bin/python3 /usr/bin/s        0    12060    12311    14536 
32325 codespace ./cli kernel images/4096x40        0   393320   393372   394540 
32329 codespace ./cli kernel images/4096x40        0   393320   393372   394584 
32331 codespace ./cli kernel images/4096x40        0   393320   393373   394592 
32323 codespace ./cli kernel images/4096x40        0   393324   393375   394540 
32327 codespace ./cli kernel images/4096x40        0   393324   393376   394580 
%CPU %MEM ARGS Mon Oct  5 01:25:50 UTC 2026
 0.0  0.0 grep --color=auto ./cli       1  2248
22.3  4.8 ./cli kernel images/4096x40   1 394584
22.5  4.8 ./cli kernel images/4096x40   0 394592
22.7  4.8 ./cli kernel images/4096x40   0 394580
22.7  4.8 ./cli kernel images/4096x40   0 394540
22.7  4.8 ./cli kernel images/4096x40   0 394540
  PID User     Command                         Swap      USS      PSS      RSS 
36352 codespace /usr/bin/python3 /usr/bin/s        0    12060    12307    14540 
32329 codespace ./cli kernel images/4096x40        0   393320   393372   394584 
32325 codespace ./cli kernel images/4096x40        0   393320   393373   394540 
32331 codespace ./cli kernel images/4096x40        0   393320   393373   394592 
32323 codespace ./cli kernel images/4096x40        0   393324   393375   394540 
32327 codespace ./cli kernel images/4096x40        0   393324   393376   394580 
%CPU %MEM ARGS Mon Oct  5 01:25:51 UTC 2026
 0.0  0.0 grep --color=auto ./cli       0  2172
22.4  4.8 ./cli kernel images/4096x40   1 394584
22.5  4.8 ./cli kernel images/4096x40   0 394592
22.7  4.8 ./cli kernel images/4096x40   0 394580
22.7  4.8 ./cli kernel images/4096x40   0 394540
22.7  4.8 ./cli kernel images/4096x40   0 394540
  PID User     Command                         Swap      USS      PSS      RSS 
36361 codespace /usr/bin/python3 /usr/bin/s        0    12060    12308    14508 
32325 codespace ./cli kernel images/4096x40        0   393320   393372   394540 
32329 codespace ./cli kernel images/4096x40        0   393320   393372   394584 
32331 codespace ./cli kernel images/4096x40        0   393320   393373   394592 
32323 codespace ./cli kernel images/4096x40        0   393324   393375   394540 
32327 codespace ./cli kernel images/4096x40        0   393324   393376   394580 
%CPU %MEM ARGS Mon Oct  5 01:25:52 UTC 2026
 0.0  0.0 grep --color=auto ./cli       0  2340
22.4  4.8 ./cli kernel images/4096x40   1 394584
22.5  4.8 ./cli kernel images/4096x40   0 394592
22.7  4.8 ./cli kernel images/4096x40   0 394580
22.7  4.8 ./cli kernel images/4096x40   0 394540
22.7  4.8 ./cli kernel images/4096x40   0 394540
  PID User     Command                         Swap      USS      PSS      RSS 
36370 codespace /usr/bin/python3 /usr/bin/s        0    12080    12337    14588 
32325 codespace ./cli kernel images/4096x40        0   393320   393372   394540 
32329 codespace ./cli kernel images/4096x40        0   393320   393372   394584 
32331 codespace ./cli kernel images/4096x40        0   393320   393373   394592 
32323 codespace ./cli kernel images/4096x40        0   393324   393375   394540 
32327 codespace ./cli kernel images/4096x40        0   393324   393376   394580 
%CPU %MEM ARGS Mon Oct  5 01:25:53 UTC 2026
 0.0  0.0 grep --color=auto ./cli       0  2180
22.4  4.8 ./cli kernel images/4096x40   1 394584
22.4  4.8 ./cli kernel images/4096x40   0 394592
22.6  4.8 ./cli kernel images/4096x40   0 394580
22.7  4.8 ./cli kernel images/4096x40   1 394540
22.7  4.8 ./cli kernel images/4096x40   1 394540
  PID User     Command                         Swap      USS      PSS      RSS 
36377 codespace /usr/bin/python3 /usr/bin/s        0    12068    12327    14568 
32325 codespace ./cli kernel images/4096x40        0   393320   393372   394540 
32329 codespace ./cli kernel images/4096x40        0   393320   393372   394584 
32331 codespace ./cli kernel images/4096x40        0   393320   393373   394592 
32323 codespace ./cli kernel images/4096x40        0   393324   393375   394540 
32327 codespace ./cli kernel images/4096x40        0   393324   393376   394580 
%CPU %MEM ARGS Mon Oct  5 01:25:54 UTC 2026
 0.0  0.0 grep --color=auto ./cli       1  2152
22.4  4.8 ./cli kernel images/4096x40   1 394584
22.4  4.8 ./cli kernel images/4096x40   1 394592
22.6  4.8 ./cli kernel images/4096x40   0 394580
22.7  4.8 ./cli kernel images/4096x40   1 394540
22.7  4.8 ./cli kernel images/4096x40   0 394540
  PID User     Command                         Swap      USS      PSS      RSS 
36388 codespace /usr/bin/python3 /usr/bin/s        0    12064    12311    14512 
32329 codespace ./cli kernel images/4096x40        0   393320   393367   394584 
32325 codespace ./cli kernel images/4096x40        0   393320   393370   394540 
32331 codespace ./cli kernel images/4096x40        0   393320   393373   394592 
32323 codespace ./cli kernel images/4096x40        0   393324   393374   394540 
32327 codespace ./cli kernel images/4096x40        0   393324   393376   394580 
%CPU %MEM ARGS Mon Oct  5 01:25:55 UTC 2026
 0.0  0.0 grep --color=auto ./cli       1  2168
22.4  4.8 ./cli kernel images/4096x40   1 394584
22.4  4.8 ./cli kernel images/4096x40   1 394592
22.6  4.8 ./cli kernel images/4096x40   1 394580
22.7  4.8 ./cli kernel images/4096x40   0 394540
22.7  4.8 ./cli kernel images/4096x40   1 394540
  PID User     Command                         Swap      USS      PSS      RSS 
36400 codespace /usr/bin/python3 /usr/bin/s        0    12060    12307    14540 
32329 codespace ./cli kernel images/4096x40        0   393320   393372   394584 
32325 codespace ./cli kernel images/4096x40        0   393320   393373   394540 
32331 codespace ./cli kernel images/4096x40        0   393320   393373   394592 
32323 codespace ./cli kernel images/4096x40        0   393324   393375   394540 
32327 codespace ./cli kernel images/4096x40        0   393324   393376   394580 
%CPU %MEM ARGS Mon Oct  5 01:25:55 UTC 2026
 0.0  0.0 grep --color=auto ./cli       0  2156
22.4  4.8 ./cli kernel images/4096x40   1 394584
22.4  4.8 ./cli kernel images/4096x40   0 394592
22.6  4.8 ./cli kernel images/4096x40   0 394580
22.6  4.8 ./cli kernel images/4096x40   0 394540
22.7  4.8 ./cli kernel images/4096x40   1 394540
  PID User     Command                         Swap      USS      PSS      RSS 
36412 codespace /usr/bin/python3 /usr/bin/s        0    12060    12302    14476 
32329 codespace ./cli kernel images/4096x40        0   393320   393372   394584 
32325 codespace ./cli kernel images/4096x40        0   393320   393373   394540 
32331 codespace ./cli kernel images/4096x40        0   393320   393373   394592 
32323 codespace ./cli kernel images/4096x40        0   393324   393375   394540 
32327 codespace ./cli kernel images/4096x40        0   393324   393376   394580 
%CPU %MEM ARGS Mon Oct  5 01:25:57 UTC 2026
 0.0  0.0 grep --color=auto ./cli       0  2300
22.4  4.8 ./cli kernel images/4096x40   0 394584
22.4  4.8 ./cli kernel images/4096x40   1 394592
22.6  4.8 ./cli kernel images/4096x40   0 394580
22.6  4.8 ./cli kernel images/4096x40   1 394540
22.6  4.8 ./cli kernel images/4096x40   0 394540
  PID User     Command                         Swap      USS      PSS      RSS 
36430 codespace /usr/bin/python3 /usr/bin/s        0    12060    12298    14516 
32329 codespace ./cli kernel images/4096x40        0   393320   393366   394584 
32325 codespace ./cli kernel images/4096x40        0   393320   393373   394540 
32331 codespace ./cli kernel images/4096x40        0   393320   393373   394592 
32323 codespace ./cli kernel images/4096x40        0   393324   393375   394540 
32327 codespace ./cli kernel images/4096x40        0   393324   393375   394580 
%CPU %MEM ARGS Mon Oct  5 01:25:58 UTC 2026
 0.0  0.0 grep --color=auto ./cli       0  2208
22.3  4.8 ./cli kernel images/4096x40   0 394584
22.5  4.8 ./cli kernel images/4096x40   0 394592
22.6  4.8 ./cli kernel images/4096x40   1 394580
22.6  4.8 ./cli kernel images/4096x40   1 394540
22.6  4.8 ./cli kernel images/4096x40   1 394540
  PID User     Command                         Swap      USS      PSS      RSS 
36442 codespace /usr/bin/python3 /usr/bin/s        0    12060    12310    14544 
32329 codespace ./cli kernel images/4096x40        0   393320   393372   394584 
32325 codespace ./cli kernel images/4096x40        0   393320   393373   394540 
32331 codespace ./cli kernel images/4096x40        0   393320   393373   394592 
32323 codespace ./cli kernel images/4096x40        0   393324   393375   394540 
32327 codespace ./cli kernel images/4096x40        0   393324   393376   394580 
%CPU %MEM ARGS Mon Oct  5 01:25:59 UTC 2026
 0.0  0.0 grep --color=auto ./cli       1  2252
22.3  4.8 ./cli kernel images/4096x40   0 394584
22.4  4.8 ./cli kernel images/4096x40   0 394592
22.6  4.8 ./cli kernel images/4096x40   0 394580
22.6  4.8 ./cli kernel images/4096x40   1 394540
22.6  4.8 ./cli kernel images/4096x40   0 394540
  PID User     Command                         Swap      USS      PSS      RSS 
36454 codespace /usr/bin/python3 /usr/bin/s        0    12064    12312    14512 
32325 codespace ./cli kernel images/4096x40        0   393320   393372   394540 
32329 codespace ./cli kernel images/4096x40        0   393320   393372   394584 
32331 codespace ./cli kernel images/4096x40        0   393320   393373   394592 
32323 codespace ./cli kernel images/4096x40        0   393324   393375   394540 
32327 codespace ./cli kernel images/4096x40        0   393324   393376   394580 
%CPU %MEM ARGS Mon Oct  5 01:26:00 UTC 2026
 0.0  0.0 grep --color=auto ./cli       1  2200
22.3  4.8 ./cli kernel images/4096x40   1 394584
22.4  4.8 ./cli kernel images/4096x40   1 394592
22.6  4.8 ./cli kernel images/4096x40   1 394580
22.6  4.8 ./cli kernel images/4096x40   1 394540
22.6  4.8 ./cli kernel images/4096x40   0 394540
  PID User     Command                         Swap      USS      PSS      RSS 
36460 codespace /usr/bin/python3 /usr/bin/s        0    12064    12319    14576 
32329 codespace ./cli kernel images/4096x40        0   393320   393372   394584 
32331 codespace ./cli kernel images/4096x40        0   393320   393372   394592 
32325 codespace ./cli kernel images/4096x40        0   393320   393373   394540 
32323 codespace ./cli kernel images/4096x40        0   393324   393375   394540 
32327 codespace ./cli kernel images/4096x40        0   393324   393376   394580 
%CPU %MEM ARGS Mon Oct  5 01:26:01 UTC 2026
 0.0  0.0 grep --color=auto ./cli       1  2200
22.3  4.8 ./cli kernel images/4096x40   1 394584
22.4  4.8 ./cli kernel images/4096x40   0 394592
22.5  4.8 ./cli kernel images/4096x40   1 394580
22.6  4.8 ./cli kernel images/4096x40   1 394540
22.6  4.8 ./cli kernel images/4096x40   1 394540
  PID User     Command                         Swap      USS      PSS      RSS 
36473 codespace /usr/bin/python3 /usr/bin/s        0    12064    12317    14580 
32329 codespace ./cli kernel images/4096x40        0   393320   393372   394584 
32325 codespace ./cli kernel images/4096x40        0   393320   393373   394540 
32331 codespace ./cli kernel images/4096x40        0   393320   393373   394592 
32323 codespace ./cli kernel images/4096x40        0   393324   393375   394540 
32327 codespace ./cli kernel images/4096x40        0   393324   393376   394580 
%CPU %MEM ARGS Mon Oct  5 01:26:02 UTC 2026
 0.0  0.0 grep --color=auto ./cli       1  2164
22.3  4.8 ./cli kernel images/4096x40   1 394584
22.5  4.8 ./cli kernel images/4096x40   0 394592
22.5  4.8 ./cli kernel images/4096x40   1 394580
22.5  4.8 ./cli kernel images/4096x40   1 394540
22.6  4.8 ./cli kernel images/4096x40   1 394540
  PID User     Command                         Swap      USS      PSS      RSS 
36479 codespace /usr/bin/python3 /usr/bin/s        0    12056    12290    14428 
32329 codespace ./cli kernel images/4096x40        0   393320   393372   394584 
32325 codespace ./cli kernel images/4096x40        0   393320   393373   394540 
32331 codespace ./cli kernel images/4096x40        0   393320   393373   394592 
32323 codespace ./cli kernel images/4096x40        0   393324   393375   394540 
32327 codespace ./cli kernel images/4096x40        0   393324   393375   394580 
%CPU %MEM ARGS Mon Oct  5 01:26:03 UTC 2026
 0.0  0.0 grep --color=auto ./cli       0  2156
22.3  4.8 ./cli kernel images/4096x40   1 394584
22.5  4.8 ./cli kernel images/4096x40   0 394592
22.5  4.8 ./cli kernel images/4096x40   1 394580
22.5  4.8 ./cli kernel images/4096x40   1 394540
22.6  4.8 ./cli kernel images/4096x40   1 394540
  PID User     Command                         Swap      USS      PSS      RSS 
36485 codespace /usr/bin/python3 /usr/bin/s        0    12052    12313    14608 
32329 codespace ./cli kernel images/4096x40        0   393320   393372   394584 
32325 codespace ./cli kernel images/4096x40        0   393320   393373   394540 
32331 codespace ./cli kernel images/4096x40        0   393320   393373   394592 
32323 codespace ./cli kernel images/4096x40        0   393324   393375   394540 
32327 codespace ./cli kernel images/4096x40        0   393324   393376   394580 
%CPU %MEM ARGS Mon Oct  5 01:26:04 UTC 2026
 0.0  0.0 grep --color=auto ./cli       0  2192
22.3  4.8 ./cli kernel images/4096x40   0 394584
22.5  4.8 ./cli kernel images/4096x40   0 394580
22.5  4.8 ./cli kernel images/4096x40   0 394540
22.5  4.8 ./cli kernel images/4096x40   1 394592
22.5  4.8 ./cli kernel images/4096x40   1 394540
  PID User     Command                         Swap      USS      PSS      RSS 
36501 codespace /usr/bin/python3 /usr/bin/s        0    12056    12303    14536 
32329 codespace ./cli kernel images/4096x40        0   393320   393372   394584 
32325 codespace ./cli kernel images/4096x40        0   393320   393373   394540 
32331 codespace ./cli kernel images/4096x40        0   393320   393373   394592 
32323 codespace ./cli kernel images/4096x40        0   393324   393375   394540 
32327 codespace ./cli kernel images/4096x40        0   393324   393376   394580 
%CPU %MEM ARGS Mon Oct  5 01:26:06 UTC 2026
 0.0  0.0 grep --color=auto ./cli       1  2160
22.2  4.8 ./cli kernel images/4096x40   1 394584
22.5  4.8 ./cli kernel images/4096x40   1 394580
22.5  4.8 ./cli kernel images/4096x40   1 394540
22.5  4.8 ./cli kernel images/4096x40   1 394592
22.6  4.8 ./cli kernel images/4096x40   0 394540
  PID User     Command                         Swap      USS      PSS      RSS 
36509 codespace /usr/bin/python3 /usr/bin/s        0    12060    12299    14476 
32329 codespace ./cli kernel images/4096x40        0   393320   393372   394584 
32323 codespace ./cli kernel images/4096x40        0   393324   393373   394540 
32325 codespace ./cli kernel images/4096x40        0   393320   393373   394540 
32331 codespace ./cli kernel images/4096x40        0   393320   393373   394592 
32327 codespace ./cli kernel images/4096x40        0   393324   393375   394580 
%CPU %MEM ARGS Mon Oct  5 01:26:07 UTC 2026
 0.0  0.0 grep --color=auto ./cli       1  2196
22.2  4.8 ./cli kernel images/4096x40   1 394584
22.5  4.8 ./cli kernel images/4096x40   0 394580
22.5  4.8 ./cli kernel images/4096x40   1 394592
22.5  4.8 ./cli kernel images/4096x40   1 394540
22.6  4.8 ./cli kernel images/4096x40   1 394540
  PID User     Command                         Swap      USS      PSS      RSS 
36533 codespace /usr/bin/python3 /usr/bin/s        0    12068    12321    14584 
32329 codespace ./cli kernel images/4096x40        0   393320   393372   394584 
32325 codespace ./cli kernel images/4096x40        0   393320   393373   394540 
32331 codespace ./cli kernel images/4096x40        0   393320   393373   394592 
32323 codespace ./cli kernel images/4096x40        0   393324   393375   394540 
32327 codespace ./cli kernel images/4096x40        0   393324   393376   394580 
%CPU %MEM ARGS Mon Oct  5 01:26:08 UTC 2026
 0.0  0.0 grep --color=auto ./cli       1  2180
22.2  4.8 ./cli kernel images/4096x40   1 394584
22.4  4.8 ./cli kernel images/4096x40   1 394592
22.5  4.8 ./cli kernel images/4096x40   1 394540
22.5  4.8 ./cli kernel images/4096x40   0 394580
22.5  4.8 ./cli kernel images/4096x40   1 394540
  PID User     Command                         Swap      USS      PSS      RSS 
36543 codespace /usr/bin/python3 /usr/bin/s        0    12052    12292    14468 
32329 codespace ./cli kernel images/4096x40        0   393320   393372   394584 
32325 codespace ./cli kernel images/4096x40        0   393320   393373   394540 
32331 codespace ./cli kernel images/4096x40        0   393320   393373   394592 
32323 codespace ./cli kernel images/4096x40        0   393324   393375   394540 
32327 codespace ./cli kernel images/4096x40        0   393324   393376   394580 
%CPU %MEM ARGS Mon Oct  5 01:26:09 UTC 2026
 0.0  0.0 grep --color=auto ./cli       1  2248
22.2  4.8 ./cli kernel images/4096x40   1 394584
22.5  4.8 ./cli kernel images/4096x40   1 394592
22.5  4.8 ./cli kernel images/4096x40   0 394540
22.5  4.8 ./cli kernel images/4096x40   0 394580
22.5  4.8 ./cli kernel images/4096x40   1 394540
  PID User     Command                         Swap      USS      PSS      RSS 
36551 codespace /usr/bin/python3 /usr/bin/s        0    12060    12301    14476 
32329 codespace ./cli kernel images/4096x40        0   393320   393372   394584 
32325 codespace ./cli kernel images/4096x40        0   393320   393373   394540 
32331 codespace ./cli kernel images/4096x40        0   393320   393373   394592 
32323 codespace ./cli kernel images/4096x40        0   393324   393375   394540 
32327 codespace ./cli kernel images/4096x40        0   393324   393376   394580 
%CPU %MEM ARGS Mon Oct  5 01:26:10 UTC 2026
 0.0  0.0 grep --color=auto ./cli       1  1792
22.2  4.8 ./cli kernel images/4096x40   1 394584
22.4  4.8 ./cli kernel images/4096x40   1 394592
22.5  4.8 ./cli kernel images/4096x40   0 394540
22.5  4.8 ./cli kernel images/4096x40   1 394580
22.5  4.8 ./cli kernel images/4096x40   1 394540
  PID User     Command                         Swap      USS      PSS      RSS 
36563 codespace /usr/bin/python3 /usr/bin/s        0    12048    12281    14468 
32329 codespace ./cli kernel images/4096x40        0   393320   393372   394584 
32325 codespace ./cli kernel images/4096x40        0   393320   393373   394540 
32331 codespace ./cli kernel images/4096x40        0   393320   393373   394592 
32323 codespace ./cli kernel images/4096x40        0   393324   393375   394540 
32327 codespace ./cli kernel images/4096x40        0   393324   393376   394580 
%CPU %MEM ARGS Mon Oct  5 01:26:11 UTC 2026
 0.0  0.0 grep --color=auto ./cli       1  2128
22.1  4.8 ./cli kernel images/4096x40   1 394584
22.4  4.8 ./cli kernel images/4096x40   1 394592
22.4  4.8 ./cli kernel images/4096x40   1 394580
22.5  4.8 ./cli kernel images/4096x40   1 394540
22.5  4.8 ./cli kernel images/4096x40   0 394540
  PID User     Command                         Swap      USS      PSS      RSS 
36570 codespace /usr/bin/python3 /usr/bin/s        0    12052    12303    14520 
32325 codespace ./cli kernel images/4096x40        0   393320   393372   394540 
32329 codespace ./cli kernel images/4096x40        0   393320   393372   394584 
32331 codespace ./cli kernel images/4096x40        0   393320   393373   394592 
32323 codespace ./cli kernel images/4096x40        0   393324   393375   394540 
32327 codespace ./cli kernel images/4096x40        0   393324   393376   394580 
%CPU %MEM ARGS Mon Oct  5 01:26:12 UTC 2026
 0.0  0.0 grep --color=auto ./cli       1  2176
22.1  4.8 ./cli kernel images/4096x40   1 394584
22.4  4.8 ./cli kernel images/4096x40   1 394592
22.4  4.8 ./cli kernel images/4096x40   1 394580
22.5  4.8 ./cli kernel images/4096x40   1 394540
22.5  4.8 ./cli kernel images/4096x40   0 394540
  PID User     Command                         Swap      USS      PSS      RSS 
36582 codespace /usr/bin/python3 /usr/bin/s        0    12060    12303    14476 
32325 codespace ./cli kernel images/4096x40        0   393320   393372   394540 
32329 codespace ./cli kernel images/4096x40        0   393320   393372   394584 
32331 codespace ./cli kernel images/4096x40        0   393320   393373   394592 
32323 codespace ./cli kernel images/4096x40        0   393324   393375   394540 
32327 codespace ./cli kernel images/4096x40        0   393324   393376   394580 
%CPU %MEM ARGS Mon Oct  5 01:26:13 UTC 2026
 0.0  0.0 grep --color=auto ./cli       0  2172
22.1  4.8 ./cli kernel images/4096x40   1 394584
22.4  4.8 ./cli kernel images/4096x40   0 394592
22.4  4.8 ./cli kernel images/4096x40   0 394580
22.5  4.8 ./cli kernel images/4096x40   0 394540
22.5  4.8 ./cli kernel images/4096x40   0 394540
  PID User     Command                         Swap      USS      PSS      RSS 
36587 codespace /usr/bin/python3 /usr/bin/s        0    12060    12301    14476 
32329 codespace ./cli kernel images/4096x40        0   393320   393372   394584 
32325 codespace ./cli kernel images/4096x40        0   393320   393373   394540 
32331 codespace ./cli kernel images/4096x40        0   393320   393373   394592 
32323 codespace ./cli kernel images/4096x40        0   393324   393375   394540 
32327 codespace ./cli kernel images/4096x40        0   393324   393376   394580 
%CPU %MEM ARGS Mon Oct  5 01:26:14 UTC 2026
 0.0  0.0 grep --color=auto ./cli       1  2196
22.1  4.8 ./cli kernel images/4096x40   0 394584
22.4  4.8 ./cli kernel images/4096x40   0 394592
22.4  4.8 ./cli kernel images/4096x40   0 394580
22.4  4.8 ./cli kernel images/4096x40   0 394540
22.5  4.8 ./cli kernel images/4096x40   0 394540
  PID User     Command                         Swap      USS      PSS      RSS 
36593 codespace /usr/bin/python3 /usr/bin/s        0    12060    12307    14540 
32329 codespace ./cli kernel images/4096x40        0   393320   393372   394584 
32331 codespace ./cli kernel images/4096x40        0   393320   393372   394592 
32325 codespace ./cli kernel images/4096x40        0   393320   393373   394540 
32323 codespace ./cli kernel images/4096x40        0   393324   393375   394540 
32327 codespace ./cli kernel images/4096x40        0   393324   393376   394580 
%CPU %MEM ARGS Mon Oct  5 01:26:15 UTC 2026
 0.0  0.0 grep --color=auto ./cli       0  2340
22.1  4.8 ./cli kernel images/4096x40   0 394584
22.4  4.8 ./cli kernel images/4096x40   0 394592
22.4  4.8 ./cli kernel images/4096x40   1 394580
22.4  4.8 ./cli kernel images/4096x40   1 394540
22.5  4.8 ./cli kernel images/4096x40   0 394540
  PID User     Command                         Swap      USS      PSS      RSS 
36605 codespace /usr/bin/python3 /usr/bin/s        0    12056    12275    14540 
32331 codespace ./cli kernel images/4096x40        0   393320   393370   394592 
32329 codespace ./cli kernel images/4096x40        0   393320   393372   394584 
32325 codespace ./cli kernel images/4096x40        0   393320   393373   394540 
32323 codespace ./cli kernel images/4096x40        0   393324   393375   394540 
32327 codespace ./cli kernel images/4096x40        0   393324   393376   394580 
%CPU %MEM ARGS Mon Oct  5 01:26:16 UTC 2026
 0.0  0.0 grep --color=auto ./cli       1  2296
22.1  4.8 ./cli kernel images/4096x40   1 394584
22.4  4.8 ./cli kernel images/4096x40   0 394580
22.4  4.8 ./cli kernel images/4096x40   1 394592
22.4  4.8 ./cli kernel images/4096x40   1 394540
22.5  4.8 ./cli kernel images/4096x40   1 394540
  PID User     Command                         Swap      USS      PSS      RSS 
36617 codespace /usr/bin/python3 /usr/bin/s        0    12060    12300    14512 
32329 codespace ./cli kernel images/4096x40        0   393320   393371   394584 
32325 codespace ./cli kernel images/4096x40        0   393320   393373   394540 
32331 codespace ./cli kernel images/4096x40        0   393320   393373   394592 
32323 codespace ./cli kernel images/4096x40        0   393324   393375   394540 
32327 codespace ./cli kernel images/4096x40        0   393324   393376   394580 
%CPU %MEM ARGS Mon Oct  5 01:26:17 UTC 2026
 0.0  0.0 grep --color=auto ./cli       1  2212
22.1  4.8 ./cli kernel images/4096x40   0 394584
22.4  4.8 ./cli kernel images/4096x40   1 394580
22.4  4.8 ./cli kernel images/4096x40   1 394592
22.4  4.8 ./cli kernel images/4096x40   1 394540
22.5  4.8 ./cli kernel images/4096x40   1 394540
  PID User     Command                         Swap      USS      PSS      RSS 
36641 codespace /usr/bin/python3 /usr/bin/s        0    12060    12295    14512 
32329 codespace ./cli kernel images/4096x40        0   393320   393372   394584 
32325 codespace ./cli kernel images/4096x40        0   393320   393373   394540 
32331 codespace ./cli kernel images/4096x40        0   393320   393373   394592 
32323 codespace ./cli kernel images/4096x40        0   393324   393375   394540 
32327 codespace ./cli kernel images/4096x40        0   393324   393376   394580 
%CPU %MEM ARGS Mon Oct  5 01:26:18 UTC 2026
 0.0  0.0 grep --color=auto ./cli       1  2152
22.1  4.8 ./cli kernel images/4096x40   0 394584
22.3  4.8 ./cli kernel images/4096x40   1 394580
22.4  4.8 ./cli kernel images/4096x40   0 394592
22.4  4.8 ./cli kernel images/4096x40   1 394540
22.5  4.8 ./cli kernel images/4096x40   1 394540
  PID User     Command                         Swap      USS      PSS      RSS 
36648 codespace /usr/bin/python3 /usr/bin/s        0    12072    12331    14620 
32329 codespace ./cli kernel images/4096x40        0   393320   393372   394584 
32325 codespace ./cli kernel images/4096x40        0   393320   393373   394540 
32331 codespace ./cli kernel images/4096x40        0   393320   393373   394592 
32323 codespace ./cli kernel images/4096x40        0   393324   393375   394540 
32327 codespace ./cli kernel images/4096x40        0   393324   393376   394580 
%CPU %MEM ARGS Mon Oct  5 01:26:19 UTC 2026
 0.0  0.0 grep --color=auto ./cli       1  2248
22.1  4.8 ./cli kernel images/4096x40   0 394584
22.3  4.8 ./cli kernel images/4096x40   1 394580
22.4  4.8 ./cli kernel images/4096x40   1 394592
22.4  4.8 ./cli kernel images/4096x40   1 394540
22.5  4.8 ./cli kernel images/4096x40   1 394540
  PID User     Command                         Swap      USS      PSS      RSS 
36659 codespace /usr/bin/python3 /usr/bin/s        0    12060    12321    14568 
32325 codespace ./cli kernel images/4096x40        0   393320   393372   394540 
32329 codespace ./cli kernel images/4096x40        0   393320   393372   394584 
32331 codespace ./cli kernel images/4096x40        0   393320   393373   394592 
32323 codespace ./cli kernel images/4096x40        0   393324   393375   394540 
32327 codespace ./cli kernel images/4096x40        0   393324   393376   394580 
%CPU %MEM ARGS Mon Oct  5 01:26:20 UTC 2026
 0.0  0.0 grep --color=auto ./cli       0  2160
22.1  4.8 ./cli kernel images/4096x40   0 394584
22.3  4.8 ./cli kernel images/4096x40   0 394580
22.3  4.8 ./cli kernel images/4096x40   0 394592
22.4  4.8 ./cli kernel images/4096x40   1 394540
22.4  4.8 ./cli kernel images/4096x40   0 394540
  PID User     Command                         Swap      USS      PSS      RSS 
36665 codespace /usr/bin/python3 /usr/bin/s        0    12060    12306    14540 
32329 codespace ./cli kernel images/4096x40        0   393320   393372   394584 
32325 codespace ./cli kernel images/4096x40        0   393320   393373   394540 
32331 codespace ./cli kernel images/4096x40        0   393320   393373   394592 
32323 codespace ./cli kernel images/4096x40        0   393324   393375   394540 
32327 codespace ./cli kernel images/4096x40        0   393324   393376   394580 
%CPU %MEM ARGS Mon Oct  5 01:26:21 UTC 2026
 0.0  0.0 grep --color=auto ./cli       0  2168
22.1  4.8 ./cli kernel images/4096x40   1 394584
22.3  4.8 ./cli kernel images/4096x40   0 394580
22.3  4.8 ./cli kernel images/4096x40   0 394592
22.4  4.8 ./cli kernel images/4096x40   0 394540
22.4  4.8 ./cli kernel images/4096x40   0 394540
  PID User     Command                         Swap      USS      PSS      RSS 
36671 codespace /usr/bin/python3 /usr/bin/s        0    12048    12264    14504 
32331 codespace ./cli kernel images/4096x40        0   393320   393369   394592 
32325 codespace ./cli kernel images/4096x40        0   393320   393370   394540 
32329 codespace ./cli kernel images/4096x40        0   393320   393370   394584 
32323 codespace ./cli kernel images/4096x40        0   393324   393373   394540 
32327 codespace ./cli kernel images/4096x40        0   393324   393373   394580 
%CPU %MEM ARGS Mon Oct  5 01:26:22 UTC 2026
 0.0  0.0 grep --color=auto ./cli       0  2176
22.1  4.8 ./cli kernel images/4096x40   1 394584
22.3  4.8 ./cli kernel images/4096x40   1 394580
22.3  4.8 ./cli kernel images/4096x40   1 394592
22.4  4.8 ./cli kernel images/4096x40   1 394540
22.4  4.8 ./cli kernel images/4096x40   0 394540
  PID User     Command                         Swap      USS      PSS      RSS 
36689 codespace /usr/bin/python3 /usr/bin/s        0    12068    12315    14516 
32329 codespace ./cli kernel images/4096x40        0   393320   393372   394584 
32325 codespace ./cli kernel images/4096x40        0   393320   393373   394540 
32331 codespace ./cli kernel images/4096x40        0   393320   393373   394592 
32323 codespace ./cli kernel images/4096x40        0   393324   393375   394540 
32327 codespace ./cli kernel images/4096x40        0   393324   393376   394580 
%CPU %MEM ARGS Mon Oct  5 01:26:23 UTC 2026
 0.0  0.0 grep --color=auto ./cli       1  2168
22.1  4.8 ./cli kernel images/4096x40   1 394584
22.3  4.8 ./cli kernel images/4096x40   0 394580
22.3  4.8 ./cli kernel images/4096x40   1 394592
22.3  4.8 ./cli kernel images/4096x40   0 394540
22.4  4.8 ./cli kernel images/4096x40   1 394540
  PID User     Command                         Swap      USS      PSS      RSS 
36695 codespace /usr/bin/python3 /usr/bin/s        0    12052    12292    14468 
32329 codespace ./cli kernel images/4096x40        0   393320   393372   394584 
32325 codespace ./cli kernel images/4096x40        0   393320   393373   394540 
32331 codespace ./cli kernel images/4096x40        0   393320   393373   394592 
32323 codespace ./cli kernel images/4096x40        0   393324   393375   394540 
32327 codespace ./cli kernel images/4096x40        0   393324   393376   394580 
%CPU %MEM ARGS Mon Oct  5 01:26:24 UTC 2026
 0.0  0.0 grep --color=auto ./cli       1  2340
22.1  4.8 ./cli kernel images/4096x40   1 394584
22.3  4.8 ./cli kernel images/4096x40   1 394592
22.3  4.8 ./cli kernel images/4096x40   1 394580
22.3  4.8 ./cli kernel images/4096x40   1 394540
22.4  4.8 ./cli kernel images/4096x40   1 394540
  PID User     Command                         Swap      USS      PSS      RSS 
36701 codespace /usr/bin/python3 /usr/bin/s        0    12032    12280    14480 
32325 codespace ./cli kernel images/4096x40        0   393320   393372   394540 
32329 codespace ./cli kernel images/4096x40        0   393320   393372   394584 
32331 codespace ./cli kernel images/4096x40        0   393320   393373   394592 
32323 codespace ./cli kernel images/4096x40        0   393324   393375   394540 
32327 codespace ./cli kernel images/4096x40        0   393324   393376   394580 
%CPU %MEM ARGS Mon Oct  5 01:26:25 UTC 2026
 0.0  0.0 grep --color=auto ./cli       1  2180
22.1  4.8 ./cli kernel images/4096x40   0 394584
22.3  4.8 ./cli kernel images/4096x40   0 394592
22.3  4.8 ./cli kernel images/4096x40   1 394580
22.3  4.8 ./cli kernel images/4096x40   1 394540
22.4  4.8 ./cli kernel images/4096x40   0 394540
  PID User     Command                         Swap      USS      PSS      RSS 
36707 codespace /usr/bin/python3 /usr/bin/s        0    12056    12301    14540 
32325 codespace ./cli kernel images/4096x40        0   393320   393372   394540 
32329 codespace ./cli kernel images/4096x40        0   393320   393372   394584 
32331 codespace ./cli kernel images/4096x40        0   393320   393372   394592 
32323 codespace ./cli kernel images/4096x40        0   393324   393375   394540 
32327 codespace ./cli kernel images/4096x40        0   393324   393376   394580 
%CPU %MEM ARGS Mon Oct  5 01:26:26 UTC 2026
 0.0  0.0 grep --color=auto ./cli       0  2252
22.1  4.8 ./cli kernel images/4096x40   0 394584
22.3  4.8 ./cli kernel images/4096x40   0 394592
22.3  4.8 ./cli kernel images/4096x40   0 394580
22.3  4.8 ./cli kernel images/4096x40   1 394540
22.4  4.8 ./cli kernel images/4096x40   0 394540
  PID User     Command                         Swap      USS      PSS      RSS 
36719 codespace /usr/bin/python3 /usr/bin/s        0    12068    12327    14568 
32325 codespace ./cli kernel images/4096x40        0   393320   393372   394540 
32329 codespace ./cli kernel images/4096x40        0   393320   393372   394584 
32331 codespace ./cli kernel images/4096x40        0   393320   393373   394592 
32323 codespace ./cli kernel images/4096x40        0   393324   393375   394540 
32327 codespace ./cli kernel images/4096x40        0   393324   393376   394580 
%CPU %MEM ARGS Mon Oct  5 01:26:27 UTC 2026
 0.0  0.0 grep --color=auto ./cli       0  2152
22.1  4.8 ./cli kernel images/4096x40   0 394584
22.3  4.8 ./cli kernel images/4096x40   0 394592
22.3  4.8 ./cli kernel images/4096x40   0 394580
22.3  4.8 ./cli kernel images/4096x40   1 394540
22.4  4.8 ./cli kernel images/4096x40   0 394540
  PID User     Command                         Swap      USS      PSS      RSS 
36725 codespace /usr/bin/python3 /usr/bin/s        0    12060    12299    14476 
32323 codespace ./cli kernel images/4096x40        0   393324   393372   394540 
32329 codespace ./cli kernel images/4096x40        0   393320   393372   394584 
32331 codespace ./cli kernel images/4096x40        0   393320   393373   394592 
32325 codespace ./cli kernel images/4096x40        0   393320   393374   394540 
32327 codespace ./cli kernel images/4096x40        0   393324   393376   394580 
%CPU %MEM ARGS Mon Oct  5 01:26:28 UTC 2026
 0.0  0.0 grep --color=auto ./cli       1  2204
22.0  4.8 ./cli kernel images/4096x40   0 394584
22.2  4.8 ./cli kernel images/4096x40   0 394580
22.3  4.8 ./cli kernel images/4096x40   1 394592
22.3  4.8 ./cli kernel images/4096x40   0 394540
22.4  4.8 ./cli kernel images/4096x40   0 394540
  PID User     Command                         Swap      USS      PSS      RSS 
36755 codespace /usr/bin/python3 /usr/bin/s        0    12068    12327    14568 
32327 codespace ./cli kernel images/4096x40        0   393324   393370   394580 
32325 codespace ./cli kernel images/4096x40        0   393320   393372   394540 
32329 codespace ./cli kernel images/4096x40        0   393320   393372   394584 
32331 codespace ./cli kernel images/4096x40        0   393320   393372   394592 
32323 codespace ./cli kernel images/4096x40        0   393324   393375   394540 
%CPU %MEM ARGS Mon Oct  5 01:26:29 UTC 2026
 0.0  0.0 grep --color=auto ./cli       1  2308
22.0  4.8 ./cli kernel images/4096x40   1 394584
22.2  4.8 ./cli kernel images/4096x40   1 394580
22.3  4.8 ./cli kernel images/4096x40   0 394592
22.3  4.8 ./cli kernel images/4096x40   0 394540
22.3  4.8 ./cli kernel images/4096x40   1 394540
  PID User     Command                         Swap      USS      PSS      RSS 
36767 codespace /usr/bin/python3 /usr/bin/s        0    12060    12307    14536 
32329 codespace ./cli kernel images/4096x40        0   393320   393372   394584 
32325 codespace ./cli kernel images/4096x40        0   393320   393373   394540 
32331 codespace ./cli kernel images/4096x40        0   393320   393373   394592 
32323 codespace ./cli kernel images/4096x40        0   393324   393375   394540 
32327 codespace ./cli kernel images/4096x40        0   393324   393376   394580 
%CPU %MEM ARGS Mon Oct  5 01:26:30 UTC 2026
 0.0  0.0 grep --color=auto ./cli       0  2156
22.0  4.8 ./cli kernel images/4096x40   1 394584
22.2  4.8 ./cli kernel images/4096x40   0 394580
22.3  4.8 ./cli kernel images/4096x40   1 394592
22.3  4.8 ./cli kernel images/4096x40   1 394540
22.3  4.8 ./cli kernel images/4096x40   1 394540
  PID User     Command                         Swap      USS      PSS      RSS 
36773 codespace /usr/bin/python3 /usr/bin/s        0    12060    12321    14616 
32329 codespace ./cli kernel images/4096x40        0   393320   393372   394584 
32325 codespace ./cli kernel images/4096x40        0   393320   393373   394540 
32331 codespace ./cli kernel images/4096x40        0   393320   393373   394592 
32323 codespace ./cli kernel images/4096x40        0   393324   393375   394540 
32327 codespace ./cli kernel images/4096x40        0   393324   393376   394580 
%CPU %MEM ARGS Mon Oct  5 01:26:31 UTC 2026
 0.0  0.0 grep --color=auto ./cli       1  2200
22.0  4.8 ./cli kernel images/4096x40   0 394584
22.2  4.8 ./cli kernel images/4096x40   0 394580
22.3  4.8 ./cli kernel images/4096x40   0 394592
22.3  4.8 ./cli kernel images/4096x40   1 394540
22.3  4.8 ./cli kernel images/4096x40   0 394540
  PID User     Command                         Swap      USS      PSS      RSS 
36779 codespace /usr/bin/python3 /usr/bin/s        0    12068    12319    14544 
32329 codespace ./cli kernel images/4096x40        0   393320   393372   394584 
32325 codespace ./cli kernel images/4096x40        0   393320   393373   394540 
32331 codespace ./cli kernel images/4096x40        0   393320   393373   394592 
32323 codespace ./cli kernel images/4096x40        0   393324   393375   394540 
32327 codespace ./cli kernel images/4096x40        0   393324   393376   394580 
%CPU %MEM ARGS Mon Oct  5 01:26:32 UTC 2026
 0.0  0.0 grep --color=auto ./cli       0  2160
22.0  4.8 ./cli kernel images/4096x40   0 394584
22.2  4.8 ./cli kernel images/4096x40   1 394580
22.2  4.8 ./cli kernel images/4096x40   0 394592
22.3  4.8 ./cli kernel images/4096x40   0 394540
22.3  4.8 ./cli kernel images/4096x40   0 394540
  PID User     Command                         Swap      USS      PSS      RSS 
36785 codespace /usr/bin/python3 /usr/bin/s        0    12064    12288    14544 
32329 codespace ./cli kernel images/4096x40        0   393320   393370   394584 
32331 codespace ./cli kernel images/4096x40        0   393320   393370   394592 
32325 codespace ./cli kernel images/4096x40        0   393320   393372   394540 
32323 codespace ./cli kernel images/4096x40        0   393324   393375   394540 
32327 codespace ./cli kernel images/4096x40        0   393324   393376   394580 
%CPU %MEM ARGS Mon Oct  5 01:26:33 UTC 2026
 0.0  0.0 grep --color=auto ./cli       0  2156
22.0  4.8 ./cli kernel images/4096x40   1 394584
22.2  4.8 ./cli kernel images/4096x40   0 394592
22.2  4.8 ./cli kernel images/4096x40   1 394580
22.3  4.8 ./cli kernel images/4096x40   0 394540
22.3  4.8 ./cli kernel images/4096x40   1 394540
  PID User     Command                         Swap      USS      PSS      RSS 
36803 codespace /usr/bin/python3 /usr/bin/s        0    12064    12321    14564 
32325 codespace ./cli kernel images/4096x40        0   393320   393372   394540 
32329 codespace ./cli kernel images/4096x40        0   393320   393372   394584 
32331 codespace ./cli kernel images/4096x40        0   393320   393373   394592 
32323 codespace ./cli kernel images/4096x40        0   393324   393375   394540 
32327 codespace ./cli kernel images/4096x40        0   393324   393376   394580 
%CPU %MEM ARGS Mon Oct  5 01:26:34 UTC 2026
 0.0  0.0 grep --color=auto ./cli       1  2300
22.0  4.8 ./cli kernel images/4096x40   0 394584
22.2  4.8 ./cli kernel images/4096x40   0 394592
22.2  4.8 ./cli kernel images/4096x40   0 394540
22.3  4.8 ./cli kernel images/4096x40   0 394580
22.3  4.8 ./cli kernel images/4096x40   0 394540
  PID User     Command                         Swap      USS      PSS      RSS 
36809 codespace /usr/bin/python3 /usr/bin/s        0    12060    12306    14512 
32325 codespace ./cli kernel images/4096x40        0   393320   393372   394540 
32329 codespace ./cli kernel images/4096x40        0   393320   393372   394584 
32331 codespace ./cli kernel images/4096x40        0   393320   393373   394592 
32323 codespace ./cli kernel images/4096x40        0   393324   393375   394540 
32327 codespace ./cli kernel images/4096x40        0   393324   393376   394580 
%CPU %MEM ARGS Mon Oct  5 01:26:35 UTC 2026
 0.0  0.0 grep --color=auto ./cli       1  2212
21.9  4.8 ./cli kernel images/4096x40   1 394584
22.2  4.8 ./cli kernel images/4096x40   0 394592
22.2  4.8 ./cli kernel images/4096x40   1 394540
22.2  4.8 ./cli kernel images/4096x40   0 394580
22.3  4.8 ./cli kernel images/4096x40   0 394540
  PID User     Command                         Swap      USS      PSS      RSS 
36815 codespace /usr/bin/python3 /usr/bin/s        0    12060    12299    14476 
32327 codespace ./cli kernel images/4096x40        0   393324   393370   394580 
32329 codespace ./cli kernel images/4096x40        0   393320   393372   394584 
32325 codespace ./cli kernel images/4096x40        0   393320   393373   394540 
32331 codespace ./cli kernel images/4096x40        0   393320   393373   394592 
32323 codespace ./cli kernel images/4096x40        0   393324   393375   394540 
%CPU %MEM ARGS Mon Oct  5 01:26:36 UTC 2026
 0.0  0.0 grep --color=auto ./cli       1  2164
21.9  4.8 ./cli kernel images/4096x40   0 394584
22.2  4.8 ./cli kernel images/4096x40   0 394592
22.2  4.8 ./cli kernel images/4096x40   0 394540
22.2  4.8 ./cli kernel images/4096x40   0 394580
22.3  4.8 ./cli kernel images/4096x40   0 394540
  PID User     Command                         Swap      USS      PSS      RSS 
36827 codespace /usr/bin/python3 /usr/bin/s        0    12060    12311    14536 
32329 codespace ./cli kernel images/4096x40        0   393320   393372   394584 
32325 codespace ./cli kernel images/4096x40        0   393320   393373   394540 
32331 codespace ./cli kernel images/4096x40        0   393320   393373   394592 
32323 codespace ./cli kernel images/4096x40        0   393324   393375   394540 
32327 codespace ./cli kernel images/4096x40        0   393324   393376   394580 
%CPU %MEM ARGS Mon Oct  5 01:26:37 UTC 2026
 0.0  0.0 grep --color=auto ./cli       0  2200
21.9  4.8 ./cli kernel images/4096x40   0 394584
22.2  4.8 ./cli kernel images/4096x40   1 394592
22.2  4.8 ./cli kernel images/4096x40   0 394540
22.2  4.8 ./cli kernel images/4096x40   0 394580
22.2  4.8 ./cli kernel images/4096x40   0 394540
  PID User     Command                         Swap      USS      PSS      RSS 
36833 codespace /usr/bin/python3 /usr/bin/s        0    12060    12299    14476 
32329 codespace ./cli kernel images/4096x40        0   393320   393372   394584 
32325 codespace ./cli kernel images/4096x40        0   393320   393373   394540 
32331 codespace ./cli kernel images/4096x40        0   393320   393373   394592 
32323 codespace ./cli kernel images/4096x40        0   393324   393375   394540 
32327 codespace ./cli kernel images/4096x40        0   393324   393375   394580 
%CPU %MEM ARGS Mon Oct  5 01:26:37 UTC 2026
 0.0  0.0 grep --color=auto ./cli       1  2176
21.9  4.8 ./cli kernel images/4096x40   0 394584
22.2  4.8 ./cli kernel images/4096x40   0 394592
22.2  4.8 ./cli kernel images/4096x40   0 394540
22.2  4.8 ./cli kernel images/4096x40   0 394580
22.2  4.8 ./cli kernel images/4096x40   0 394540
  PID User     Command                         Swap      USS      PSS      RSS 
36838 codespace /usr/bin/python3 /usr/bin/s        0    12052    12292    14468 
32329 codespace ./cli kernel images/4096x40        0   393320   393372   394584 
32325 codespace ./cli kernel images/4096x40        0   393320   393373   394540 
32331 codespace ./cli kernel images/4096x40        0   393320   393373   394592 
32323 codespace ./cli kernel images/4096x40        0   393324   393375   394540 
32327 codespace ./cli kernel images/4096x40        0   393324   393376   394580 
%CPU %MEM ARGS Mon Oct  5 01:26:39 UTC 2026
 0.0  0.0 grep --color=auto ./cli       0  2172
21.9  4.8 ./cli kernel images/4096x40   0 394584
22.2  4.8 ./cli kernel images/4096x40   0 394592
22.2  4.8 ./cli kernel images/4096x40   0 394540
22.2  4.8 ./cli kernel images/4096x40   0 394540
22.2  4.8 ./cli kernel images/4096x40   1 394580
  PID User     Command                         Swap      USS      PSS      RSS 
36868 codespace /usr/bin/python3 /usr/bin/s        0    12056    12303    14540 
32329 codespace ./cli kernel images/4096x40        0   393320   393371   394584 
32325 codespace ./cli kernel images/4096x40        0   393320   393373   394540 
32331 codespace ./cli kernel images/4096x40        0   393320   393373   394592 
32323 codespace ./cli kernel images/4096x40        0   393324   393374   394540 
32327 codespace ./cli kernel images/4096x40        0   393324   393376   394580 
%CPU %MEM ARGS Mon Oct  5 01:26:40 UTC 2026
 0.0  0.0 grep --color=auto ./cli       1  2172
21.9  4.8 ./cli kernel images/4096x40   0 394584
22.1  4.8 ./cli kernel images/4096x40   1 394592
22.2  4.8 ./cli kernel images/4096x40   1 394540
22.2  4.8 ./cli kernel images/4096x40   1 394540
22.2  4.8 ./cli kernel images/4096x40   1 394580
  PID User     Command                         Swap      USS      PSS      RSS 
36881 codespace /usr/bin/python3 /usr/bin/s        0    12060    12297    14460 
32329 codespace ./cli kernel images/4096x40        0   393320   393372   394584 
32325 codespace ./cli kernel images/4096x40        0   393320   393373   394540 
32331 codespace ./cli kernel images/4096x40        0   393320   393373   394592 
32323 codespace ./cli kernel images/4096x40        0   393324   393375   394540 
32327 codespace ./cli kernel images/4096x40        0   393324   393376   394580 
%CPU %MEM ARGS Mon Oct  5 01:26:41 UTC 2026
 0.0  0.0 grep --color=auto ./cli       0  2252
21.9  4.8 ./cli kernel images/4096x40   0 394584
22.1  4.8 ./cli kernel images/4096x40   0 394592
22.2  4.8 ./cli kernel images/4096x40   1 394540
22.2  4.8 ./cli kernel images/4096x40   0 394540
22.2  4.8 ./cli kernel images/4096x40   0 394580
  PID User     Command                         Swap      USS      PSS      RSS 
36887 codespace /usr/bin/python3 /usr/bin/s        0    12072    12331    14624 
32329 codespace ./cli kernel images/4096x40        0   393320   393372   394584 
32325 codespace ./cli kernel images/4096x40        0   393320   393373   394540 
32331 codespace ./cli kernel images/4096x40        0   393320   393373   394592 
32323 codespace ./cli kernel images/4096x40        0   393324   393375   394540 
32327 codespace ./cli kernel images/4096x40        0   393324   393376   394580 
%CPU %MEM ARGS Mon Oct  5 01:26:42 UTC 2026
 0.0  0.0 grep --color=auto ./cli       1  2156
21.9  4.8 ./cli kernel images/4096x40   0 394584
22.1  4.8 ./cli kernel images/4096x40   0 394592
22.2  4.8 ./cli kernel images/4096x40   0 394540
22.2  4.8 ./cli kernel images/4096x40   0 394540
22.2  4.8 ./cli kernel images/4096x40   1 394580
  PID User     Command                         Swap      USS      PSS      RSS 
36893 codespace /usr/bin/python3 /usr/bin/s        0    12052    12293    14468 
32329 codespace ./cli kernel images/4096x40        0   393320   393372   394584 
32325 codespace ./cli kernel images/4096x40        0   393320   393373   394540 
32331 codespace ./cli kernel images/4096x40        0   393320   393373   394592 
32323 codespace ./cli kernel images/4096x40        0   393324   393375   394540 
32327 codespace ./cli kernel images/4096x40        0   393324   393376   394580 
%CPU %MEM ARGS Mon Oct  5 01:26:42 UTC 2026
 0.0  0.0 grep --color=auto ./cli       0  2196
21.9  4.8 ./cli kernel images/4096x40   0 394584
22.1  4.8 ./cli kernel images/4096x40   0 394592
22.2  4.8 ./cli kernel images/4096x40   1 394540
22.2  4.8 ./cli kernel images/4096x40   0 394540
22.2  4.8 ./cli kernel images/4096x40   0 394580
  PID User     Command                         Swap      USS      PSS      RSS 
36898 codespace /usr/bin/python3 /usr/bin/s        0    12080    12334    14588 
32329 codespace ./cli kernel images/4096x40        0   393320   393372   394584 
32325 codespace ./cli kernel images/4096x40        0   393320   393373   394540 
32331 codespace ./cli kernel images/4096x40        0   393320   393373   394592 
32323 codespace ./cli kernel images/4096x40        0   393324   393375   394540 
32327 codespace ./cli kernel images/4096x40        0   393324   393376   394580 
%CPU %MEM ARGS Mon Oct  5 01:26:44 UTC 2026
 0.0  0.0 grep --color=auto ./cli       0  2172
21.9  4.8 ./cli kernel images/4096x40   0 394584
22.1  4.8 ./cli kernel images/4096x40   0 394592
22.1  4.8 ./cli kernel images/4096x40   0 394540
22.2  4.8 ./cli kernel images/4096x40   0 394540
22.2  4.8 ./cli kernel images/4096x40   0 394580
  PID User     Command                         Swap      USS      PSS      RSS 
36910 codespace /usr/bin/python3 /usr/bin/s        0    12056    12297    14512 
32325 codespace ./cli kernel images/4096x40        0   393320   393370   394540 
32329 codespace ./cli kernel images/4096x40        0   393320   393370   394584 
32323 codespace ./cli kernel images/4096x40        0   393324   393372   394540 
32327 codespace ./cli kernel images/4096x40        0   393324   393373   394580 
32331 codespace ./cli kernel images/4096x40        0   393320   393373   394592 
%CPU %MEM ARGS Mon Oct  5 01:26:45 UTC 2026
 0.0  0.0 grep --color=auto ./cli       1  2176
21.9  4.8 ./cli kernel images/4096x40   1 394584
22.1  4.8 ./cli kernel images/4096x40   1 394592
22.1  4.8 ./cli kernel images/4096x40   0 394540
22.2  4.8 ./cli kernel images/4096x40   1 394580
22.2  4.8 ./cli kernel images/4096x40   1 394540
  PID User     Command                         Swap      USS      PSS      RSS 
36923 codespace /usr/bin/python3 /usr/bin/s        0    12060    12299    14484 
32329 codespace ./cli kernel images/4096x40        0   393320   393372   394584 
32325 codespace ./cli kernel images/4096x40        0   393320   393373   394540 
32331 codespace ./cli kernel images/4096x40        0   393320   393373   394592 
32323 codespace ./cli kernel images/4096x40        0   393324   393375   394540 
32327 codespace ./cli kernel images/4096x40        0   393324   393376   394580 
%CPU %MEM ARGS Mon Oct  5 01:26:46 UTC 2026
 0.0  0.0 grep --color=auto ./cli       1  2152
21.9  4.8 ./cli kernel images/4096x40   0 394584
22.1  4.8 ./cli kernel images/4096x40   1 394592
22.1  4.8 ./cli kernel images/4096x40   1 394540
22.2  4.8 ./cli kernel images/4096x40   1 394580
22.2  4.8 ./cli kernel images/4096x40   1 394540
  PID User     Command                         Swap      USS      PSS      RSS 
36930 codespace /usr/bin/python3 /usr/bin/s        0    12052    12274    14468 
32331 codespace ./cli kernel images/4096x40        0   393320   393367   394592 
32329 codespace ./cli kernel images/4096x40        0   393320   393371   394584 
32325 codespace ./cli kernel images/4096x40        0   393320   393373   394540 
32323 codespace ./cli kernel images/4096x40        0   393324   393375   394540 
32327 codespace ./cli kernel images/4096x40        0   393324   393376   394580 
%CPU %MEM ARGS Mon Oct  5 01:26:46 UTC 2026
 0.0  0.0 grep --color=auto ./cli       1  2212
21.9  4.8 ./cli kernel images/4096x40   1 394584
22.0  4.8 ./cli kernel images/4096x40   1 394592
22.1  4.8 ./cli kernel images/4096x40   1 394540
22.2  4.8 ./cli kernel images/4096x40   1 394580
22.2  4.8 ./cli kernel images/4096x40   1 394540
  PID User     Command                         Swap      USS      PSS      RSS 
36941 codespace /usr/bin/python3 /usr/bin/s        0    12068    12308    14484 
32329 codespace ./cli kernel images/4096x40        0   393320   393372   394584 
32325 codespace ./cli kernel images/4096x40        0   393320   393373   394540 
32331 codespace ./cli kernel images/4096x40        0   393320   393373   394592 
32323 codespace ./cli kernel images/4096x40        0   393324   393375   394540 
32327 codespace ./cli kernel images/4096x40        0   393324   393376   394580 
%CPU %MEM ARGS Mon Oct  5 01:26:47 UTC 2026
 0.0  0.0 grep --color=auto ./cli       1  2204
21.8  4.8 ./cli kernel images/4096x40   0 394584
22.0  4.8 ./cli kernel images/4096x40   1 394592
22.1  4.8 ./cli kernel images/4096x40   1 394540
22.2  4.8 ./cli kernel images/4096x40   1 394580
22.2  4.8 ./cli kernel images/4096x40   1 394540
  PID User     Command                         Swap      USS      PSS      RSS 
36947 codespace /usr/bin/python3 /usr/bin/s        0    12060    12295    14504 
32329 codespace ./cli kernel images/4096x40        0   393320   393372   394584 
32325 codespace ./cli kernel images/4096x40        0   393320   393373   394540 
32331 codespace ./cli kernel images/4096x40        0   393320   393373   394592 
32323 codespace ./cli kernel images/4096x40        0   393324   393375   394540 
32327 codespace ./cli kernel images/4096x40        0   393324   393376   394580 
%CPU %MEM ARGS Mon Oct  5 01:26:48 UTC 2026
 0.0  0.0 grep --color=auto ./cli       1  2340
21.8  4.8 ./cli kernel images/4096x40   0 394584
22.0  4.8 ./cli kernel images/4096x40   1 394592
22.1  4.8 ./cli kernel images/4096x40   1 394540
22.1  4.8 ./cli kernel images/4096x40   0 394580
22.2  4.8 ./cli kernel images/4096x40   1 394540
  PID User     Command                         Swap      USS      PSS      RSS 
36964 codespace /usr/bin/python3 /usr/bin/s        0    12060    12297    14516 
32329 codespace ./cli kernel images/4096x40        0   393320   393372   394584 
32325 codespace ./cli kernel images/4096x40        0   393320   393373   394540 
32331 codespace ./cli kernel images/4096x40        0   393320   393374   394592 
32323 codespace ./cli kernel images/4096x40        0   393324   393375   394540 
32327 codespace ./cli kernel images/4096x40        0   393324   393376   394580 
%CPU %MEM ARGS Mon Oct  5 01:26:49 UTC 2026
 0.0  0.0 grep --color=auto ./cli       1  2212
21.8  4.8 ./cli kernel images/4096x40   0 394584
22.0  4.8 ./cli kernel images/4096x40   0 394592
22.1  4.8 ./cli kernel images/4096x40   0 394540
22.1  4.8 ./cli kernel images/4096x40   0 394580
22.2  4.8 ./cli kernel images/4096x40   1 394540
  PID User     Command                         Swap      USS      PSS      RSS 
36976 codespace /usr/bin/python3 /usr/bin/s        0    12056    12272    14476 
32329 codespace ./cli kernel images/4096x40        0   393320   393370   394584 
32331 codespace ./cli kernel images/4096x40        0   393320   393370   394592 
32325 codespace ./cli kernel images/4096x40        0   393320   393372   394540 
32323 codespace ./cli kernel images/4096x40        0   393324   393375   394540 
32327 codespace ./cli kernel images/4096x40        0   393324   393376   394580 
%CPU %MEM ARGS Mon Oct  5 01:26:50 UTC 2026
 0.0  0.0 grep --color=auto ./cli       0  2164
21.8  4.8 ./cli kernel images/4096x40   0 394584
22.0  4.8 ./cli kernel images/4096x40   1 394592
22.1  4.8 ./cli kernel images/4096x40   0 394540
22.1  4.8 ./cli kernel images/4096x40   1 394580
22.2  4.8 ./cli kernel images/4096x40   1 394540
  PID User     Command                         Swap      USS      PSS      RSS 
36994 codespace /usr/bin/python3 /usr/bin/s        0    12060    12308    14544 
32325 codespace ./cli kernel images/4096x40        0   393320   393372   394540 
32329 codespace ./cli kernel images/4096x40        0   393320   393372   394584 
32331 codespace ./cli kernel images/4096x40        0   393320   393373   394592 
32323 codespace ./cli kernel images/4096x40        0   393324   393375   394540 
32327 codespace ./cli kernel images/4096x40        0   393324   393376   394580 
%CPU %MEM ARGS Mon Oct  5 01:26:51 UTC 2026
 0.0  0.0 grep --color=auto ./cli       0  2156
21.8  4.8 ./cli kernel images/4096x40   0 394584
22.0  4.8 ./cli kernel images/4096x40   0 394592
22.1  4.8 ./cli kernel images/4096x40   1 394540
22.1  4.8 ./cli kernel images/4096x40   0 394580
22.1  4.8 ./cli kernel images/4096x40   0 394540
  PID User     Command                         Swap      USS      PSS      RSS 
37000 codespace /usr/bin/python3 /usr/bin/s        0    12052    12293    14468 
32329 codespace ./cli kernel images/4096x40        0   393320   393372   394584 
32325 codespace ./cli kernel images/4096x40        0   393320   393373   394540 
32331 codespace ./cli kernel images/4096x40        0   393320   393373   394592 
32323 codespace ./cli kernel images/4096x40        0   393324   393375   394540 
32327 codespace ./cli kernel images/4096x40        0   393324   393376   394580 
%CPU %MEM ARGS Mon Oct  5 01:26:52 UTC 2026
 0.0  0.0 grep --color=auto ./cli       0  2244
21.8  4.8 ./cli kernel images/4096x40   1 394584
22.0  4.8 ./cli kernel images/4096x40   0 394592
22.1  4.8 ./cli kernel images/4096x40   0 394580
22.1  4.8 ./cli kernel images/4096x40   0 394540
22.1  4.8 ./cli kernel images/4096x40   0 394540
  PID User     Command                         Swap      USS      PSS      RSS 
37006 codespace /usr/bin/python3 /usr/bin/s        0    12060    12301    14516 
32329 codespace ./cli kernel images/4096x40        0   393320   393372   394584 
32325 codespace ./cli kernel images/4096x40        0   393320   393373   394540 
32331 codespace ./cli kernel images/4096x40        0   393320   393373   394592 
32323 codespace ./cli kernel images/4096x40        0   393324   393375   394540 
32327 codespace ./cli kernel images/4096x40        0   393324   393376   394580 
%CPU %MEM ARGS Mon Oct  5 01:26:53 UTC 2026
 0.0  0.0 grep --color=auto ./cli       0  2236
21.8  4.8 ./cli kernel images/4096x40   0 394584
22.0  4.8 ./cli kernel images/4096x40   1 394592
22.1  4.8 ./cli kernel images/4096x40   0 394580
22.1  4.8 ./cli kernel images/4096x40   0 394540
22.1  4.8 ./cli kernel images/4096x40   0 394540
  PID User     Command                         Swap      USS      PSS      RSS 
37015 codespace /usr/bin/python3 /usr/bin/s        0    12060    12302    14516 
32329 codespace ./cli kernel images/4096x40        0   393320   393372   394584 
32325 codespace ./cli kernel images/4096x40        0   393320   393373   394540 
32331 codespace ./cli kernel images/4096x40        0   393320   393373   394592 
32323 codespace ./cli kernel images/4096x40        0   393324   393375   394540 
32327 codespace ./cli kernel images/4096x40        0   393324   393376   394580 
%CPU %MEM ARGS Mon Oct  5 01:26:54 UTC 2026
 0.0  0.0 grep --color=auto ./cli       0  2164
21.8  4.8 ./cli kernel images/4096x40   1 394584
22.0  4.8 ./cli kernel images/4096x40   1 394592
22.1  4.8 ./cli kernel images/4096x40   1 394580
22.1  4.8 ./cli kernel images/4096x40   1 394540
22.1  4.8 ./cli kernel images/4096x40   0 394540
  PID User     Command                         Swap      USS      PSS      RSS 
37024 codespace /usr/bin/python3 /usr/bin/s        0    12060    12321    14568 
32325 codespace ./cli kernel images/4096x40        0   393320   393372   394540 
32329 codespace ./cli kernel images/4096x40        0   393320   393372   394584 
32331 codespace ./cli kernel images/4096x40        0   393320   393373   394592 
32323 codespace ./cli kernel images/4096x40        0   393324   393375   394540 
32327 codespace ./cli kernel images/4096x40        0   393324   393376   394580 
%CPU %MEM ARGS Mon Oct  5 01:26:55 UTC 2026
 0.0  0.0 grep --color=auto ./cli       0  2180
21.8  4.8 ./cli kernel images/4096x40   0 394584
22.0  4.8 ./cli kernel images/4096x40   1 394592
22.1  4.8 ./cli kernel images/4096x40   1 394580
22.1  4.8 ./cli kernel images/4096x40   0 394540
22.1  4.8 ./cli kernel images/4096x40   0 394540
  PID User     Command                         Swap      USS      PSS      RSS 
37030 codespace /usr/bin/python3 /usr/bin/s        0    12060    12299    14476 
32329 codespace ./cli kernel images/4096x40        0   393320   393372   394584 
32325 codespace ./cli kernel images/4096x40        0   393320   393373   394540 
32331 codespace ./cli kernel images/4096x40        0   393320   393373   394592 
32323 codespace ./cli kernel images/4096x40        0   393324   393375   394540 
32327 codespace ./cli kernel images/4096x40        0   393324   393376   394580 
%CPU %MEM ARGS Mon Oct  5 01:26:56 UTC 2026
 0.0  0.0 grep --color=auto ./cli       0  2160
21.8  4.8 ./cli kernel images/4096x40   0 394584
22.0  4.8 ./cli kernel images/4096x40   0 394592
22.0  4.8 ./cli kernel images/4096x40   0 394580
22.1  4.8 ./cli kernel images/4096x40   0 394540
22.1  4.8 ./cli kernel images/4096x40   0 394540
  PID User     Command                         Swap      USS      PSS      RSS 
37042 codespace /usr/bin/python3 /usr/bin/s        0    12060    12302    14476 
32329 codespace ./cli kernel images/4096x40        0   393320   393367   394584 
32323 codespace ./cli kernel images/4096x40        0   393324   393369   394540 
32325 codespace ./cli kernel images/4096x40        0   393320   393373   394540 
32331 codespace ./cli kernel images/4096x40        0   393320   393373   394592 
32327 codespace ./cli kernel images/4096x40        0   393324   393376   394580 
%CPU %MEM ARGS Mon Oct  5 01:26:57 UTC 2026
 0.0  0.0 grep --color=auto ./cli       1  2168
21.8  4.8 ./cli kernel images/4096x40   0 394584
22.0  4.8 ./cli kernel images/4096x40   1 394592
22.0  4.8 ./cli kernel images/4096x40   0 394580
22.0  4.8 ./cli kernel images/4096x40   0 394540
22.1  4.8 ./cli kernel images/4096x40   0 394540
  PID User     Command                         Swap      USS      PSS      RSS 
37054 codespace /usr/bin/python3 /usr/bin/s        0    12052    12287    14472 
32329 codespace ./cli kernel images/4096x40        0   393320   393372   394584 
32325 codespace ./cli kernel images/4096x40        0   393320   393373   394540 
32331 codespace ./cli kernel images/4096x40        0   393320   393373   394592 
32323 codespace ./cli kernel images/4096x40        0   393324   393375   394540 
32327 codespace ./cli kernel images/4096x40        0   393324   393376   394580 
%CPU %MEM ARGS Mon Oct  5 01:26:59 UTC 2026
 0.0  0.0 grep --color=auto ./cli       0  2160
21.8  4.8 ./cli kernel images/4096x40   1 394584
22.0  4.8 ./cli kernel images/4096x40   1 394592
22.0  4.8 ./cli kernel images/4096x40   1 394580
22.0  4.8 ./cli kernel images/4096x40   1 394540
22.1  4.8 ./cli kernel images/4096x40   0 394540
  PID User     Command                         Swap      USS      PSS      RSS 
37066 codespace /usr/bin/python3 /usr/bin/s        0    12060    12297    14512 
32329 codespace ./cli kernel images/4096x40        0   393320   393372   394584 
32325 codespace ./cli kernel images/4096x40        0   393320   393373   394540 
32331 codespace ./cli kernel images/4096x40        0   393320   393373   394592 
32323 codespace ./cli kernel images/4096x40        0   393324   393375   394540 
32327 codespace ./cli kernel images/4096x40        0   393324   393376   394580 
%CPU %MEM ARGS Mon Oct  5 01:27:00 UTC 2026
 0.0  0.0 grep --color=auto ./cli       1  2308
21.8  4.8 ./cli kernel images/4096x40   0 394584
22.0  4.8 ./cli kernel images/4096x40   0 394592
22.0  4.8 ./cli kernel images/4096x40   1 394580
22.0  4.8 ./cli kernel images/4096x40   0 394540
22.0  4.8 ./cli kernel images/4096x40   1 394540
  PID User     Command                         Swap      USS      PSS      RSS 
37084 codespace /usr/bin/python3 /usr/bin/s        0    12060    12307    14536 
32329 codespace ./cli kernel images/4096x40        0   393320   393366   394584 
32325 codespace ./cli kernel images/4096x40        0   393320   393373   394540 
32331 codespace ./cli kernel images/4096x40        0   393320   393373   394592 
32323 codespace ./cli kernel images/4096x40        0   393324   393375   394540 
32327 codespace ./cli kernel images/4096x40        0   393324   393376   394580 
%CPU %MEM ARGS Mon Oct  5 01:27:01 UTC 2026
 0.0  0.0 grep --color=auto ./cli       0  2248
21.7  4.8 ./cli kernel images/4096x40   0 394584
22.0  4.8 ./cli kernel images/4096x40   0 394592
22.0  4.8 ./cli kernel images/4096x40   1 394580
22.0  4.8 ./cli kernel images/4096x40   0 394540
22.0  4.8 ./cli kernel images/4096x40   0 394540
  PID User     Command                         Swap      USS      PSS      RSS 
37096 codespace /usr/bin/python3 /usr/bin/s        0    12060    12304    14500 
32325 codespace ./cli kernel images/4096x40        0   393320   393370   394540 
32329 codespace ./cli kernel images/4096x40        0   393320   393372   394584 
32323 codespace ./cli kernel images/4096x40        0   393324   393373   394540 
32327 codespace ./cli kernel images/4096x40        0   393324   393373   394580 
32331 codespace ./cli kernel images/4096x40        0   393320   393373   394592 
%CPU %MEM ARGS Mon Oct  5 01:27:02 UTC 2026
 0.0  0.0 grep --color=auto ./cli       1  2208
21.7  4.8 ./cli kernel images/4096x40   0 394584
22.0  4.8 ./cli kernel images/4096x40   0 394580
22.0  4.8 ./cli kernel images/4096x40   1 394592
22.0  4.8 ./cli kernel images/4096x40   0 394540
22.0  4.8 ./cli kernel images/4096x40   0 394540
  PID User     Command                         Swap      USS      PSS      RSS 
37108 codespace /usr/bin/python3 /usr/bin/s        0    12048    12288    14464 
32329 codespace ./cli kernel images/4096x40        0   393320   393372   394584 
32325 codespace ./cli kernel images/4096x40        0   393320   393373   394540 
32331 codespace ./cli kernel images/4096x40        0   393320   393373   394592 
32323 codespace ./cli kernel images/4096x40        0   393324   393375   394540 
32327 codespace ./cli kernel images/4096x40        0   393324   393376   394580 
%CPU %MEM ARGS Mon Oct  5 01:27:03 UTC 2026
 0.0  0.0 grep --color=auto ./cli       0  2172
21.7  4.8 ./cli kernel images/4096x40   0 394584
22.0  4.8 ./cli kernel images/4096x40   0 394580
22.0  4.8 ./cli kernel images/4096x40   0 394540
22.0  4.8 ./cli kernel images/4096x40   1 394540
22.0  4.8 ./cli kernel images/4096x40   0 394592
  PID User     Command                         Swap      USS      PSS      RSS 
37115 codespace /usr/bin/python3 /usr/bin/s        0    12060    12299    14476 
32329 codespace ./cli kernel images/4096x40        0   393320   393372   394584 
32325 codespace ./cli kernel images/4096x40        0   393320   393373   394540 
32331 codespace ./cli kernel images/4096x40        0   393320   393373   394592 
32323 codespace ./cli kernel images/4096x40        0   393324   393375   394540 
32327 codespace ./cli kernel images/4096x40        0   393324   393376   394580 
%CPU %MEM ARGS Mon Oct  5 01:27:04 UTC 2026
 0.0  0.0 grep --color=auto ./cli       0  2152
21.7  4.8 ./cli kernel images/4096x40   1 394584
22.0  4.8 ./cli kernel images/4096x40   0 394580
22.0  4.8 ./cli kernel images/4096x40   1 394540
22.0  4.8 ./cli kernel images/4096x40   0 394592
22.0  4.8 ./cli kernel images/4096x40   1 394540
  PID User     Command                         Swap      USS      PSS      RSS 
37125 codespace /usr/bin/python3 /usr/bin/s        0    12060    12310    14544 
32329 codespace ./cli kernel images/4096x40        0   393320   393372   394584 
32325 codespace ./cli kernel images/4096x40        0   393320   393373   394540 
32331 codespace ./cli kernel images/4096x40        0   393320   393373   394592 
32323 codespace ./cli kernel images/4096x40        0   393324   393375   394540 
32327 codespace ./cli kernel images/4096x40        0   393324   393376   394580 
%CPU %MEM ARGS Mon Oct  5 01:27:05 UTC 2026
 0.0  0.0 grep --color=auto ./cli       1  2200
21.7  4.8 ./cli kernel images/4096x40   0 394584
21.9  4.8 ./cli kernel images/4096x40   0 394580
22.0  4.8 ./cli kernel images/4096x40   0 394540
22.0  4.8 ./cli kernel images/4096x40   1 394592
22.0  4.8 ./cli kernel images/4096x40   0 394540
  PID User     Command                         Swap      USS      PSS      RSS 
37133 codespace /usr/bin/python3 /usr/bin/s        0    12068    12331    14568 
32325 codespace ./cli kernel images/4096x40        0   393320   393372   394540 
32329 codespace ./cli kernel images/4096x40        0   393320   393372   394584 
32331 codespace ./cli kernel images/4096x40        0   393320   393373   394592 
32323 codespace ./cli kernel images/4096x40        0   393324   393375   394540 
32327 codespace ./cli kernel images/4096x40        0   393324   393376   394580 
%CPU %MEM ARGS Mon Oct  5 01:27:06 UTC 2026
 0.0  0.0 grep --color=auto ./cli       1  2192
21.7  4.8 ./cli kernel images/4096x40   1 394584
21.9  4.8 ./cli kernel images/4096x40   1 394580
22.0  4.8 ./cli kernel images/4096x40   1 394540
22.0  4.8 ./cli kernel images/4096x40   1 394592
22.0  4.8 ./cli kernel images/4096x40   0 394540
  PID User     Command                         Swap      USS      PSS      RSS 
37139 codespace /usr/bin/python3 /usr/bin/s        0    12060    12297    14460 
32325 codespace ./cli kernel images/4096x40        0   393320   393372   394540 
32329 codespace ./cli kernel images/4096x40        0   393320   393372   394584 
32331 codespace ./cli kernel images/4096x40        0   393320   393373   394592 
32323 codespace ./cli kernel images/4096x40        0   393324   393375   394540 
32327 codespace ./cli kernel images/4096x40        0   393324   393376   394580 
%CPU %MEM ARGS Mon Oct  5 01:27:07 UTC 2026
 0.0  0.0 grep --color=auto ./cli       0  2172
21.7  4.8 ./cli kernel images/4096x40   1 394584
21.9  4.8 ./cli kernel images/4096x40   1 394580
22.0  4.8 ./cli kernel images/4096x40   1 394540
22.0  4.8 ./cli kernel images/4096x40   1 394592
22.0  4.8 ./cli kernel images/4096x40   1 394540
  PID User     Command                         Swap      USS      PSS      RSS 
37148 codespace /usr/bin/python3 /usr/bin/s        0    12052    12282    14460 
32323 codespace ./cli kernel images/4096x40        0   393324   393369   394540 
32329 codespace ./cli kernel images/4096x40        0   393320   393372   394584 
32325 codespace ./cli kernel images/4096x40        0   393320   393373   394540 
32331 codespace ./cli kernel images/4096x40        0   393320   393373   394592 
32327 codespace ./cli kernel images/4096x40        0   393324   393376   394580 
%CPU %MEM ARGS Mon Oct  5 01:27:08 UTC 2026
 0.0  0.0 grep --color=auto ./cli       0  2196
21.7  4.8 ./cli kernel images/4096x40   0 394584
21.9  4.8 ./cli kernel images/4096x40   1 394580
21.9  4.8 ./cli kernel images/4096x40   0 394540
22.0  4.8 ./cli kernel images/4096x40   0 394592
22.0  4.8 ./cli kernel images/4096x40   0 394540
  PID User     Command                         Swap      USS      PSS      RSS 
37162 codespace /usr/bin/python3 /usr/bin/s        0    12080    12339    14628 
32325 codespace ./cli kernel images/4096x40        0   393320   393372   394540 
32329 codespace ./cli kernel images/4096x40        0   393320   393372   394584 
32331 codespace ./cli kernel images/4096x40        0   393320   393373   394592 
32323 codespace ./cli kernel images/4096x40        0   393324   393375   394540 
32327 codespace ./cli kernel images/4096x40        0   393324   393376   394580 
%CPU %MEM ARGS Mon Oct  5 01:27:09 UTC 2026
 0.0  0.0 grep --color=auto ./cli       0  2184
21.7  4.8 ./cli kernel images/4096x40   1 394584
21.9  4.8 ./cli kernel images/4096x40   1 394580
22.0  4.8 ./cli kernel images/4096x40   1 394540
22.0  4.8 ./cli kernel images/4096x40   1 394592
22.0  4.8 ./cli kernel images/4096x40   1 394540
  PID User     Command                         Swap      USS      PSS      RSS 
37168 codespace /usr/bin/python3 /usr/bin/s        0    12056    12307    14524 
32325 codespace ./cli kernel images/4096x40        0   393320   393370   394540 
32329 codespace ./cli kernel images/4096x40        0   393320   393370   394584 
32331 codespace ./cli kernel images/4096x40        0   393320   393373   394592 
32323 codespace ./cli kernel images/4096x40        0   393324   393375   394540 
32327 codespace ./cli kernel images/4096x40        0   393324   393376   394580 
%CPU %MEM ARGS Mon Oct  5 01:27:10 UTC 2026
 0.0  0.0 grep --color=auto ./cli       1  2252
21.6  4.8 ./cli kernel images/4096x40   1 394584
21.9  4.8 ./cli kernel images/4096x40   1 394580
22.0  4.8 ./cli kernel images/4096x40   1 394540
22.0  4.8 ./cli kernel images/4096x40   1 394592
22.0  4.8 ./cli kernel images/4096x40   0 394540
  PID User     Command                         Swap      USS      PSS      RSS 
37191 codespace /usr/bin/python3 /usr/bin/s        0    12064    12314    14548 
32325 codespace ./cli kernel images/4096x40        0   393320   393372   394540 
32329 codespace ./cli kernel images/4096x40        0   393320   393372   394584 
32331 codespace ./cli kernel images/4096x40        0   393320   393373   394592 
32323 codespace ./cli kernel images/4096x40        0   393324   393375   394540 
32327 codespace ./cli kernel images/4096x40        0   393324   393376   394580 
%CPU %MEM ARGS Mon Oct  5 01:27:11 UTC 2026
 0.0  0.0 grep --color=auto ./cli       0  2192
21.6  4.8 ./cli kernel images/4096x40   1 394584
21.9  4.8 ./cli kernel images/4096x40   1 394580
21.9  4.8 ./cli kernel images/4096x40   1 394540
22.0  4.8 ./cli kernel images/4096x40   1 394592
22.0  4.8 ./cli kernel images/4096x40   1 394540
  PID User     Command                         Swap      USS      PSS      RSS 
37200 codespace /usr/bin/python3 /usr/bin/s        0    12044    12283    14496 
32329 codespace ./cli kernel images/4096x40        0   393320   393372   394584 
32325 codespace ./cli kernel images/4096x40        0   393320   393373   394540 
32331 codespace ./cli kernel images/4096x40        0   393320   393373   394592 
32323 codespace ./cli kernel images/4096x40        0   393324   393375   394540 
32327 codespace ./cli kernel images/4096x40        0   393324   393376   394580 
%CPU %MEM ARGS Mon Oct  5 01:27:12 UTC 2026
 0.0  0.0 grep --color=auto ./cli       1  2248
21.6  4.8 ./cli kernel images/4096x40   0 394584
21.9  4.8 ./cli kernel images/4096x40   0 394580
21.9  4.8 ./cli kernel images/4096x40   0 394540
22.0  4.8 ./cli kernel images/4096x40   1 394592
22.0  4.8 ./cli kernel images/4096x40   0 394540
  PID User     Command                         Swap      USS      PSS      RSS 
37209 codespace /usr/bin/python3 /usr/bin/s        0    12056    12272    14516 
32329 codespace ./cli kernel images/4096x40        0   393320   393370   394584 
32331 codespace ./cli kernel images/4096x40        0   393320   393370   394592 
32325 codespace ./cli kernel images/4096x40        0   393320   393371   394540 
32327 codespace ./cli kernel images/4096x40        0   393324   393373   394580 
32323 codespace ./cli kernel images/4096x40        0   393324   393375   394540 
%CPU %MEM ARGS Mon Oct  5 01:27:13 UTC 2026
 0.0  0.0 grep --color=auto ./cli       1  2252
21.6  4.8 ./cli kernel images/4096x40   1 394584
21.9  4.8 ./cli kernel images/4096x40   1 394580
21.9  4.8 ./cli kernel images/4096x40   0 394540
22.0  4.8 ./cli kernel images/4096x40   1 394540
22.0  4.8 ./cli kernel images/4096x40   1 394592
  PID User     Command                         Swap      USS      PSS      RSS 
37222 codespace /usr/bin/python3 /usr/bin/s        0    12064    12321    14564 
32325 codespace ./cli kernel images/4096x40        0   393320   393372   394540 
32329 codespace ./cli kernel images/4096x40        0   393320   393372   394584 
32331 codespace ./cli kernel images/4096x40        0   393320   393373   394592 
32323 codespace ./cli kernel images/4096x40        0   393324   393375   394540 
32327 codespace ./cli kernel images/4096x40        0   393324   393376   394580 
%CPU %MEM ARGS Mon Oct  5 01:27:14 UTC 2026
 0.0  0.0 grep --color=auto ./cli       0  2148
21.6  4.8 ./cli kernel images/4096x40   0 394584
21.9  4.8 ./cli kernel images/4096x40   1 394580
21.9  4.8 ./cli kernel images/4096x40   0 394540
22.0  4.8 ./cli kernel images/4096x40   1 394540
22.0  4.8 ./cli kernel images/4096x40   1 394592
  PID User     Command                         Swap      USS      PSS      RSS 
37228 codespace /usr/bin/python3 /usr/bin/s        0    12064    12297    14460 
32325 codespace ./cli kernel images/4096x40        0   393320   393372   394540 
32329 codespace ./cli kernel images/4096x40        0   393320   393372   394584 
32331 codespace ./cli kernel images/4096x40        0   393320   393373   394592 
32323 codespace ./cli kernel images/4096x40        0   393324   393375   394540 
32327 codespace ./cli kernel images/4096x40        0   393324   393376   394580 
%CPU %MEM ARGS Mon Oct  5 01:27:15 UTC 2026
 0.0  0.0 grep --color=auto ./cli       0  2184
21.6  4.8 ./cli kernel images/4096x40   0 394584
21.8  4.8 ./cli kernel images/4096x40   0 394580
21.9  4.8 ./cli kernel images/4096x40   1 394540
22.0  4.8 ./cli kernel images/4096x40   1 394540
22.0  4.8 ./cli kernel images/4096x40   0 394592
  PID User     Command                         Swap      USS      PSS      RSS 
37240 codespace /usr/bin/python3 /usr/bin/s        0    12064    12304    14480 
32329 codespace ./cli kernel images/4096x40        0   393320   393372   394584 
32325 codespace ./cli kernel images/4096x40        0   393320   393373   394540 
32331 codespace ./cli kernel images/4096x40        0   393320   393373   394592 
32323 codespace ./cli kernel images/4096x40        0   393324   393375   394540 
32327 codespace ./cli kernel images/4096x40        0   393324   393376   394580 
%CPU %MEM ARGS Mon Oct  5 01:27:16 UTC 2026
 0.0  0.0 grep --color=auto ./cli       1  2372
21.6  4.8 ./cli kernel images/4096x40   1 394584
21.8  4.8 ./cli kernel images/4096x40   1 394580
21.9  4.8 ./cli kernel images/4096x40   1 394540
22.0  4.8 ./cli kernel images/4096x40   1 394592
22.0  4.8 ./cli kernel images/4096x40   1 394540
  PID User     Command                         Swap      USS      PSS      RSS 
37246 codespace /usr/bin/python3 /usr/bin/s        0    12056    12303    14524 
32325 codespace ./cli kernel images/4096x40        0   393320   393372   394540 
32329 codespace ./cli kernel images/4096x40        0   393320   393372   394584 
32331 codespace ./cli kernel images/4096x40        0   393320   393373   394592 
32323 codespace ./cli kernel images/4096x40        0   393324   393375   394540 
32327 codespace ./cli kernel images/4096x40        0   393324   393376   394580 
%CPU %MEM ARGS Mon Oct  5 01:27:17 UTC 2026
 0.0  0.0 grep --color=auto ./cli       1  2172
21.5  4.8 ./cli kernel images/4096x40   1 394584
21.8  4.8 ./cli kernel images/4096x40   1 394580
21.9  4.8 ./cli kernel images/4096x40   1 394540
22.0  4.8 ./cli kernel images/4096x40   1 394592
22.0  4.8 ./cli kernel images/4096x40   1 394540
  PID User     Command                         Swap      USS      PSS      RSS 
37252 codespace /usr/bin/python3 /usr/bin/s        0    12064    12302    14480 
32329 codespace ./cli kernel images/4096x40        0   393320   393372   394584 
32325 codespace ./cli kernel images/4096x40        0   393320   393373   394540 
32331 codespace ./cli kernel images/4096x40        0   393320   393373   394592 
32323 codespace ./cli kernel images/4096x40        0   393324   393375   394540 
32327 codespace ./cli kernel images/4096x40        0   393324   393376   394580 
%CPU %MEM ARGS Mon Oct  5 01:27:18 UTC 2026
 0.0  0.0 grep --color=auto ./cli       1  2172
21.5  4.8 ./cli kernel images/4096x40   1 394584
21.8  4.8 ./cli kernel images/4096x40   1 394580
21.8  4.8 ./cli kernel images/4096x40   1 394540
22.0  4.8 ./cli kernel images/4096x40   0 394592
22.0  4.8 ./cli kernel images/4096x40   1 394540
  PID User     Command                         Swap      USS      PSS      RSS 
37261 codespace /usr/bin/python3 /usr/bin/s        0    12072    12330    14572 
32325 codespace ./cli kernel images/4096x40        0   393320   393372   394540 
32329 codespace ./cli kernel images/4096x40        0   393320   393372   394584 
32323 codespace ./cli kernel images/4096x40        0   393324   393373   394540 
32331 codespace ./cli kernel images/4096x40        0   393320   393373   394592 
32327 codespace ./cli kernel images/4096x40        0   393324   393376   394580 
%CPU %MEM ARGS Mon Oct  5 01:27:19 UTC 2026
 0.0  0.0 grep --color=auto ./cli       0  2176
21.5  4.8 ./cli kernel images/4096x40   1 394584
21.8  4.8 ./cli kernel images/4096x40   1 394580
21.8  4.8 ./cli kernel images/4096x40   0 394540
22.0  4.8 ./cli kernel images/4096x40   1 394592
22.0  4.8 ./cli kernel images/4096x40   1 394540
  PID User     Command                         Swap      USS      PSS      RSS 
37275 codespace /usr/bin/python3 /usr/bin/s        0    12064    12309    14544 
32331 codespace ./cli kernel images/4096x40        0   393320   393370   394592 
32329 codespace ./cli kernel images/4096x40        0   393320   393372   394584 
32325 codespace ./cli kernel images/4096x40        0   393320   393373   394540 
32323 codespace ./cli kernel images/4096x40        0   393324   393375   394540 
32327 codespace ./cli kernel images/4096x40        0   393324   393376   394580 
%CPU %MEM ARGS Mon Oct  5 01:27:20 UTC 2026
 0.0  0.0 grep --color=auto ./cli       1  2300
21.5  4.8 ./cli kernel images/4096x40   1 394584
21.8  4.8 ./cli kernel images/4096x40   1 394580
21.8  4.8 ./cli kernel images/4096x40   1 394540
21.9  4.8 ./cli kernel images/4096x40   1 394592
22.0  4.8 ./cli kernel images/4096x40   1 394540
  PID User     Command                         Swap      USS      PSS      RSS 
37300 codespace /usr/bin/python3 /usr/bin/s        0    12064    12308    14504 
32325 codespace ./cli kernel images/4096x40        0   393320   393372   394540 
32329 codespace ./cli kernel images/4096x40        0   393320   393372   394584 
32331 codespace ./cli kernel images/4096x40        0   393320   393373   394592 
32323 codespace ./cli kernel images/4096x40        0   393324   393375   394540 
32327 codespace ./cli kernel images/4096x40        0   393324   393376   394580 
%CPU %MEM ARGS Mon Oct  5 01:27:21 UTC 2026
 0.0  0.0 grep --color=auto ./cli       0  2160
21.5  4.8 ./cli kernel images/4096x40   0 394584
21.8  4.8 ./cli kernel images/4096x40   0 394580
21.8  4.8 ./cli kernel images/4096x40   1 394540
21.9  4.8 ./cli kernel images/4096x40   0 394592
22.0  4.8 ./cli kernel images/4096x40   0 394540
  PID User     Command                         Swap      USS      PSS      RSS 
37307 codespace /usr/bin/python3 /usr/bin/s        0    12068    12327    14572 
32323 codespace ./cli kernel images/4096x40        0   393324   393369   394540 
32325 codespace ./cli kernel images/4096x40        0   393320   393372   394540 
32329 codespace ./cli kernel images/4096x40        0   393320   393372   394584 
32331 codespace ./cli kernel images/4096x40        0   393320   393373   394592 
32327 codespace ./cli kernel images/4096x40        0   393324   393376   394580 
%CPU %MEM ARGS Mon Oct  5 01:27:22 UTC 2026
 0.0  0.0 grep --color=auto ./cli       1  2248
21.5  4.8 ./cli kernel images/4096x40   1 394584
21.8  4.8 ./cli kernel images/4096x40   1 394580
21.9  4.8 ./cli kernel images/4096x40   1 394540
21.9  4.8 ./cli kernel images/4096x40   0 394592
22.0  4.8 ./cli kernel images/4096x40   0 394540
  PID User     Command                         Swap      USS      PSS      RSS 
37318 codespace /usr/bin/python3 /usr/bin/s        0    12076    12334    14624 
32329 codespace ./cli kernel images/4096x40        0   393320   393372   394584 
32325 codespace ./cli kernel images/4096x40        0   393320   393373   394540 
32331 codespace ./cli kernel images/4096x40        0   393320   393373   394592 
32323 codespace ./cli kernel images/4096x40        0   393324   393375   394540 
32327 codespace ./cli kernel images/4096x40        0   393324   393376   394580 
%CPU %MEM ARGS Mon Oct  5 01:27:23 UTC 2026
 0.0  0.0 grep --color=auto ./cli       1  2160
21.5  4.8 ./cli kernel images/4096x40   1 394584
21.8  4.8 ./cli kernel images/4096x40   0 394580
21.8  4.8 ./cli kernel images/4096x40   0 394540
21.9  4.8 ./cli kernel images/4096x40   0 394592
21.9  4.8 ./cli kernel images/4096x40   0 394540
  PID User     Command                         Swap      USS      PSS      RSS 
37324 codespace /usr/bin/python3 /usr/bin/s        0    12052    12257    14476 
32331 codespace ./cli kernel images/4096x40        0   393320   393370   394592 
32329 codespace ./cli kernel images/4096x40        0   393320   393372   394584 
32325 codespace ./cli kernel images/4096x40        0   393320   393373   394540 
32323 codespace ./cli kernel images/4096x40        0   393324   393375   394540 
32327 codespace ./cli kernel images/4096x40        0   393324   393376   394580 
%CPU %MEM ARGS Mon Oct  5 01:27:24 UTC 2026
 0.0  0.0 grep --color=auto ./cli       0  2152
21.5  4.8 ./cli kernel images/4096x40   0 394584
21.8  4.8 ./cli kernel images/4096x40   0 394580
21.8  4.8 ./cli kernel images/4096x40   0 394540
21.9  4.8 ./cli kernel images/4096x40   0 394592
21.9  4.8 ./cli kernel images/4096x40   1 394540
  PID User     Command                         Swap      USS      PSS      RSS 
37337 codespace /usr/bin/python3 /usr/bin/s        0    12056    12303    14524 
32329 codespace ./cli kernel images/4096x40        0   393320   393372   394584 
32331 codespace ./cli kernel images/4096x40        0   393320   393372   394592 
32325 codespace ./cli kernel images/4096x40        0   393320   393373   394540 
32323 codespace ./cli kernel images/4096x40        0   393324   393375   394540 
32327 codespace ./cli kernel images/4096x40        0   393324   393376   394580 
%CPU %MEM ARGS Mon Oct  5 01:27:25 UTC 2026
 0.0  0.0 grep --color=auto ./cli       1  2248
21.5  4.8 ./cli kernel images/4096x40   0 394584
21.8  4.8 ./cli kernel images/4096x40   1 394580
21.8  4.8 ./cli kernel images/4096x40   1 394540
21.9  4.8 ./cli kernel images/4096x40   0 394592
21.9  4.8 ./cli kernel images/4096x40   0 394540
  PID User     Command                         Swap      USS      PSS      RSS 
37346 codespace /usr/bin/python3 /usr/bin/s        0    12064    12312    14544 
32325 codespace ./cli kernel images/4096x40        0   393320   393372   394540 
32329 codespace ./cli kernel images/4096x40        0   393320   393372   394584 
32331 codespace ./cli kernel images/4096x40        0   393320   393373   394592 
32323 codespace ./cli kernel images/4096x40        0   393324   393375   394540 
32327 codespace ./cli kernel images/4096x40        0   393324   393376   394580 
%CPU %MEM ARGS Mon Oct  5 01:27:26 UTC 2026
 0.0  0.0 grep --color=auto ./cli       0  2164
21.5  4.8 ./cli kernel images/4096x40   1 394584
21.7  4.8 ./cli kernel images/4096x40   1 394580
21.8  4.8 ./cli kernel images/4096x40   0 394540
21.9  4.8 ./cli kernel images/4096x40   1 394540
21.9  4.8 ./cli kernel images/4096x40   1 394592
  PID User     Command                         Swap      USS      PSS      RSS 
37355 codespace /usr/bin/python3 /usr/bin/s        0    12076    12335    14624 
32329 codespace ./cli kernel images/4096x40        0   393320   393372   394584 
32325 codespace ./cli kernel images/4096x40        0   393320   393373   394540 
32331 codespace ./cli kernel images/4096x40        0   393320   393373   394592 
32323 codespace ./cli kernel images/4096x40        0   393324   393375   394540 
32327 codespace ./cli kernel images/4096x40        0   393324   393376   394580 
%CPU %MEM ARGS Mon Oct  5 01:27:27 UTC 2026
 0.0  0.0 grep --color=auto ./cli       0  2308
21.5  4.8 ./cli kernel images/4096x40   1 394584
21.7  4.8 ./cli kernel images/4096x40   1 394580
21.8  4.8 ./cli kernel images/4096x40   1 394540
21.9  4.8 ./cli kernel images/4096x40   1 394540
21.9  4.8 ./cli kernel images/4096x40   1 394592
  PID User     Command                         Swap      USS      PSS      RSS 
37361 codespace /usr/bin/python3 /usr/bin/s        0    12068    12327    14572 
32325 codespace ./cli kernel images/4096x40        0   393320   393372   394540 
32329 codespace ./cli kernel images/4096x40        0   393320   393372   394584 
32331 codespace ./cli kernel images/4096x40        0   393320   393373   394592 
32323 codespace ./cli kernel images/4096x40        0   393324   393375   394540 
32327 codespace ./cli kernel images/4096x40        0   393324   393376   394580 
%CPU %MEM ARGS Mon Oct  5 01:27:28 UTC 2026
 0.0  0.0 grep --color=auto ./cli       1  2288
21.5  4.8 ./cli kernel images/4096x40   1 394584
21.7  4.8 ./cli kernel images/4096x40   1 394580
21.8  4.8 ./cli kernel images/4096x40   0 394540
21.9  4.8 ./cli kernel images/4096x40   1 394540
21.9  4.8 ./cli kernel images/4096x40   1 394592
  PID User     Command                         Swap      USS      PSS      RSS 
37366 codespace /usr/bin/python3 /usr/bin/s        0    12060    12260    14488 
32329 codespace ./cli kernel images/4096x40        0   393320   393367   394584 
32331 codespace ./cli kernel images/4096x40        0   393320   393367   394592 
32323 codespace ./cli kernel images/4096x40        0   393324   393369   394540 
32325 codespace ./cli kernel images/4096x40        0   393320   393373   394540 
32327 codespace ./cli kernel images/4096x40        0   393324   393376   394580 
%CPU %MEM ARGS Mon Oct  5 01:27:29 UTC 2026
 0.0  0.0 grep --color=auto ./cli       1  2344
21.4  4.8 ./cli kernel images/4096x40   1 394584
21.7  4.8 ./cli kernel images/4096x40   0 394580
21.8  4.8 ./cli kernel images/4096x40   1 394540
21.9  4.8 ./cli kernel images/4096x40   0 394540
21.9  4.8 ./cli kernel images/4096x40   1 394592
  PID User     Command                         Swap      USS      PSS      RSS 
37378 codespace /usr/bin/python3 /usr/bin/s        0    12072    12325    14588 
32325 codespace ./cli kernel images/4096x40        0   393320   393370   394540 
32323 codespace ./cli kernel images/4096x40        0   393324   393372   394540 
32329 codespace ./cli kernel images/4096x40        0   393320   393372   394584 
32327 codespace ./cli kernel images/4096x40        0   393324   393373   394580 
32331 codespace ./cli kernel images/4096x40        0   393320   393373   394592 
%CPU %MEM ARGS Mon Oct  5 01:27:30 UTC 2026
 0.0  0.0 grep --color=auto ./cli       0  2164
21.4  4.8 ./cli kernel images/4096x40   0 394584
21.7  4.8 ./cli kernel images/4096x40   1 394580
21.8  4.8 ./cli kernel images/4096x40   1 394540
21.9  4.8 ./cli kernel images/4096x40   1 394592
21.9  4.8 ./cli kernel images/4096x40   1 394540
  PID User     Command                         Swap      USS      PSS      RSS 
37398 codespace /usr/bin/python3 /usr/bin/s        0    12072    12322    14556 
32325 codespace ./cli kernel images/4096x40        0   393320   393372   394540 
32329 codespace ./cli kernel images/4096x40        0   393320   393372   394584 
32331 codespace ./cli kernel images/4096x40        0   393320   393373   394592 
32323 codespace ./cli kernel images/4096x40        0   393324   393375   394540 
32327 codespace ./cli kernel images/4096x40        0   393324   393376   394580 
%CPU %MEM ARGS Mon Oct  5 01:27:31 UTC 2026
 0.0  0.0 grep --color=auto ./cli       0  2244
21.4  4.8 ./cli kernel images/4096x40   0 394584
21.7  4.8 ./cli kernel images/4096x40   0 394580
21.8  4.8 ./cli kernel images/4096x40   0 394540
21.9  4.8 ./cli kernel images/4096x40   0 394592
21.9  4.8 ./cli kernel images/4096x40   0 394540
  PID User     Command                         Swap      USS      PSS      RSS 
37415 codespace /usr/bin/python3 /usr/bin/s        0    12064    12312    14544 
32325 codespace ./cli kernel images/4096x40        0   393320   393372   394540 
32329 codespace ./cli kernel images/4096x40        0   393320   393372   394584 
32331 codespace ./cli kernel images/4096x40        0   393320   393373   394592 
32323 codespace ./cli kernel images/4096x40        0   393324   393375   394540 
32327 codespace ./cli kernel images/4096x40        0   393324   393376   394580 
%CPU %MEM ARGS Mon Oct  5 01:27:32 UTC 2026
 0.0  0.0 grep --color=auto ./cli       0  2304
21.4  4.8 ./cli kernel images/4096x40   1 394584
21.7  4.8 ./cli kernel images/4096x40   0 394580
21.8  4.8 ./cli kernel images/4096x40   0 394540
21.9  4.8 ./cli kernel images/4096x40   0 394592
21.9  4.8 ./cli kernel images/4096x40   0 394540
  PID User     Command                         Swap      USS      PSS      RSS 
37421 codespace /usr/bin/python3 /usr/bin/s        0    12064    12311    14548 
32329 codespace ./cli kernel images/4096x40        0   393320   393372   394584 
32325 codespace ./cli kernel images/4096x40        0   393320   393373   394540 
32331 codespace ./cli kernel images/4096x40        0   393320   393373   394592 
32323 codespace ./cli kernel images/4096x40        0   393324   393375   394540 
32327 codespace ./cli kernel images/4096x40        0   393324   393376   394580 
%CPU %MEM ARGS Mon Oct  5 01:27:33 UTC 2026
 0.0  0.0 grep --color=auto ./cli       0  2192
21.4  4.8 ./cli kernel images/4096x40   0 394584
21.7  4.8 ./cli kernel images/4096x40   0 394580
21.8  4.8 ./cli kernel images/4096x40   1 394540
21.9  4.8 ./cli kernel images/4096x40   0 394592
21.9  4.8 ./cli kernel images/4096x40   0 394540
  PID User     Command                         Swap      USS      PSS      RSS 
37433 codespace /usr/bin/python3 /usr/bin/s        0    12056    12296    14472 
32329 codespace ./cli kernel images/4096x40        0   393320   393372   394584 
32325 codespace ./cli kernel images/4096x40        0   393320   393373   394540 
32331 codespace ./cli kernel images/4096x40        0   393320   393373   394592 
32323 codespace ./cli kernel images/4096x40        0   393324   393375   394540 
32327 codespace ./cli kernel images/4096x40        0   393324   393376   394580 
%CPU %MEM ARGS Mon Oct  5 01:27:34 UTC 2026
 0.0  0.0 grep --color=auto ./cli       1  2196
21.4  4.8 ./cli kernel images/4096x40   0 394584
21.7  4.8 ./cli kernel images/4096x40   0 394580
21.8  4.8 ./cli kernel images/4096x40   0 394540
21.8  4.8 ./cli kernel images/4096x40   0 394592
21.9  4.8 ./cli kernel images/4096x40   0 394540
  PID User     Command                         Swap      USS      PSS      RSS 
37439 codespace /usr/bin/python3 /usr/bin/s        0    12064    12304    14480 
32329 codespace ./cli kernel images/4096x40        0   393320   393372   394584 
32325 codespace ./cli kernel images/4096x40        0   393320   393373   394540 
32331 codespace ./cli kernel images/4096x40        0   393320   393373   394592 
32323 codespace ./cli kernel images/4096x40        0   393324   393375   394540 
32327 codespace ./cli kernel images/4096x40        0   393324   393376   394580 
%CPU %MEM ARGS Mon Oct  5 01:27:35 UTC 2026
 0.0  0.0 grep --color=auto ./cli       0  2304
21.4  4.8 ./cli kernel images/4096x40   1 394584
21.7  4.8 ./cli kernel images/4096x40   0 394580
21.8  4.8 ./cli kernel images/4096x40   0 394540
21.8  4.8 ./cli kernel images/4096x40   0 394592
21.8  4.8 ./cli kernel images/4096x40   0 394540
  PID User     Command                         Swap      USS      PSS      RSS 
37445 codespace /usr/bin/python3 /usr/bin/s        0    12064    12302    14516 
32329 codespace ./cli kernel images/4096x40        0   393320   393372   394584 
32325 codespace ./cli kernel images/4096x40        0   393320   393373   394540 
32331 codespace ./cli kernel images/4096x40        0   393320   393373   394592 
32323 codespace ./cli kernel images/4096x40        0   393324   393375   394540 
32327 codespace ./cli kernel images/4096x40        0   393324   393376   394580 
%CPU %MEM ARGS Mon Oct  5 01:27:36 UTC 2026
 0.0  0.0 grep --color=auto ./cli       0  2156
21.4  4.8 ./cli kernel images/4096x40   1 394584
21.7  4.8 ./cli kernel images/4096x40   1 394580
21.8  4.8 ./cli kernel images/4096x40   0 394540
21.8  4.8 ./cli kernel images/4096x40   1 394592
21.8  4.8 ./cli kernel images/4096x40   0 394540
  PID User     Command                         Swap      USS      PSS      RSS 
37457 codespace /usr/bin/python3 /usr/bin/s        0    12064    12330    14548 
32323 codespace ./cli kernel images/4096x40        0   393324   393370   394540 
32329 codespace ./cli kernel images/4096x40        0   393320   393372   394584 
32325 codespace ./cli kernel images/4096x40        0   393320   393373   394540 
32331 codespace ./cli kernel images/4096x40        0   393320   393374   394592 
32327 codespace ./cli kernel images/4096x40        0   393324   393376   394580 
%CPU %MEM ARGS Mon Oct  5 01:27:37 UTC 2026
 0.0  0.0 grep --color=auto ./cli       0  2304
21.4  4.8 ./cli kernel images/4096x40   1 394584
21.7  4.8 ./cli kernel images/4096x40   0 394580
21.8  4.8 ./cli kernel images/4096x40   0 394540
21.8  4.8 ./cli kernel images/4096x40   0 394592
21.8  4.8 ./cli kernel images/4096x40   0 394540
  PID User     Command                         Swap      USS      PSS      RSS 
37469 codespace /usr/bin/python3 /usr/bin/s        0    12084    12340    14592 
32325 codespace ./cli kernel images/4096x40        0   393320   393372   394540 
32329 codespace ./cli kernel images/4096x40        0   393320   393372   394584 
32331 codespace ./cli kernel images/4096x40        0   393320   393373   394592 
32323 codespace ./cli kernel images/4096x40        0   393324   393375   394540 
32327 codespace ./cli kernel images/4096x40        0   393324   393376   394580 
%CPU %MEM ARGS Mon Oct  5 01:27:38 UTC 2026
 0.0  0.0 grep --color=auto ./cli       1  2160
21.4  4.8 ./cli kernel images/4096x40   0 394584
21.6  4.8 ./cli kernel images/4096x40   0 394580
21.8  4.8 ./cli kernel images/4096x40   1 394540
21.8  4.8 ./cli kernel images/4096x40   1 394592
21.8  4.8 ./cli kernel images/4096x40   1 394540
  PID User     Command                         Swap      USS      PSS      RSS 
37475 codespace /usr/bin/python3 /usr/bin/s        0    12072    12322    14588 
32329 codespace ./cli kernel images/4096x40        0   393320   393372   394584 
32325 codespace ./cli kernel images/4096x40        0   393320   393373   394540 
32331 codespace ./cli kernel images/4096x40        0   393320   393373   394592 
32323 codespace ./cli kernel images/4096x40        0   393324   393375   394540 
32327 codespace ./cli kernel images/4096x40        0   393324   393376   394580 
%CPU %MEM ARGS Mon Oct  5 01:27:39 UTC 2026
 0.0  0.0 grep --color=auto ./cli       1  2184
21.4  4.8 ./cli kernel images/4096x40   1 394584
21.6  4.8 ./cli kernel images/4096x40   0 394580
21.8  4.8 ./cli kernel images/4096x40   1 394540
21.8  4.8 ./cli kernel images/4096x40   1 394592
21.8  4.8 ./cli kernel images/4096x40   1 394540
  PID User     Command                         Swap      USS      PSS      RSS 
37481 codespace /usr/bin/python3 /usr/bin/s        0    12072    12323    14588 
32327 codespace ./cli kernel images/4096x40        0   393324   393370   394580 
32325 codespace ./cli kernel images/4096x40        0   393320   393372   394540 
32329 codespace ./cli kernel images/4096x40        0   393320   393372   394584 
32331 codespace ./cli kernel images/4096x40        0   393320   393373   394592 
32323 codespace ./cli kernel images/4096x40        0   393324   393375   394540 
%CPU %MEM ARGS Mon Oct  5 01:27:40 UTC 2026
 0.0  0.0 grep --color=auto ./cli       1  2152
21.4  4.8 ./cli kernel images/4096x40   1 394584
21.6  4.8 ./cli kernel images/4096x40   1 394580
21.7  4.8 ./cli kernel images/4096x40   0 394540
21.8  4.8 ./cli kernel images/4096x40   1 394592
21.8  4.8 ./cli kernel images/4096x40   1 394540
  PID User     Command                         Swap      USS      PSS      RSS 
37493 codespace /usr/bin/python3 /usr/bin/s        0    12060    12292    14572 
32329 codespace ./cli kernel images/4096x40        0   393320   393370   394584 
32331 codespace ./cli kernel images/4096x40        0   393320   393370   394592 
32325 codespace ./cli kernel images/4096x40        0   393320   393372   394540 
32323 codespace ./cli kernel images/4096x40        0   393324   393375   394540 
32327 codespace ./cli kernel images/4096x40        0   393324   393375   394580 
%CPU %MEM ARGS Mon Oct  5 01:27:41 UTC 2026
 0.0  0.0 grep --color=auto ./cli       0  2308
21.4  4.8 ./cli kernel images/4096x40   1 394584
21.6  4.8 ./cli kernel images/4096x40   1 394580
21.8  4.8 ./cli kernel images/4096x40   0 394540
21.8  4.8 ./cli kernel images/4096x40   1 394592
21.8  4.8 ./cli kernel images/4096x40   0 394540
  PID User     Command                         Swap      USS      PSS      RSS 
37524 codespace /usr/bin/python3 /usr/bin/s        0    12068    12307    14484 
32329 codespace ./cli kernel images/4096x40        0   393320   393372   394584 
32325 codespace ./cli kernel images/4096x40        0   393320   393373   394540 
32331 codespace ./cli kernel images/4096x40        0   393320   393373   394592 
32323 codespace ./cli kernel images/4096x40        0   393324   393375   394540 
32327 codespace ./cli kernel images/4096x40        0   393324   393376   394580 
%CPU %MEM ARGS Mon Oct  5 01:27:42 UTC 2026
 0.0  0.0 grep --color=auto ./cli       0  2176
21.4  4.8 ./cli kernel images/4096x40   0 394584
21.6  4.8 ./cli kernel images/4096x40   1 394580
21.7  4.8 ./cli kernel images/4096x40   0 394540
21.8  4.8 ./cli kernel images/4096x40   0 394592
21.8  4.8 ./cli kernel images/4096x40   0 394540
  PID User     Command                         Swap      USS      PSS      RSS 
37530 codespace /usr/bin/python3 /usr/bin/s        0    12060    12298    14476 
32331 codespace ./cli kernel images/4096x40        0   393320   393370   394592 
32325 codespace ./cli kernel images/4096x40        0   393320   393372   394540 
32329 codespace ./cli kernel images/4096x40        0   393320   393372   394584 
32323 codespace ./cli kernel images/4096x40        0   393324   393375   394540 
32327 codespace ./cli kernel images/4096x40        0   393324   393376   394580 
%CPU %MEM ARGS Mon Oct  5 01:27:43 UTC 2026
 0.0  0.0 grep --color=auto ./cli       0  2292
21.3  4.8 ./cli kernel images/4096x40   0 394584
21.6  4.8 ./cli kernel images/4096x40   1 394580
21.7  4.8 ./cli kernel images/4096x40   0 394540
21.7  4.8 ./cli kernel images/4096x40   0 394592
21.8  4.8 ./cli kernel images/4096x40   0 394540
  PID User     Command                         Swap      USS      PSS      RSS 
37542 codespace /usr/bin/python3 /usr/bin/s        0    12020    12260    14436 
32329 codespace ./cli kernel images/4096x40        0   393320   393372   394584 
32325 codespace ./cli kernel images/4096x40        0   393320   393373   394540 
32331 codespace ./cli kernel images/4096x40        0   393320   393373   394592 
32323 codespace ./cli kernel images/4096x40        0   393324   393375   394540 
32327 codespace ./cli kernel images/4096x40        0   393324   393376   394580 
%CPU %MEM ARGS Mon Oct  5 01:27:45 UTC 2026
 0.0  0.0 grep --color=auto ./cli       1  2172
21.3  4.8 ./cli kernel images/4096x40   0 394584
21.7  4.8 ./cli kernel images/4096x40   1 394580
21.7  4.8 ./cli kernel images/4096x40   0 394540
21.7  4.8 ./cli kernel images/4096x40   0 394592
21.8  4.8 ./cli kernel images/4096x40   0 394540
  PID User     Command                         Swap      USS      PSS      RSS 
37548 codespace /usr/bin/python3 /usr/bin/s        0    12064    12304    14520 
32329 codespace ./cli kernel images/4096x40        0   393320   393372   394584 
32325 codespace ./cli kernel images/4096x40        0   393320   393373   394540 
32331 codespace ./cli kernel images/4096x40        0   393320   393373   394592 
32323 codespace ./cli kernel images/4096x40        0   393324   393375   394540 
32327 codespace ./cli kernel images/4096x40        0   393324   393376   394580 
%CPU %MEM ARGS Mon Oct  5 01:27:45 UTC 2026
 0.0  0.0 grep --color=auto ./cli       0  2168
21.3  4.8 ./cli kernel images/4096x40   0 394584
21.7  4.8 ./cli kernel images/4096x40   0 394580
21.7  4.8 ./cli kernel images/4096x40   1 394540
21.7  4.8 ./cli kernel images/4096x40   0 394592
21.8  4.8 ./cli kernel images/4096x40   0 394540
  PID User     Command                         Swap      USS      PSS      RSS 
37554 codespace /usr/bin/python3 /usr/bin/s        0    12076    12325    14524 
32325 codespace ./cli kernel images/4096x40        0   393320   393372   394540 
32329 codespace ./cli kernel images/4096x40        0   393320   393372   394584 
32331 codespace ./cli kernel images/4096x40        0   393320   393373   394592 
32323 codespace ./cli kernel images/4096x40        0   393324   393375   394540 
32327 codespace ./cli kernel images/4096x40        0   393324   393376   394580 
%CPU %MEM ARGS Mon Oct  5 01:27:46 UTC 2026
 0.0  0.0 grep --color=auto ./cli       0  2200
21.3  4.8 ./cli kernel images/4096x40   1 394584
21.7  4.8 ./cli kernel images/4096x40   0 394580
21.7  4.8 ./cli kernel images/4096x40   0 394592
21.7  4.8 ./cli kernel images/4096x40   0 394540
21.8  4.8 ./cli kernel images/4096x40   1 394540
  PID User     Command                         Swap      USS      PSS      RSS 
37560 codespace /usr/bin/python3 /usr/bin/s        0    12060    12294    14480 
32325 codespace ./cli kernel images/4096x40        0   393320   393368   394540 
32329 codespace ./cli kernel images/4096x40        0   393320   393372   394584 
32323 codespace ./cli kernel images/4096x40        0   393324   393373   394540 
32331 codespace ./cli kernel images/4096x40        0   393320   393373   394592 
32327 codespace ./cli kernel images/4096x40        0   393324   393375   394580 
%CPU %MEM ARGS Mon Oct  5 01:27:47 UTC 2026
 0.0  0.0 grep --color=auto ./cli       1  2208
21.3  4.8 ./cli kernel images/4096x40   1 394584
21.6  4.8 ./cli kernel images/4096x40   1 394580
21.7  4.8 ./cli kernel images/4096x40   1 394592
21.7  4.8 ./cli kernel images/4096x40   1 394540
21.8  4.8 ./cli kernel images/4096x40   1 394540
  PID User     Command                         Swap      USS      PSS      RSS 
37578 codespace /usr/bin/python3 /usr/bin/s        0    12064    12315    14540 
32325 codespace ./cli kernel images/4096x40        0   393320   393372   394540 
32329 codespace ./cli kernel images/4096x40        0   393320   393372   394584 
32331 codespace ./cli kernel images/4096x40        0   393320   393373   394592 
32323 codespace ./cli kernel images/4096x40        0   393324   393375   394540 
32327 codespace ./cli kernel images/4096x40        0   393324   393376   394580 
%CPU %MEM ARGS Mon Oct  5 01:27:49 UTC 2026
 0.0  0.0 grep --color=auto ./cli       1  2160
21.3  4.8 ./cli kernel images/4096x40   1 394584
21.6  4.8 ./cli kernel images/4096x40   1 394580
21.7  4.8 ./cli kernel images/4096x40   0 394592
21.7  4.8 ./cli kernel images/4096x40   1 394540
21.8  4.8 ./cli kernel images/4096x40   1 394540
  PID User     Command                         Swap      USS      PSS      RSS 
37584 codespace /usr/bin/python3 /usr/bin/s        0    12064    12304    14520 
32329 codespace ./cli kernel images/4096x40        0   393320   393372   394584 
32325 codespace ./cli kernel images/4096x40        0   393320   393373   394540 
32331 codespace ./cli kernel images/4096x40        0   393320   393373   394592 
32323 codespace ./cli kernel images/4096x40        0   393324   393375   394540 
32327 codespace ./cli kernel images/4096x40        0   393324   393376   394580 
%CPU %MEM ARGS Mon Oct  5 01:27:50 UTC 2026
 0.0  0.0 grep --color=auto ./cli       1  2208
21.3  4.8 ./cli kernel images/4096x40   1 394584
21.6  4.8 ./cli kernel images/4096x40   1 394580
21.7  4.8 ./cli kernel images/4096x40   1 394540
21.7  4.8 ./cli kernel images/4096x40   0 394592
21.8  4.8 ./cli kernel images/4096x40   1 394540
  PID User     Command                         Swap      USS      PSS      RSS 
37591 codespace /usr/bin/python3 /usr/bin/s        0    12064    12310    14548 
32327 codespace ./cli kernel images/4096x40        0   393324   393370   394580 
32325 codespace ./cli kernel images/4096x40        0   393320   393372   394540 
32329 codespace ./cli kernel images/4096x40        0   393320   393372   394584 
32331 codespace ./cli kernel images/4096x40        0   393320   393372   394592 
32323 codespace ./cli kernel images/4096x40        0   393324   393375   394540 
%CPU %MEM ARGS Mon Oct  5 01:27:51 UTC 2026
 0.0  0.0 grep --color=auto ./cli       1  2164
21.3  4.8 ./cli kernel images/4096x40   1 394584
21.6  4.8 ./cli kernel images/4096x40   1 394580
21.7  4.8 ./cli kernel images/4096x40   0 394540
21.7  4.8 ./cli kernel images/4096x40   1 394592
21.7  4.8 ./cli kernel images/4096x40   1 394540
  PID User     Command                         Swap      USS      PSS      RSS 
37603 codespace /usr/bin/python3 /usr/bin/s        0    12064    12303    14480 
32329 codespace ./cli kernel images/4096x40        0   393320   393372   394584 
32325 codespace ./cli kernel images/4096x40        0   393320   393373   394540 
32327 codespace ./cli kernel images/4096x40        0   393324   393373   394580 
32331 codespace ./cli kernel images/4096x40        0   393320   393373   394592 
32323 codespace ./cli kernel images/4096x40        0   393324   393375   394540 
%CPU %MEM ARGS Mon Oct  5 01:27:52 UTC 2026
 0.0  0.0 grep --color=auto ./cli       1  2180
21.3  4.8 ./cli kernel images/4096x40   1 394584
21.6  4.8 ./cli kernel images/4096x40   1 394580
21.7  4.8 ./cli kernel images/4096x40   0 394540
21.7  4.8 ./cli kernel images/4096x40   1 394540
21.7  4.8 ./cli kernel images/4096x40   1 394592
  PID User     Command                         Swap      USS      PSS      RSS 
37626 codespace /usr/bin/python3 /usr/bin/s        0    12068    12330    14576 
32325 codespace ./cli kernel images/4096x40        0   393320   393370   394540 
32329 codespace ./cli kernel images/4096x40        0   393320   393370   394584 
32327 codespace ./cli kernel images/4096x40        0   393324   393373   394580 
32331 codespace ./cli kernel images/4096x40        0   393320   393373   394592 
32323 codespace ./cli kernel images/4096x40        0   393324   393375   394540 
%CPU %MEM ARGS Mon Oct  5 01:27:53 UTC 2026
 0.0  0.0 grep --color=auto ./cli       0  2160
21.3  4.8 ./cli kernel images/4096x40   1 394584
21.6  4.8 ./cli kernel images/4096x40   0 394580
21.7  4.8 ./cli kernel images/4096x40   0 394540
21.7  4.8 ./cli kernel images/4096x40   0 394592
21.7  4.8 ./cli kernel images/4096x40   0 394540
  PID User     Command                         Swap      USS      PSS      RSS 
37638 codespace /usr/bin/python3 /usr/bin/s        0    12064    12306    14520 
32329 codespace ./cli kernel images/4096x40        0   393320   393372   394584 
32325 codespace ./cli kernel images/4096x40        0   393320   393373   394540 
32331 codespace ./cli kernel images/4096x40        0   393320   393373   394592 
32323 codespace ./cli kernel images/4096x40        0   393324   393375   394540 
32327 codespace ./cli kernel images/4096x40        0   393324   393376   394580 
%CPU %MEM ARGS Mon Oct  5 01:27:54 UTC 2026
 0.0  0.0 grep --color=auto ./cli       0  2204
21.3  4.8 ./cli kernel images/4096x40   0 394584
21.6  4.8 ./cli kernel images/4096x40   0 394580
21.7  4.8 ./cli kernel images/4096x40   1 394540
21.7  4.8 ./cli kernel images/4096x40   0 394592
21.7  4.8 ./cli kernel images/4096x40   0 394540
  PID User     Command                         Swap      USS      PSS      RSS 
37647 codespace /usr/bin/python3 /usr/bin/s        0    12064    12311    14544 
32329 codespace ./cli kernel images/4096x40        0   393320   393372   394584 
32325 codespace ./cli kernel images/4096x40        0   393320   393373   394540 
32331 codespace ./cli kernel images/4096x40        0   393320   393373   394592 
32323 codespace ./cli kernel images/4096x40        0   393324   393375   394540 
32327 codespace ./cli kernel images/4096x40        0   393324   393376   394580 
%CPU %MEM ARGS Mon Oct  5 01:27:55 UTC 2026
 0.0  0.0 grep --color=auto ./cli       0  2208
21.3  4.8 ./cli kernel images/4096x40   0 394584
21.6  4.8 ./cli kernel images/4096x40   0 394580
21.7  4.8 ./cli kernel images/4096x40   0 394540
21.7  4.8 ./cli kernel images/4096x40   0 394592
21.7  4.8 ./cli kernel images/4096x40   1 394540
  PID User     Command                         Swap      USS      PSS      RSS 
37656 codespace /usr/bin/python3 /usr/bin/s        0    12064    12311    14544 
32329 codespace ./cli kernel images/4096x40        0   393320   393372   394584 
32325 codespace ./cli kernel images/4096x40        0   393320   393373   394540 
32331 codespace ./cli kernel images/4096x40        0   393320   393373   394592 
32323 codespace ./cli kernel images/4096x40        0   393324   393375   394540 
32327 codespace ./cli kernel images/4096x40        0   393324   393376   394580 
%CPU %MEM ARGS Mon Oct  5 01:27:56 UTC 2026
 0.0  0.0 grep --color=auto ./cli       0  2176
21.3  4.8 ./cli kernel images/4096x40   0 394584
21.6  4.8 ./cli kernel images/4096x40   1 394580
21.7  4.8 ./cli kernel images/4096x40   0 394592
21.7  4.8 ./cli kernel images/4096x40   0 394540
21.7  4.8 ./cli kernel images/4096x40   0 394540
  PID User     Command                         Swap      USS      PSS      RSS 
37662 codespace /usr/bin/python3 /usr/bin/s        0    12064    12307    14480 
32329 codespace ./cli kernel images/4096x40        0   393320   393372   394584 
32325 codespace ./cli kernel images/4096x40        0   393320   393373   394540 
32331 codespace ./cli kernel images/4096x40        0   393320   393373   394592 
32323 codespace ./cli kernel images/4096x40        0   393324   393375   394540 
32327 codespace ./cli kernel images/4096x40        0   393324   393376   394580 
%CPU %MEM ARGS Mon Oct  5 01:27:57 UTC 2026
 0.0  0.0 grep --color=auto ./cli       1  2168
21.3  4.8 ./cli kernel images/4096x40   0 394584
21.6  4.8 ./cli kernel images/4096x40   0 394580
21.7  4.8 ./cli kernel images/4096x40   1 394540
21.7  4.8 ./cli kernel images/4096x40   0 394540
21.7  4.8 ./cli kernel images/4096x40   0 394592
  PID User     Command                         Swap      USS      PSS      RSS 
37668 codespace /usr/bin/python3 /usr/bin/s        0    12060    12300    14476 
32323 codespace ./cli kernel images/4096x40        0   393324   393369   394540 
32329 codespace ./cli kernel images/4096x40        0   393320   393372   394584 
32325 codespace ./cli kernel images/4096x40        0   393320   393373   394540 
32331 codespace ./cli kernel images/4096x40        0   393320   393373   394592 
32327 codespace ./cli kernel images/4096x40        0   393324   393376   394580 
%CPU %MEM ARGS Mon Oct  5 01:27:58 UTC 2026
 0.0  0.0 grep --color=auto ./cli       0  2292
21.2  4.8 ./cli kernel images/4096x40   0 394584
21.5  4.8 ./cli kernel images/4096x40   0 394580
21.7  4.8 ./cli kernel images/4096x40   0 394540
21.7  4.8 ./cli kernel images/4096x40   0 394592
21.7  4.8 ./cli kernel images/4096x40   1 394540
  PID User     Command                         Swap      USS      PSS      RSS 
37686 codespace /usr/bin/python3 /usr/bin/s        0    12064    12306    14480 
32329 codespace ./cli kernel images/4096x40        0   393320   393372   394584 
32325 codespace ./cli kernel images/4096x40        0   393320   393373   394540 
32331 codespace ./cli kernel images/4096x40        0   393320   393373   394592 
32323 codespace ./cli kernel images/4096x40        0   393324   393375   394540 
32327 codespace ./cli kernel images/4096x40        0   393324   393376   394580 
%CPU %MEM ARGS Mon Oct  5 01:27:59 UTC 2026
 0.0  0.0 grep --color=auto ./cli       0  2184
21.2  4.8 ./cli kernel images/4096x40   0 394584
21.5  4.8 ./cli kernel images/4096x40   0 394580
21.7  4.8 ./cli kernel images/4096x40   0 394540
21.7  4.8 ./cli kernel images/4096x40   0 394540
21.7  4.8 ./cli kernel images/4096x40   1 394592
  PID User     Command                         Swap      USS      PSS      RSS 
37692 codespace /usr/bin/python3 /usr/bin/s        0    12072    12331    14620 
32325 codespace ./cli kernel images/4096x40        0   393320   393372   394540 
32329 codespace ./cli kernel images/4096x40        0   393320   393372   394584 
32331 codespace ./cli kernel images/4096x40        0   393320   393373   394592 
32323 codespace ./cli kernel images/4096x40        0   393324   393375   394540 
32327 codespace ./cli kernel images/4096x40        0   393324   393376   394580 
%CPU %MEM ARGS Mon Oct  5 01:28:00 UTC 2026
 0.0  0.0 grep --color=auto ./cli       1  2344
21.2  4.8 ./cli kernel images/4096x40   0 394584
21.5  4.8 ./cli kernel images/4096x40   0 394580
21.7  4.8 ./cli kernel images/4096x40   0 394540
21.7  4.8 ./cli kernel images/4096x40   0 394540
21.7  4.8 ./cli kernel images/4096x40   1 394592
  PID User     Command                         Swap      USS      PSS      RSS 
37698 codespace /usr/bin/python3 /usr/bin/s        0    12072    12318    14588 
32325 codespace ./cli kernel images/4096x40        0   393320   393372   394540 
32329 codespace ./cli kernel images/4096x40        0   393320   393372   394584 
32331 codespace ./cli kernel images/4096x40        0   393320   393373   394592 
32323 codespace ./cli kernel images/4096x40        0   393324   393375   394540 
32327 codespace ./cli kernel images/4096x40        0   393324   393376   394580 
%CPU %MEM ARGS Mon Oct  5 01:28:02 UTC 2026
 0.0  0.0 grep --color=auto ./cli       1  2160
21.2  4.8 ./cli kernel images/4096x40   0 394584
21.5  4.8 ./cli kernel images/4096x40   1 394580
21.6  4.8 ./cli kernel images/4096x40   1 394540
21.7  4.8 ./cli kernel images/4096x40   0 394540
21.7  4.8 ./cli kernel images/4096x40   0 394592
  PID User     Command                         Swap      USS      PSS      RSS 
37710 codespace /usr/bin/python3 /usr/bin/s        0    12064    12304    14480 
32329 codespace ./cli kernel images/4096x40        0   393320   393372   394584 
32323 codespace ./cli kernel images/4096x40        0   393324   393373   394540 
32325 codespace ./cli kernel images/4096x40        0   393320   393373   394540 
32331 codespace ./cli kernel images/4096x40        0   393320   393373   394592 
32327 codespace ./cli kernel images/4096x40        0   393324   393376   394580 
%CPU %MEM ARGS Mon Oct  5 01:28:03 UTC 2026
 0.0  0.0 grep --color=auto ./cli       0  2340
21.2  4.8 ./cli kernel images/4096x40   0 394584
21.5  4.8 ./cli kernel images/4096x40   1 394580
21.6  4.8 ./cli kernel images/4096x40   0 394540
21.7  4.8 ./cli kernel images/4096x40   0 394540
21.7  4.8 ./cli kernel images/4096x40   0 394592
  PID User     Command                         Swap      USS      PSS      RSS 
37734 codespace /usr/bin/python3 /usr/bin/s        0    12068    12321    14584 
32329 codespace ./cli kernel images/4096x40        0   393320   393372   394584 
32325 codespace ./cli kernel images/4096x40        0   393320   393373   394540 
32331 codespace ./cli kernel images/4096x40        0   393320   393373   394592 
32323 codespace ./cli kernel images/4096x40        0   393324   393375   394540 
32327 codespace ./cli kernel images/4096x40        0   393324   393376   394580 
%CPU %MEM ARGS Mon Oct  5 01:28:04 UTC 2026
 0.0  0.0 grep --color=auto ./cli       0  2212
21.2  4.8 ./cli kernel images/4096x40   0 394584
21.5  4.8 ./cli kernel images/4096x40   0 394580
21.6  4.8 ./cli kernel images/4096x40   0 394540
21.7  4.8 ./cli kernel images/4096x40   0 394540
21.7  4.8 ./cli kernel images/4096x40   0 394592
  PID User     Command                         Swap      USS      PSS      RSS 
37747 codespace /usr/bin/python3 /usr/bin/s        0    12064    12314    14548 
32329 codespace ./cli kernel images/4096x40        0   393320   393372   394584 
32325 codespace ./cli kernel images/4096x40        0   393320   393373   394540 
32331 codespace ./cli kernel images/4096x40        0   393320   393373   394592 
32323 codespace ./cli kernel images/4096x40        0   393324   393375   394540 
32327 codespace ./cli kernel images/4096x40        0   393324   393376   394580 
%CPU %MEM ARGS Mon Oct  5 01:28:05 UTC 2026
 0.0  0.0 grep --color=auto ./cli       1  2208
21.2  4.8 ./cli kernel images/4096x40   1 394584
21.5  4.8 ./cli kernel images/4096x40   0 394580
21.6  4.8 ./cli kernel images/4096x40   0 394540
21.7  4.8 ./cli kernel images/4096x40   0 394540
21.7  4.8 ./cli kernel images/4096x40   0 394592
  PID User     Command                         Swap      USS      PSS      RSS 
37755 codespace /usr/bin/python3 /usr/bin/s        0    12080    12336    14588 
32329 codespace ./cli kernel images/4096x40        0   393320   393372   394584 
32325 codespace ./cli kernel images/4096x40        0   393320   393373   394540 
32331 codespace ./cli kernel images/4096x40        0   393320   393373   394592 
32323 codespace ./cli kernel images/4096x40        0   393324   393375   394540 
32327 codespace ./cli kernel images/4096x40        0   393324   393376   394580 
%CPU %MEM ARGS Mon Oct  5 01:28:06 UTC 2026
 0.0  0.0 grep --color=auto ./cli       1  2220
21.2  4.8 ./cli kernel images/4096x40   0 394584
21.5  4.8 ./cli kernel images/4096x40   0 394580
21.6  4.8 ./cli kernel images/4096x40   0 394540
21.7  4.8 ./cli kernel images/4096x40   0 394540
21.7  4.8 ./cli kernel images/4096x40   0 394592
  PID User     Command                         Swap      USS      PSS      RSS 
37764 codespace /usr/bin/python3 /usr/bin/s        0    12064    12311    14516 
32325 codespace ./cli kernel images/4096x40        0   393320   393372   394540 
32329 codespace ./cli kernel images/4096x40        0   393320   393372   394584 
32331 codespace ./cli kernel images/4096x40        0   393320   393373   394592 
32323 codespace ./cli kernel images/4096x40        0   393324   393375   394540 
32327 codespace ./cli kernel images/4096x40        0   393324   393376   394580 
%CPU %MEM ARGS Mon Oct  5 01:28:06 UTC 2026
 0.0  0.0 grep --color=auto ./cli       1  2200
21.2  4.8 ./cli kernel images/4096x40   0 394584
21.5  4.8 ./cli kernel images/4096x40   1 394580
21.6  4.8 ./cli kernel images/4096x40   0 394540
21.7  4.8 ./cli kernel images/4096x40   0 394540
21.7  4.8 ./cli kernel images/4096x40   1 394592
  PID User     Command                         Swap      USS      PSS      RSS 
37770 codespace /usr/bin/python3 /usr/bin/s        0    12056    12296    14472 
32329 codespace ./cli kernel images/4096x40        0   393320   393372   394584 
32325 codespace ./cli kernel images/4096x40        0   393320   393373   394540 
32331 codespace ./cli kernel images/4096x40        0   393320   393373   394592 
32323 codespace ./cli kernel images/4096x40        0   393324   393375   394540 
32327 codespace ./cli kernel images/4096x40        0   393324   393376   394580 
%CPU %MEM ARGS Mon Oct  5 01:28:08 UTC 2026
 0.0  0.0 grep --color=auto ./cli       0  2164
21.2  4.8 ./cli kernel images/4096x40   0 394584
21.5  4.8 ./cli kernel images/4096x40   0 394580
21.6  4.8 ./cli kernel images/4096x40   0 394540
21.7  4.8 ./cli kernel images/4096x40   0 394540
21.7  4.8 ./cli kernel images/4096x40   1 394592
  PID User     Command                         Swap      USS      PSS      RSS 
37776 codespace /usr/bin/python3 /usr/bin/s        0    12064    12306    14480 
32329 codespace ./cli kernel images/4096x40        0   393320   393372   394584 
32325 codespace ./cli kernel images/4096x40        0   393320   393373   394540 
32331 codespace ./cli kernel images/4096x40        0   393320   393373   394592 
32323 codespace ./cli kernel images/4096x40        0   393324   393375   394540 
32327 codespace ./cli kernel images/4096x40        0   393324   393376   394580 
%CPU %MEM ARGS Mon Oct  5 01:28:08 UTC 2026
 0.0  0.0 grep --color=auto ./cli       1  2204
21.2  4.8 ./cli kernel images/4096x40   0 394584
21.5  4.8 ./cli kernel images/4096x40   0 394580
21.6  4.8 ./cli kernel images/4096x40   0 394540
21.6  4.8 ./cli kernel images/4096x40   0 394540
21.7  4.8 ./cli kernel images/4096x40   0 394592
  PID User     Command                         Swap      USS      PSS      RSS 
37782 codespace /usr/bin/python3 /usr/bin/s        0    12084    12325    14500 
32325 codespace ./cli kernel images/4096x40        0   393320   393367   394540 
32323 codespace ./cli kernel images/4096x40        0   393324   393372   394540 
32329 codespace ./cli kernel images/4096x40        0   393320   393372   394584 
32331 codespace ./cli kernel images/4096x40        0   393320   393373   394592 
32327 codespace ./cli kernel images/4096x40        0   393324   393376   394580 
%CPU %MEM ARGS Mon Oct  5 01:28:09 UTC 2026
 0.0  0.0 grep --color=auto ./cli       0  2252
21.1  4.8 ./cli kernel images/4096x40   0 394584
21.5  4.8 ./cli kernel images/4096x40   0 394580
21.6  4.8 ./cli kernel images/4096x40   0 394540
21.6  4.8 ./cli kernel images/4096x40   0 394540
21.7  4.8 ./cli kernel images/4096x40   0 394592
  PID User     Command                         Swap      USS      PSS      RSS 
37793 codespace /usr/bin/python3 /usr/bin/s        0    12064    12295    14460 
32329 codespace ./cli kernel images/4096x40        0   393320   393370   394584 
32325 codespace ./cli kernel images/4096x40        0   393320   393371   394540 
32327 codespace ./cli kernel images/4096x40        0   393324   393373   394580 
32331 codespace ./cli kernel images/4096x40        0   393320   393373   394592 
32323 codespace ./cli kernel images/4096x40        0   393324   393375   394540 
%CPU %MEM ARGS Mon Oct  5 01:28:10 UTC 2026
 0.0  0.0 grep --color=auto ./cli       1  2192
21.1  4.8 ./cli kernel images/4096x40   1 394584
21.5  4.8 ./cli kernel images/4096x40   0 394580
21.5  4.8 ./cli kernel images/4096x40   0 394540
21.6  4.8 ./cli kernel images/4096x40   0 394540
21.7  4.8 ./cli kernel images/4096x40   0 394592
  PID User     Command                         Swap      USS      PSS      RSS 
37805 codespace /usr/bin/python3 /usr/bin/s        0    12064    12304    14480 
32329 codespace ./cli kernel images/4096x40        0   393320   393372   394584 
32325 codespace ./cli kernel images/4096x40        0   393320   393373   394540 
32327 codespace ./cli kernel images/4096x40        0   393324   393373   394580 
32331 codespace ./cli kernel images/4096x40        0   393320   393373   394592 
32323 codespace ./cli kernel images/4096x40        0   393324   393375   394540 
%CPU %MEM ARGS Mon Oct  5 01:28:11 UTC 2026
 0.0  0.0 grep --color=auto ./cli       1  2192
21.1  4.8 ./cli kernel images/4096x40   1 394584
21.5  4.8 ./cli kernel images/4096x40   1 394580
21.5  4.8 ./cli kernel images/4096x40   0 394540
21.6  4.8 ./cli kernel images/4096x40   1 394540
21.7  4.8 ./cli kernel images/4096x40   1 394592
  PID User     Command                         Swap      USS      PSS      RSS 
37815 codespace /usr/bin/python3 /usr/bin/s        0    12076    12325    14576 
32329 codespace ./cli kernel images/4096x40        0   393320   393372   394584 
32325 codespace ./cli kernel images/4096x40        0   393320   393373   394540 
32331 codespace ./cli kernel images/4096x40        0   393320   393373   394592 
32323 codespace ./cli kernel images/4096x40        0   393324   393375   394540 
32327 codespace ./cli kernel images/4096x40        0   393324   393376   394580 
%CPU %MEM ARGS Mon Oct  5 01:28:12 UTC 2026
 0.0  0.0 grep --color=auto ./cli       0  2172
21.1  4.8 ./cli kernel images/4096x40   0 394584
21.5  4.8 ./cli kernel images/4096x40   0 394580
21.5  4.8 ./cli kernel images/4096x40   1 394540
21.6  4.8 ./cli kernel images/4096x40   1 394540
21.7  4.8 ./cli kernel images/4096x40   1 394592
  PID User     Command                         Swap      USS      PSS      RSS 
37821 codespace /usr/bin/python3 /usr/bin/s        0    12064    12300    14516 
32329 codespace ./cli kernel images/4096x40        0   393320   393372   394584 
32325 codespace ./cli kernel images/4096x40        0   393320   393373   394540 
32331 codespace ./cli kernel images/4096x40        0   393320   393373   394592 
32323 codespace ./cli kernel images/4096x40        0   393324   393375   394540 
32327 codespace ./cli kernel images/4096x40        0   393324   393376   394580 
%CPU %MEM ARGS Mon Oct  5 01:28:13 UTC 2026
 0.0  0.0 grep --color=auto ./cli       0  2192
21.1  4.8 ./cli kernel images/4096x40   0 394584
21.5  4.8 ./cli kernel images/4096x40   0 394580
21.5  4.8 ./cli kernel images/4096x40   1 394540
21.6  4.8 ./cli kernel images/4096x40   0 394540
21.7  4.8 ./cli kernel images/4096x40   0 394592
  PID User     Command                         Swap      USS      PSS      RSS 
37850 codespace /usr/bin/python3 /usr/bin/s        0    12064    12310    14516 
32325 codespace ./cli kernel images/4096x40        0   393320   393372   394540 
32329 codespace ./cli kernel images/4096x40        0   393320   393372   394584 
32331 codespace ./cli kernel images/4096x40        0   393320   393373   394592 
32323 codespace ./cli kernel images/4096x40        0   393324   393375   394540 
32327 codespace ./cli kernel images/4096x40        0   393324   393376   394580 
%CPU %MEM ARGS Mon Oct  5 01:28:14 UTC 2026
 0.0  0.0 grep --color=auto ./cli       1  2212
21.1  4.8 ./cli kernel images/4096x40   0 394584
21.5  4.8 ./cli kernel images/4096x40   0 394580
21.5  4.8 ./cli kernel images/4096x40   0 394540
21.6  4.8 ./cli kernel images/4096x40   0 394540
21.7  4.8 ./cli kernel images/4096x40   0 394592
  PID User     Command                         Swap      USS      PSS      RSS 
37856 codespace /usr/bin/python3 /usr/bin/s        0    12072    12325    14588 
32329 codespace ./cli kernel images/4096x40        0   393320   393372   394584 
32325 codespace ./cli kernel images/4096x40        0   393320   393373   394540 
32331 codespace ./cli kernel images/4096x40        0   393320   393373   394592 
32323 codespace ./cli kernel images/4096x40        0   393324   393375   394540 
32327 codespace ./cli kernel images/4096x40        0   393324   393376   394580 
%CPU %MEM ARGS Mon Oct  5 01:28:15 UTC 2026
 0.0  0.0 grep --color=auto ./cli       1  2152
21.1  4.8 ./cli kernel images/4096x40   0 394584
21.5  4.8 ./cli kernel images/4096x40   1 394580
21.5  4.8 ./cli kernel images/4096x40   0 394540
21.6  4.8 ./cli kernel images/4096x40   0 394540
21.7  4.8 ./cli kernel images/4096x40   1 394592
  PID User     Command                         Swap      USS      PSS      RSS 
37862 codespace /usr/bin/python3 /usr/bin/s        0    12056    12289    14468 
32325 codespace ./cli kernel images/4096x40        0   393320   393371   394540 
32329 codespace ./cli kernel images/4096x40        0   393320   393371   394584 
32323 codespace ./cli kernel images/4096x40        0   393324   393373   394540 
32331 codespace ./cli kernel images/4096x40        0   393320   393373   394592 
32327 codespace ./cli kernel images/4096x40        0   393324   393376   394580 
%CPU %MEM ARGS Mon Oct  5 01:28:16 UTC 2026
 0.0  0.0 grep --color=auto ./cli       1  2196
21.1  4.8 ./cli kernel images/4096x40   0 394584
21.4  4.8 ./cli kernel images/4096x40   1 394580
21.5  4.8 ./cli kernel images/4096x40   0 394540
21.6  4.8 ./cli kernel images/4096x40   0 394540
21.7  4.8 ./cli kernel images/4096x40   0 394592
  PID User     Command                         Swap      USS      PSS      RSS 
37880 codespace /usr/bin/python3 /usr/bin/s        0    12056    12302    14524 
32329 codespace ./cli kernel images/4096x40        0   393320   393372   394584 
32325 codespace ./cli kernel images/4096x40        0   393320   393373   394540 
32331 codespace ./cli kernel images/4096x40        0   393320   393373   394592 
32323 codespace ./cli kernel images/4096x40        0   393324   393375   394540 
32327 codespace ./cli kernel images/4096x40        0   393324   393376   394580 
%CPU %MEM ARGS Mon Oct  5 01:28:17 UTC 2026
 0.0  0.0 grep --color=auto ./cli       0  2164
21.1  4.8 ./cli kernel images/4096x40   1 394584
21.4  4.8 ./cli kernel images/4096x40   0 394580
21.5  4.8 ./cli kernel images/4096x40   1 394540
21.6  4.8 ./cli kernel images/4096x40   1 394540
21.7  4.8 ./cli kernel images/4096x40   0 394592
  PID User     Command                         Swap      USS      PSS      RSS 
37886 codespace /usr/bin/python3 /usr/bin/s        0    12084    12343    14632 
32329 codespace ./cli kernel images/4096x40        0   393320   393372   394584 
32325 codespace ./cli kernel images/4096x40        0   393320   393373   394540 
32331 codespace ./cli kernel images/4096x40        0   393320   393373   394592 
32323 codespace ./cli kernel images/4096x40        0   393324   393375   394540 
32327 codespace ./cli kernel images/4096x40        0   393324   393376   394580 
%CPU %MEM ARGS Mon Oct  5 01:28:18 UTC 2026
 0.0  0.0 grep --color=auto ./cli       1  2344
21.1  4.8 ./cli kernel images/4096x40   1 394584
21.4  4.8 ./cli kernel images/4096x40   1 394580
21.5  4.8 ./cli kernel images/4096x40   1 394540
21.6  4.8 ./cli kernel images/4096x40   0 394540
21.6  4.8 ./cli kernel images/4096x40   1 394592
  PID User     Command                         Swap      USS      PSS      RSS 
37892 codespace /usr/bin/python3 /usr/bin/s        0    12068    12306    14520 
32329 codespace ./cli kernel images/4096x40        0   393320   393372   394584 
32325 codespace ./cli kernel images/4096x40        0   393320   393373   394540 
32331 codespace ./cli kernel images/4096x40        0   393320   393373   394592 
32323 codespace ./cli kernel images/4096x40        0   393324   393375   394540 
32327 codespace ./cli kernel images/4096x40        0   393324   393376   394580 
%CPU %MEM ARGS Mon Oct  5 01:28:19 UTC 2026
 0.0  0.0 grep --color=auto ./cli       1  2248
21.1  4.8 ./cli kernel images/4096x40   1 394584
21.4  4.8 ./cli kernel images/4096x40   1 394580
21.5  4.8 ./cli kernel images/4096x40   1 394540
21.6  4.8 ./cli kernel images/4096x40   1 394540
21.7  4.8 ./cli kernel images/4096x40   1 394592
  PID User     Command                         Swap      USS      PSS      RSS 
37898 codespace /usr/bin/python3 /usr/bin/s        0    12072    12323    14548 
32323 codespace ./cli kernel images/4096x40        0   393324   393369   394540 
32329 codespace ./cli kernel images/4096x40        0   393320   393372   394584 
32325 codespace ./cli kernel images/4096x40        0   393320   393373   394540 
32331 codespace ./cli kernel images/4096x40        0   393320   393373   394592 
32327 codespace ./cli kernel images/4096x40        0   393324   393376   394580 
%CPU %MEM ARGS Mon Oct  5 01:28:20 UTC 2026
 0.0  0.0 grep --color=auto ./cli       1  2340
21.1  4.8 ./cli kernel images/4096x40   1 394584
21.4  4.8 ./cli kernel images/4096x40   1 394580
21.5  4.8 ./cli kernel images/4096x40   1 394540
21.6  4.8 ./cli kernel images/4096x40   1 394540
21.7  4.8 ./cli kernel images/4096x40   0 394592
  PID User     Command                         Swap      USS      PSS      RSS 
37910 codespace /usr/bin/python3 /usr/bin/s        0    12064    12305    14480 
32325 codespace ./cli kernel images/4096x40        0   393320   393372   394540 
32329 codespace ./cli kernel images/4096x40        0   393320   393372   394584 
32331 codespace ./cli kernel images/4096x40        0   393320   393373   394592 
32323 codespace ./cli kernel images/4096x40        0   393324   393375   394540 
32327 codespace ./cli kernel images/4096x40        0   393324   393376   394580 
%CPU %MEM ARGS Mon Oct  5 01:28:21 UTC 2026
 0.0  0.0 grep --color=auto ./cli       0  2248
21.1  4.8 ./cli kernel images/4096x40   1 394584
21.4  4.8 ./cli kernel images/4096x40   0 394580
21.5  4.8 ./cli kernel images/4096x40   0 394540
21.5  4.8 ./cli kernel images/4096x40   0 394540
21.7  4.8 ./cli kernel images/4096x40   1 394592
  PID User     Command                         Swap      USS      PSS      RSS 
37922 codespace /usr/bin/python3 /usr/bin/s        0    12064    12303    14480 
32329 codespace ./cli kernel images/4096x40        0   393320   393372   394584 
32325 codespace ./cli kernel images/4096x40        0   393320   393373   394540 
32331 codespace ./cli kernel images/4096x40        0   393320   393373   394592 
32323 codespace ./cli kernel images/4096x40        0   393324   393375   394540 
32327 codespace ./cli kernel images/4096x40        0   393324   393375   394580 
%CPU %MEM ARGS Mon Oct  5 01:28:22 UTC 2026
 0.0  0.0 grep --color=auto ./cli       1  2160
21.1  4.8 ./cli kernel images/4096x40   0 394584
21.4  4.8 ./cli kernel images/4096x40   0 394580
21.5  4.8 ./cli kernel images/4096x40   0 394540
21.5  4.8 ./cli kernel images/4096x40   0 394540
21.7  4.8 ./cli kernel images/4096x40   0 394592
  PID User     Command                         Swap      USS      PSS      RSS 
37928 codespace /usr/bin/python3 /usr/bin/s        0    12068    12318    14544 
32329 codespace ./cli kernel images/4096x40        0   393320   393372   394584 
32325 codespace ./cli kernel images/4096x40        0   393320   393373   394540 
32331 codespace ./cli kernel images/4096x40        0   393320   393373   394592 
32323 codespace ./cli kernel images/4096x40        0   393324   393375   394540 
32327 codespace ./cli kernel images/4096x40        0   393324   393376   394580 
%CPU %MEM ARGS Mon Oct  5 01:28:23 UTC 2026
 0.0  0.0 grep --color=auto ./cli       1  2176
21.1  4.8 ./cli kernel images/4096x40   1 394584
21.4  4.8 ./cli kernel images/4096x40   1 394580
21.5  4.8 ./cli kernel images/4096x40   0 394540
21.5  4.8 ./cli kernel images/4096x40   1 394540
21.7  4.8 ./cli kernel images/4096x40   1 394592
  PID User     Command                         Swap      USS      PSS      RSS 
37934 codespace /usr/bin/python3 /usr/bin/s        0    12056    12291    14476 
32325 codespace ./cli kernel images/4096x40        0   393320   393366   394540 
32329 codespace ./cli kernel images/4096x40        0   393320   393372   394584 
32331 codespace ./cli kernel images/4096x40        0   393320   393373   394592 
32323 codespace ./cli kernel images/4096x40        0   393324   393374   394540 
32327 codespace ./cli kernel images/4096x40        0   393324   393376   394580 
%CPU %MEM ARGS Mon Oct  5 01:28:24 UTC 2026
 0.0  0.0 grep --color=auto ./cli       0  2248
21.1  4.8 ./cli kernel images/4096x40   1 394584
21.4  4.8 ./cli kernel images/4096x40   0 394580
21.5  4.8 ./cli kernel images/4096x40   0 394540
21.5  4.8 ./cli kernel images/4096x40   0 394540
21.6  4.8 ./cli kernel images/4096x40   0 394592
  PID User     Command                         Swap      USS      PSS      RSS 
37963 codespace /usr/bin/python3 /usr/bin/s        0    12072    12328    14580 
32329 codespace ./cli kernel images/4096x40        0   393320   393372   394584 
32325 codespace ./cli kernel images/4096x40        0   393320   393373   394540 
32331 codespace ./cli kernel images/4096x40        0   393320   393373   394592 
32323 codespace ./cli kernel images/4096x40        0   393324   393375   394540 
32327 codespace ./cli kernel images/4096x40        0   393324   393376   394580 
%CPU %MEM ARGS Mon Oct  5 01:28:25 UTC 2026
 0.0  0.0 grep --color=auto ./cli       0  2184
21.1  4.8 ./cli kernel images/4096x40   0 394584
21.4  4.8 ./cli kernel images/4096x40   0 394580
21.5  4.8 ./cli kernel images/4096x40   1 394540
21.5  4.8 ./cli kernel images/4096x40   1 394540
21.6  4.8 ./cli kernel images/4096x40   0 394592
  PID User     Command                         Swap      USS      PSS      RSS 
37969 codespace /usr/bin/python3 /usr/bin/s        0    12068    12317    14516 
32325 codespace ./cli kernel images/4096x40        0   393320   393372   394540 
32329 codespace ./cli kernel images/4096x40        0   393320   393372   394584 
32331 codespace ./cli kernel images/4096x40        0   393320   393373   394592 
32323 codespace ./cli kernel images/4096x40        0   393324   393375   394540 
32327 codespace ./cli kernel images/4096x40        0   393324   393376   394580 
%CPU %MEM ARGS Mon Oct  5 01:28:26 UTC 2026
 0.0  0.0 grep --color=auto ./cli       0  2200
21.1  4.8 ./cli kernel images/4096x40   0 394584
21.3  4.8 ./cli kernel images/4096x40   0 394580
21.5  4.8 ./cli kernel images/4096x40   0 394540
21.5  4.8 ./cli kernel images/4096x40   1 394540
21.6  4.8 ./cli kernel images/4096x40   0 394592
  PID User     Command                         Swap      USS      PSS      RSS 
37975 codespace /usr/bin/python3 /usr/bin/s        0    12072    12329    14572 
32325 codespace ./cli kernel images/4096x40        0   393320   393369   394540 
32323 codespace ./cli kernel images/4096x40        0   393324   393372   394540 
32329 codespace ./cli kernel images/4096x40        0   393320   393372   394584 
32331 codespace ./cli kernel images/4096x40        0   393320   393372   394592 
32327 codespace ./cli kernel images/4096x40        0   393324   393375   394580 
%CPU %MEM ARGS Mon Oct  5 01:28:27 UTC 2026
 0.0  0.0 grep --color=auto ./cli       0  2160
21.1  4.8 ./cli kernel images/4096x40   1 394584
21.3  4.8 ./cli kernel images/4096x40   0 394580
21.5  4.8 ./cli kernel images/4096x40   0 394540
21.5  4.8 ./cli kernel images/4096x40   0 394540
21.6  4.8 ./cli kernel images/4096x40   1 394592
  PID User     Command                         Swap      USS      PSS      RSS 
37993 codespace /usr/bin/python3 /usr/bin/s        0    12064    12303    14520 
32329 codespace ./cli kernel images/4096x40        0   393320   393372   394584 
32325 codespace ./cli kernel images/4096x40        0   393320   393373   394540 
32331 codespace ./cli kernel images/4096x40        0   393320   393373   394592 
32323 codespace ./cli kernel images/4096x40        0   393324   393375   394540 
32327 codespace ./cli kernel images/4096x40        0   393324   393376   394580 
%CPU %MEM ARGS Mon Oct  5 01:28:28 UTC 2026
 0.0  0.0 grep --color=auto ./cli       0  2164
21.1  4.8 ./cli kernel images/4096x40   0 394584
21.3  4.8 ./cli kernel images/4096x40   0 394580
21.5  4.8 ./cli kernel images/4096x40   0 394540
21.5  4.8 ./cli kernel images/4096x40   0 394540
21.6  4.8 ./cli kernel images/4096x40   1 394592
  PID User     Command                         Swap      USS      PSS      RSS 
38000 codespace /usr/bin/python3 /usr/bin/s        0    12060    12299    14516 
32329 codespace ./cli kernel images/4096x40        0   393320   393372   394584 
32325 codespace ./cli kernel images/4096x40        0   393320   393373   394540 
32331 codespace ./cli kernel images/4096x40        0   393320   393373   394592 
32323 codespace ./cli kernel images/4096x40        0   393324   393375   394540 
32327 codespace ./cli kernel images/4096x40        0   393324   393376   394580 
%CPU %MEM ARGS Mon Oct  5 01:28:29 UTC 2026
 0.0  0.0 grep --color=auto ./cli       0  2208
21.0  4.8 ./cli kernel images/4096x40   1 394584
21.3  4.8 ./cli kernel images/4096x40   1 394580
21.5  4.8 ./cli kernel images/4096x40   1 394540
21.5  4.8 ./cli kernel images/4096x40   0 394540
21.6  4.8 ./cli kernel images/4096x40   1 394592
  PID User     Command                         Swap      USS      PSS      RSS 
38006 codespace /usr/bin/python3 /usr/bin/s        0    12072    12325    14588 
32325 codespace ./cli kernel images/4096x40        0   393320   393372   394540 
32329 codespace ./cli kernel images/4096x40        0   393320   393372   394584 
32331 codespace ./cli kernel images/4096x40        0   393320   393373   394592 
32323 codespace ./cli kernel images/4096x40        0   393324   393375   394540 
32327 codespace ./cli kernel images/4096x40        0   393324   393376   394580 
%CPU %MEM ARGS Mon Oct  5 01:28:31 UTC 2026
 0.0  0.0 grep --color=auto ./cli       0  2160
21.0  4.8 ./cli kernel images/4096x40   1 394584
21.3  4.8 ./cli kernel images/4096x40   1 394580
21.5  4.8 ./cli kernel images/4096x40   1 394540
21.5  4.8 ./cli kernel images/4096x40   0 394540
21.6  4.8 ./cli kernel images/4096x40   1 394592
  PID User     Command                         Swap      USS      PSS      RSS 
38016 codespace /usr/bin/python3 /usr/bin/s        0    12060    12305    14540 
32329 codespace ./cli kernel images/4096x40        0   393320   393372   394584 
32323 codespace ./cli kernel images/4096x40        0   393324   393373   394540 
32325 codespace ./cli kernel images/4096x40        0   393320   393373   394540 
32331 codespace ./cli kernel images/4096x40        0   393320   393373   394592 
32327 codespace ./cli kernel images/4096x40        0   393324   393376   394580 
%CPU %MEM ARGS Mon Oct  5 01:28:32 UTC 2026
 0.0  0.0 grep --color=auto ./cli       1  2292
21.0  4.8 ./cli kernel images/4096x40   1 394584
21.3  4.8 ./cli kernel images/4096x40   1 394580
21.4  4.8 ./cli kernel images/4096x40   1 394540
21.5  4.8 ./cli kernel images/4096x40   1 394540
21.6  4.8 ./cli kernel images/4096x40   0 394592
  PID User     Command                         Swap      USS      PSS      RSS 
38028 codespace /usr/bin/python3 /usr/bin/s        0    12060    12275    14480 
32325 codespace ./cli kernel images/4096x40        0   393320   393370   394540 
32329 codespace ./cli kernel images/4096x40        0   393320   393370   394584 
32331 codespace ./cli kernel images/4096x40        0   393320   393370   394592 
32323 codespace ./cli kernel images/4096x40        0   393324   393372   394540 
32327 codespace ./cli kernel images/4096x40        0   393324   393373   394580 
%CPU %MEM ARGS Mon Oct  5 01:28:33 UTC 2026
 0.0  0.0 grep --color=auto ./cli       0  2156
21.0  4.8 ./cli kernel images/4096x40   0 394584
21.3  4.8 ./cli kernel images/4096x40   1 394580
21.4  4.8 ./cli kernel images/4096x40   1 394540
21.5  4.8 ./cli kernel images/4096x40   1 394540
21.6  4.8 ./cli kernel images/4096x40   0 394592
  PID User     Command                         Swap      USS      PSS      RSS 
38039 codespace /usr/bin/python3 /usr/bin/s        0    12056    12306    14524 
32325 codespace ./cli kernel images/4096x40        0   393320   393372   394540 
32329 codespace ./cli kernel images/4096x40        0   393320   393372   394584 
32331 codespace ./cli kernel images/4096x40        0   393320   393374   394592 
32323 codespace ./cli kernel images/4096x40        0   393324   393375   394540 
32327 codespace ./cli kernel images/4096x40        0   393324   393376   394580 
%CPU %MEM ARGS Mon Oct  5 01:28:34 UTC 2026
 0.0  0.0 grep --color=auto ./cli       1  2176
21.0  4.8 ./cli kernel images/4096x40   0 394584
21.3  4.8 ./cli kernel images/4096x40   0 394580
21.4  4.8 ./cli kernel images/4096x40   0 394540
21.5  4.8 ./cli kernel images/4096x40   1 394540
21.6  4.8 ./cli kernel images/4096x40   1 394592
  PID User     Command                         Swap      USS      PSS      RSS 
38057 codespace /usr/bin/python3 /usr/bin/s        0    12064    12309    14544 
32327 codespace ./cli kernel images/4096x40        0   393324   393370   394580 
32325 codespace ./cli kernel images/4096x40        0   393320   393372   394540 
32329 codespace ./cli kernel images/4096x40        0   393320   393372   394584 
32331 codespace ./cli kernel images/4096x40        0   393320   393373   394592 
32323 codespace ./cli kernel images/4096x40        0   393324   393375   394540 
%CPU %MEM ARGS Mon Oct  5 01:28:35 UTC 2026
 0.0  0.0 grep --color=auto ./cli       0  2180
21.0  4.8 ./cli kernel images/4096x40   1 394584
21.3  4.8 ./cli kernel images/4096x40   1 394580
21.4  4.8 ./cli kernel images/4096x40   0 394540
21.5  4.8 ./cli kernel images/4096x40   1 394540
21.6  4.8 ./cli kernel images/4096x40   1 394592
  PID User     Command                         Swap      USS      PSS      RSS 
38075 codespace /usr/bin/python3 /usr/bin/s        0    12076    12335    14624 
32325 codespace ./cli kernel images/4096x40        0   393320   393372   394540 
32329 codespace ./cli kernel images/4096x40        0   393320   393372   394584 
32331 codespace ./cli kernel images/4096x40        0   393320   393373   394592 
32323 codespace ./cli kernel images/4096x40        0   393324   393375   394540 
32327 codespace ./cli kernel images/4096x40        0   393324   393376   394580 
%CPU %MEM ARGS Mon Oct  5 01:28:36 UTC 2026
 0.0  0.0 grep --color=auto ./cli       1  2344
21.0  4.8 ./cli kernel images/4096x40   1 394584
21.3  4.8 ./cli kernel images/4096x40   1 394580
21.5  4.8 ./cli kernel images/4096x40   1 394540
21.5  4.8 ./cli kernel images/4096x40   1 394540
21.6  4.8 ./cli kernel images/4096x40   0 394592
  PID User     Command                         Swap      USS      PSS      RSS 
38081 codespace /usr/bin/python3 /usr/bin/s        0    12064    12312    14548 
32325 codespace ./cli kernel images/4096x40        0   393320   393372   394540 
32329 codespace ./cli kernel images/4096x40        0   393320   393372   394584 
32331 codespace ./cli kernel images/4096x40        0   393320   393373   394592 
32323 codespace ./cli kernel images/4096x40        0   393324   393375   394540 
32327 codespace ./cli kernel images/4096x40        0   393324   393376   394580 
%CPU %MEM ARGS Mon Oct  5 01:28:37 UTC 2026
 0.0  0.0 grep --color=auto ./cli       0  2128
21.0  4.8 ./cli kernel images/4096x40   0 394584
21.2  4.8 ./cli kernel images/4096x40   0 394580
21.4  4.8 ./cli kernel images/4096x40   0 394540
21.5  4.8 ./cli kernel images/4096x40   1 394540
21.6  4.8 ./cli kernel images/4096x40   0 394592
  PID User     Command                         Swap      USS      PSS      RSS 
38087 codespace /usr/bin/python3 /usr/bin/s        0    12060    12274    14480 
32331 codespace ./cli kernel images/4096x40        0   393320   393370   394592 
32329 codespace ./cli kernel images/4096x40        0   393320   393371   394584 
32325 codespace ./cli kernel images/4096x40        0   393320   393373   394540 
32323 codespace ./cli kernel images/4096x40        0   393324   393375   394540 
32327 codespace ./cli kernel images/4096x40        0   393324   393376   394580 
%CPU %MEM ARGS Mon Oct  5 01:28:38 UTC 2026
 0.0  0.0 grep --color=auto ./cli       0  2184
21.0  4.8 ./cli kernel images/4096x40   0 394584
21.2  4.8 ./cli kernel images/4096x40   0 394580
21.4  4.8 ./cli kernel images/4096x40   0 394540
21.5  4.8 ./cli kernel images/4096x40   1 394540
21.6  4.8 ./cli kernel images/4096x40   0 394592
  PID User     Command                         Swap      USS      PSS      RSS 
38105 codespace /usr/bin/python3 /usr/bin/s        0    12064    12305    14480 
32329 codespace ./cli kernel images/4096x40        0   393320   393372   394584 
32325 codespace ./cli kernel images/4096x40        0   393320   393373   394540 
32331 codespace ./cli kernel images/4096x40        0   393320   393373   394592 
32323 codespace ./cli kernel images/4096x40        0   393324   393375   394540 
32327 codespace ./cli kernel images/4096x40        0   393324   393376   394580 
%CPU %MEM ARGS Mon Oct  5 01:28:39 UTC 2026
 0.0  0.0 grep --color=auto ./cli       1  2344
21.0  4.8 ./cli kernel images/4096x40   1 394584
21.2  4.8 ./cli kernel images/4096x40   1 394580
21.4  4.8 ./cli kernel images/4096x40   1 394540
21.5  4.8 ./cli kernel images/4096x40   1 394540
21.6  4.8 ./cli kernel images/4096x40   0 394592
  PID User     Command                         Swap      USS      PSS      RSS 
38111 codespace /usr/bin/python3 /usr/bin/s        0    12064    12293    14460 
32329 codespace ./cli kernel images/4096x40        0   393320   393372   394584 
32325 codespace ./cli kernel images/4096x40        0   393320   393373   394540 
32331 codespace ./cli kernel images/4096x40        0   393320   393373   394592 
32323 codespace ./cli kernel images/4096x40        0   393324   393375   394540 
32327 codespace ./cli kernel images/4096x40        0   393324   393376   394580 
%CPU %MEM ARGS Mon Oct  5 01:28:40 UTC 2026
 0.0  0.0 grep --color=auto ./cli       1  2180
21.0  4.8 ./cli kernel images/4096x40   1 394584
21.2  4.8 ./cli kernel images/4096x40   1 394580
21.4  4.8 ./cli kernel images/4096x40   1 394540
21.4  4.8 ./cli kernel images/4096x40   1 394540
21.6  4.8 ./cli kernel images/4096x40   1 394592
  PID User     Command                         Swap      USS      PSS      RSS 
38117 codespace /usr/bin/python3 /usr/bin/s        0    12072    12319    14556 
32329 codespace ./cli kernel images/4096x40        0   393320   393372   394584 
32325 codespace ./cli kernel images/4096x40        0   393320   393373   394540 
32331 codespace ./cli kernel images/4096x40        0   393320   393373   394592 
32323 codespace ./cli kernel images/4096x40        0   393324   393375   394540 
32327 codespace ./cli kernel images/4096x40        0   393324   393376   394580 
%CPU %MEM ARGS Mon Oct  5 01:28:42 UTC 2026
 0.0  0.0 grep --color=auto ./cli       0  2172
21.0  4.8 ./cli kernel images/4096x40   0 394584
21.2  4.8 ./cli kernel images/4096x40   1 394580
21.4  4.8 ./cli kernel images/4096x40   1 394540
21.4  4.8 ./cli kernel images/4096x40   1 394540
21.6  4.8 ./cli kernel images/4096x40   1 394592
  PID User     Command                         Swap      USS      PSS      RSS 
38127 codespace /usr/bin/python3 /usr/bin/s        0    12064    12312    14548 
32329 codespace ./cli kernel images/4096x40        0   393320   393372   394584 
32325 codespace ./cli kernel images/4096x40        0   393320   393373   394540 
32331 codespace ./cli kernel images/4096x40        0   393320   393373   394592 
32323 codespace ./cli kernel images/4096x40        0   393324   393375   394540 
32327 codespace ./cli kernel images/4096x40        0   393324   393376   394580 
%CPU %MEM ARGS Mon Oct  5 01:28:43 UTC 2026
 0.0  0.0 grep --color=auto ./cli       1  2160
21.0  4.8 ./cli kernel images/4096x40   0 394584
21.2  4.8 ./cli kernel images/4096x40   0 394580
21.4  4.8 ./cli kernel images/4096x40   0 394540
21.4  4.8 ./cli kernel images/4096x40   0 394540
21.6  4.8 ./cli kernel images/4096x40   1 394592
  PID User     Command                         Swap      USS      PSS      RSS 
38136 codespace /usr/bin/python3 /usr/bin/s        0    12060    12290    14520 
32329 codespace ./cli kernel images/4096x40        0   393320   393370   394584 
32331 codespace ./cli kernel images/4096x40        0   393320   393370   394592 
32325 codespace ./cli kernel images/4096x40        0   393320   393373   394540 
32323 codespace ./cli kernel images/4096x40        0   393324   393375   394540 
32327 codespace ./cli kernel images/4096x40        0   393324   393376   394580 
%CPU %MEM ARGS Mon Oct  5 01:28:44 UTC 2026
 0.0  0.0 grep --color=auto ./cli       0  2192
21.0  4.8 ./cli kernel images/4096x40   0 394584
21.2  4.8 ./cli kernel images/4096x40   0 394580
21.4  4.8 ./cli kernel images/4096x40   0 394540
21.4  4.8 ./cli kernel images/4096x40   0 394540
21.6  4.8 ./cli kernel images/4096x40   1 394592
  PID User     Command                         Swap      USS      PSS      RSS 
38147 codespace /usr/bin/python3 /usr/bin/s        0    12056    12306    14524 
32325 codespace ./cli kernel images/4096x40        0   393320   393370   394540 
32329 codespace ./cli kernel images/4096x40        0   393320   393372   394584 
32331 codespace ./cli kernel images/4096x40        0   393320   393373   394592 
32323 codespace ./cli kernel images/4096x40        0   393324   393375   394540 
32327 codespace ./cli kernel images/4096x40        0   393324   393376   394580 
%CPU %MEM ARGS Mon Oct  5 01:28:45 UTC 2026
 0.0  0.0 grep --color=auto ./cli       0  2152
21.0  4.8 ./cli kernel images/4096x40   1 394584
21.2  4.8 ./cli kernel images/4096x40   1 394580
21.4  4.8 ./cli kernel images/4096x40   1 394540
21.4  4.8 ./cli kernel images/4096x40   0 394540
21.6  4.8 ./cli kernel images/4096x40   1 394592
  PID User     Command                         Swap      USS      PSS      RSS 
38170 codespace /usr/bin/python3 /usr/bin/s        0    12060    12299    14476 
32329 codespace ./cli kernel images/4096x40        0   393320   393366   394584 
32325 codespace ./cli kernel images/4096x40        0   393320   393372   394540 
32331 codespace ./cli kernel images/4096x40        0   393320   393373   394592 
32323 codespace ./cli kernel images/4096x40        0   393324   393375   394540 
32327 codespace ./cli kernel images/4096x40        0   393324   393375   394580 
%CPU %MEM ARGS Mon Oct  5 01:28:46 UTC 2026
 0.0  0.0 grep --color=auto ./cli       1  2172
21.0  4.8 ./cli kernel images/4096x40   1 394584
21.2  4.8 ./cli kernel images/4096x40   1 394580
21.4  4.8 ./cli kernel images/4096x40   0 394540
21.4  4.8 ./cli kernel images/4096x40   0 394540
21.6  4.8 ./cli kernel images/4096x40   1 394592
  PID User     Command                         Swap      USS      PSS      RSS 
38182 codespace /usr/bin/python3 /usr/bin/s        0    12056    12295    14472 
32329 codespace ./cli kernel images/4096x40        0   393320   393372   394584 
32325 codespace ./cli kernel images/4096x40        0   393320   393373   394540 
32331 codespace ./cli kernel images/4096x40        0   393320   393373   394592 
32323 codespace ./cli kernel images/4096x40        0   393324   393375   394540 
32327 codespace ./cli kernel images/4096x40        0   393324   393376   394580 
%CPU %MEM ARGS Mon Oct  5 01:28:46 UTC 2026
 0.0  0.0 grep --color=auto ./cli       0  2180
21.0  4.8 ./cli kernel images/4096x40   1 394584
21.2  4.8 ./cli kernel images/4096x40   1 394580
21.4  4.8 ./cli kernel images/4096x40   1 394540
21.4  4.8 ./cli kernel images/4096x40   1 394540
21.6  4.8 ./cli kernel images/4096x40   1 394592
  PID User     Command                         Swap      USS      PSS      RSS 
38187 codespace /usr/bin/python3 /usr/bin/s        0    12076    12337    14584 
32325 codespace ./cli kernel images/4096x40        0   393320   393372   394540 
32329 codespace ./cli kernel images/4096x40        0   393320   393372   394584 
32331 codespace ./cli kernel images/4096x40        0   393320   393373   394592 
32323 codespace ./cli kernel images/4096x40        0   393324   393375   394540 
32327 codespace ./cli kernel images/4096x40        0   393324   393376   394580 
%CPU %MEM ARGS Mon Oct  5 01:28:47 UTC 2026
 0.0  0.0 grep --color=auto ./cli       1  2340
20.9  4.8 ./cli kernel images/4096x40   0 394584
21.2  4.8 ./cli kernel images/4096x40   0 394580
21.4  4.8 ./cli kernel images/4096x40   1 394540
21.4  4.8 ./cli kernel images/4096x40   1 394540
21.6  4.8 ./cli kernel images/4096x40   0 394592
  PID User     Command                         Swap      USS      PSS      RSS 
38193 codespace /usr/bin/python3 /usr/bin/s        0    12064    12301    14516 
32329 codespace ./cli kernel images/4096x40        0   393320   393372   394584 
32325 codespace ./cli kernel images/4096x40        0   393320   393373   394540 
32331 codespace ./cli kernel images/4096x40        0   393320   393373   394592 
32323 codespace ./cli kernel images/4096x40        0   393324   393375   394540 
32327 codespace ./cli kernel images/4096x40        0   393324   393376   394580 
%CPU %MEM ARGS Mon Oct  5 01:28:48 UTC 2026
 0.0  0.0 grep --color=auto ./cli       1  2176
20.9  4.8 ./cli kernel images/4096x40   0 394584
21.2  4.8 ./cli kernel images/4096x40   0 394580
21.3  4.8 ./cli kernel images/4096x40   0 394540
21.4  4.8 ./cli kernel images/4096x40   0 394540
21.6  4.8 ./cli kernel images/4096x40   1 394592
  PID User     Command                         Swap      USS      PSS      RSS 
38199 codespace /usr/bin/python3 /usr/bin/s        0    12064    12303    14520 
32329 codespace ./cli kernel images/4096x40        0   393320   393372   394584 
32325 codespace ./cli kernel images/4096x40        0   393320   393373   394540 
32331 codespace ./cli kernel images/4096x40        0   393320   393373   394592 
32323 codespace ./cli kernel images/4096x40        0   393324   393375   394540 
32327 codespace ./cli kernel images/4096x40        0   393324   393376   394580 
%CPU %MEM ARGS Mon Oct  5 01:28:49 UTC 2026
 0.0  0.0 grep --color=auto ./cli       0  2168
20.9  4.8 ./cli kernel images/4096x40   0 394584
21.2  4.8 ./cli kernel images/4096x40   0 394580
21.3  4.8 ./cli kernel images/4096x40   0 394540
21.4  4.8 ./cli kernel images/4096x40   1 394540
21.6  4.8 ./cli kernel images/4096x40   0 394592
  PID User     Command                         Swap      USS      PSS      RSS 
38205 codespace /usr/bin/python3 /usr/bin/s        0    12060    12275    14520 
32325 codespace ./cli kernel images/4096x40        0   393320   393367   394540 
32327 codespace ./cli kernel images/4096x40        0   393324   393368   394580 
32329 codespace ./cli kernel images/4096x40        0   393320   393370   394584 
32331 codespace ./cli kernel images/4096x40        0   393320   393370   394592 
32323 codespace ./cli kernel images/4096x40        0   393324   393372   394540 
%CPU %MEM ARGS Mon Oct  5 01:28:50 UTC 2026
 0.0  0.0 grep --color=auto ./cli       1  2296
20.9  4.8 ./cli kernel images/4096x40   1 394584
21.2  4.8 ./cli kernel images/4096x40   1 394580
21.3  4.8 ./cli kernel images/4096x40   1 394540
21.4  4.8 ./cli kernel images/4096x40   1 394540
21.6  4.8 ./cli kernel images/4096x40   0 394592
  PID User     Command                         Swap      USS      PSS      RSS 
38222 codespace /usr/bin/python3 /usr/bin/s        0    12072    12323    14588 
32329 codespace ./cli kernel images/4096x40        0   393320   393372   394584 
32325 codespace ./cli kernel images/4096x40        0   393320   393373   394540 
32331 codespace ./cli kernel images/4096x40        0   393320   393373   394592 
32323 codespace ./cli kernel images/4096x40        0   393324   393375   394540 
32327 codespace ./cli kernel images/4096x40        0   393324   393376   394580 
%CPU %MEM ARGS Mon Oct  5 01:28:51 UTC 2026
 0.0  0.0 grep --color=auto ./cli       0  2172
20.9  4.8 ./cli kernel images/4096x40   0 394584
21.1  4.8 ./cli kernel images/4096x40   0 394580
21.3  4.8 ./cli kernel images/4096x40   0 394540
21.4  4.8 ./cli kernel images/4096x40   0 394540
21.6  4.8 ./cli kernel images/4096x40   1 394592
  PID User     Command                         Swap      USS      PSS      RSS 
38228 codespace /usr/bin/python3 /usr/bin/s        0    12016    12263    14500 
32329 codespace ./cli kernel images/4096x40        0   393320   393372   394584 
32325 codespace ./cli kernel images/4096x40        0   393320   393373   394540 
32331 codespace ./cli kernel images/4096x40        0   393320   393373   394592 
32323 codespace ./cli kernel images/4096x40        0   393324   393375   394540 
32327 codespace ./cli kernel images/4096x40        0   393324   393376   394580 
%CPU %MEM ARGS Mon Oct  5 01:28:52 UTC 2026
 0.0  0.0 grep --color=auto ./cli       1  2156
20.9  4.8 ./cli kernel images/4096x40   0 394584
21.1  4.8 ./cli kernel images/4096x40   0 394580
21.3  4.8 ./cli kernel images/4096x40   0 394540
21.4  4.8 ./cli kernel images/4096x40   0 394540
21.6  4.8 ./cli kernel images/4096x40   1 394592
  PID User     Command                         Swap      USS      PSS      RSS 
38234 codespace /usr/bin/python3 /usr/bin/s        0    12084    12340    14592 
32329 codespace ./cli kernel images/4096x40        0   393320   393372   394584 
32325 codespace ./cli kernel images/4096x40        0   393320   393373   394540 
32331 codespace ./cli kernel images/4096x40        0   393320   393373   394592 
32323 codespace ./cli kernel images/4096x40        0   393324   393375   394540 
32327 codespace ./cli kernel images/4096x40        0   393324   393376   394580 
%CPU %MEM ARGS Mon Oct  5 01:28:52 UTC 2026
 0.0  0.0 grep --color=auto ./cli       1  2212
20.9  4.8 ./cli kernel images/4096x40   1 394584
21.1  4.8 ./cli kernel images/4096x40   1 394580
21.3  4.8 ./cli kernel images/4096x40   0 394540
21.4  4.8 ./cli kernel images/4096x40   1 394540
21.6  4.8 ./cli kernel images/4096x40   0 394592
  PID User     Command                         Swap      USS      PSS      RSS 
38240 codespace /usr/bin/python3 /usr/bin/s        0    12068    12317    14572 
32329 codespace ./cli kernel images/4096x40        0   393320   393372   394584 
32325 codespace ./cli kernel images/4096x40        0   393320   393373   394540 
32331 codespace ./cli kernel images/4096x40        0   393320   393373   394592 
32323 codespace ./cli kernel images/4096x40        0   393324   393375   394540 
32327 codespace ./cli kernel images/4096x40        0   393324   393376   394580 
%CPU %MEM ARGS Mon Oct  5 01:28:54 UTC 2026
 0.0  0.0 grep --color=auto ./cli       0  2124
20.9  4.8 ./cli kernel images/4096x40   1 394584
21.1  4.8 ./cli kernel images/4096x40   1 394580
21.4  4.8 ./cli kernel images/4096x40   0 394540
21.4  4.8 ./cli kernel images/4096x40   1 394540
21.6  4.8 ./cli kernel images/4096x40   1 394592
  PID User     Command                         Swap      USS      PSS      RSS 
38252 codespace /usr/bin/python3 /usr/bin/s        0    12076    12335    14624 
32329 codespace ./cli kernel images/4096x40        0   393320   393372   394584 
32325 codespace ./cli kernel images/4096x40        0   393320   393373   394540 
32331 codespace ./cli kernel images/4096x40        0   393320   393373   394592 
32323 codespace ./cli kernel images/4096x40        0   393324   393375   394540 
32327 codespace ./cli kernel images/4096x40        0   393324   393376   394580 
%CPU %MEM ARGS Mon Oct  5 01:28:55 UTC 2026
 0.0  0.0 grep --color=auto ./cli       1  2156
20.9  4.8 ./cli kernel images/4096x40   0 394584
21.1  4.8 ./cli kernel images/4096x40   1 394580
21.4  4.8 ./cli kernel images/4096x40   0 394540
21.4  4.8 ./cli kernel images/4096x40   0 394540
21.6  4.8 ./cli kernel images/4096x40   1 394592
  PID User     Command                         Swap      USS      PSS      RSS 
38277 codespace /usr/bin/python3 /usr/bin/s        0    12072    12329    14572 
32325 codespace ./cli kernel images/4096x40        0   393320   393372   394540 
32329 codespace ./cli kernel images/4096x40        0   393320   393372   394584 
32331 codespace ./cli kernel images/4096x40        0   393320   393373   394592 
32323 codespace ./cli kernel images/4096x40        0   393324   393375   394540 
32327 codespace ./cli kernel images/4096x40        0   393324   393376   394580 
%CPU %MEM ARGS Mon Oct  5 01:28:56 UTC 2026
 0.0  0.0 grep --color=auto ./cli       1  2252
20.9  4.8 ./cli kernel images/4096x40   1 394584
21.1  4.8 ./cli kernel images/4096x40   1 394580
21.4  4.8 ./cli kernel images/4096x40   1 394540
21.4  4.8 ./cli kernel images/4096x40   1 394540
21.6  4.8 ./cli kernel images/4096x40   0 394592
  PID User     Command                         Swap      USS      PSS      RSS 
38289 codespace /usr/bin/python3 /usr/bin/s        0    12064    12309    14544 
32323 codespace ./cli kernel images/4096x40        0   393324   393369   394540 
32329 codespace ./cli kernel images/4096x40        0   393320   393372   394584 
32325 codespace ./cli kernel images/4096x40        0   393320   393373   394540 
32331 codespace ./cli kernel images/4096x40        0   393320   393373   394592 
32327 codespace ./cli kernel images/4096x40        0   393324   393376   394580 
%CPU %MEM ARGS Mon Oct  5 01:28:57 UTC 2026
 0.0  0.0 grep --color=auto ./cli       0  2188
20.9  4.8 ./cli kernel images/4096x40   0 394584
21.1  4.8 ./cli kernel images/4096x40   0 394580
21.3  4.8 ./cli kernel images/4096x40   0 394540
21.4  4.8 ./cli kernel images/4096x40   0 394540
21.6  4.8 ./cli kernel images/4096x40   0 394592
  PID User     Command                         Swap      USS      PSS      RSS 
38301 codespace /usr/bin/python3 /usr/bin/s        0    12060    12299    14476 
32329 codespace ./cli kernel images/4096x40        0   393320   393372   394584 
32325 codespace ./cli kernel images/4096x40        0   393320   393373   394540 
32331 codespace ./cli kernel images/4096x40        0   393320   393373   394592 
32323 codespace ./cli kernel images/4096x40        0   393324   393375   394540 
32327 codespace ./cli kernel images/4096x40        0   393324   393376   394580 
%CPU %MEM ARGS Mon Oct  5 01:28:58 UTC 2026
 0.0  0.0 grep --color=auto ./cli       1  2176
20.9  4.8 ./cli kernel images/4096x40   0 394584
21.1  4.8 ./cli kernel images/4096x40   0 394580
21.3  4.8 ./cli kernel images/4096x40   1 394540
21.4  4.8 ./cli kernel images/4096x40   0 394540
21.6  4.8 ./cli kernel images/4096x40   0 394592
  PID User     Command                         Swap      USS      PSS      RSS 
38307 codespace /usr/bin/python3 /usr/bin/s        0    12044    12282    14496 
32329 codespace ./cli kernel images/4096x40        0   393320   393372   394584 
32325 codespace ./cli kernel images/4096x40        0   393320   393373   394540 
32331 codespace ./cli kernel images/4096x40        0   393320   393373   394592 
32323 codespace ./cli kernel images/4096x40        0   393324   393375   394540 
32327 codespace ./cli kernel images/4096x40        0   393324   393376   394580 
%CPU %MEM ARGS Mon Oct  5 01:28:59 UTC 2026
 0.0  0.0 grep --color=auto ./cli       1  2248
20.9  4.8 ./cli kernel images/4096x40   0 394584
21.1  4.8 ./cli kernel images/4096x40   0 394580
21.3  4.8 ./cli kernel images/4096x40   0 394540
21.4  4.8 ./cli kernel images/4096x40   0 394540
21.6  4.8 ./cli kernel images/4096x40   0 394592
  PID User     Command                         Swap      USS      PSS      RSS 
38313 codespace /usr/bin/python3 /usr/bin/s        0    12064    12291    14496 
32329 codespace ./cli kernel images/4096x40        0   393320   393372   394584 
32325 codespace ./cli kernel images/4096x40        0   393320   393373   394540 
32331 codespace ./cli kernel images/4096x40        0   393320   393373   394592 
32323 codespace ./cli kernel images/4096x40        0   393324   393375   394540 
32327 codespace ./cli kernel images/4096x40        0   393324   393376   394580 
%CPU %MEM ARGS Mon Oct  5 01:29:00 UTC 2026
 0.0  0.0 grep --color=auto ./cli       1  2164
20.8  4.8 ./cli kernel images/4096x40   0 394584
21.1  4.8 ./cli kernel images/4096x40   0 394580
21.3  4.8 ./cli kernel images/4096x40   0 394540
21.4  4.8 ./cli kernel images/4096x40   1 394540
21.6  4.8 ./cli kernel images/4096x40   0 394592
  PID User     Command                         Swap      USS      PSS      RSS 
38319 codespace /usr/bin/python3 /usr/bin/s        0    12060    12274    14480 
32329 codespace ./cli kernel images/4096x40        0   393320   393369   394584 
32331 codespace ./cli kernel images/4096x40        0   393320   393370   394592 
32325 codespace ./cli kernel images/4096x40        0   393320   393371   394540 
32327 codespace ./cli kernel images/4096x40        0   393324   393373   394580 
32323 codespace ./cli kernel images/4096x40        0   393324   393375   394540 
%CPU %MEM ARGS Mon Oct  5 01:29:01 UTC 2026
 0.0  0.0 grep --color=auto ./cli       0  2152
20.8  4.8 ./cli kernel images/4096x40   0 394584
21.1  4.8 ./cli kernel images/4096x40   0 394580
21.3  4.8 ./cli kernel images/4096x40   1 394540
21.4  4.8 ./cli kernel images/4096x40   0 394540
21.6  4.8 ./cli kernel images/4096x40   0 394592
  PID User     Command                         Swap      USS      PSS      RSS 
38336 codespace /usr/bin/python3 /usr/bin/s        0    12064    12306    14480 
32329 codespace ./cli kernel images/4096x40        0   393320   393372   394584 
32325 codespace ./cli kernel images/4096x40        0   393320   393373   394540 
32331 codespace ./cli kernel images/4096x40        0   393320   393373   394592 
32323 codespace ./cli kernel images/4096x40        0   393324   393375   394540 
32327 codespace ./cli kernel images/4096x40        0   393324   393376   394580 
%CPU %MEM ARGS Mon Oct  5 01:29:02 UTC 2026
 0.0  0.0 grep --color=auto ./cli       1  2200
20.8  4.8 ./cli kernel images/4096x40   0 394584
21.0  4.8 ./cli kernel images/4096x40   0 394580
21.3  4.8 ./cli kernel images/4096x40   0 394540
21.4  4.8 ./cli kernel images/4096x40   0 394540
21.6  4.8 ./cli kernel images/4096x40   1 394592
  PID User     Command                         Swap      USS      PSS      RSS 
38342 codespace /usr/bin/python3 /usr/bin/s        0    12072    12325    14588 
32329 codespace ./cli kernel images/4096x40        0   393320   393372   394584 
32325 codespace ./cli kernel images/4096x40        0   393320   393373   394540 
32331 codespace ./cli kernel images/4096x40        0   393320   393373   394592 
32323 codespace ./cli kernel images/4096x40        0   393324   393375   394540 
32327 codespace ./cli kernel images/4096x40        0   393324   393376   394580 
%CPU %MEM ARGS Mon Oct  5 01:29:03 UTC 2026
 0.0  0.0 grep --color=auto ./cli       0  2304
20.8  4.8 ./cli kernel images/4096x40   1 394584
21.0  4.8 ./cli kernel images/4096x40   1 394580
21.3  4.8 ./cli kernel images/4096x40   1 394540
21.4  4.8 ./cli kernel images/4096x40   1 394540
21.6  4.8 ./cli kernel images/4096x40   0 394592
  PID User     Command                         Swap      USS      PSS      RSS 
38348 codespace /usr/bin/python3 /usr/bin/s        0    12096    12335    14548 
32329 codespace ./cli kernel images/4096x40        0   393320   393368   394584 
32325 codespace ./cli kernel images/4096x40        0   393320   393373   394540 
32331 codespace ./cli kernel images/4096x40        0   393320   393373   394592 
32323 codespace ./cli kernel images/4096x40        0   393324   393375   394540 
32327 codespace ./cli kernel images/4096x40        0   393324   393376   394580 
%CPU %MEM ARGS Mon Oct  5 01:29:04 UTC 2026
 0.0  0.0 grep --color=auto ./cli       1  2296
20.8  4.8 ./cli kernel images/4096x40   1 394584
21.0  4.8 ./cli kernel images/4096x40   1 394580
21.3  4.8 ./cli kernel images/4096x40   1 394540
21.4  4.8 ./cli kernel images/4096x40   1 394540
21.6  4.8 ./cli kernel images/4096x40   0 394592
  PID User     Command                         Swap      USS      PSS      RSS 
38360 codespace /usr/bin/python3 /usr/bin/s        0    12084    12341    14592 
32329 codespace ./cli kernel images/4096x40        0   393320   393372   394584 
32325 codespace ./cli kernel images/4096x40        0   393320   393373   394540 
32331 codespace ./cli kernel images/4096x40        0   393320   393373   394592 
32323 codespace ./cli kernel images/4096x40        0   393324   393375   394540 
32327 codespace ./cli kernel images/4096x40        0   393324   393376   394580 
%CPU %MEM ARGS Mon Oct  5 01:29:05 UTC 2026
 0.0  0.0 grep --color=auto ./cli       1  2160
20.8  4.8 ./cli kernel images/4096x40   1 394584
21.0  4.8 ./cli kernel images/4096x40   1 394580
21.3  4.8 ./cli kernel images/4096x40   1 394540
21.3  4.8 ./cli kernel images/4096x40   0 394540
21.7  4.8 ./cli kernel images/4096x40   1 394592
  PID User     Command                         Swap      USS      PSS      RSS 
38377 codespace /usr/bin/python3 /usr/bin/s        0    12076    12329    14592 
32325 codespace ./cli kernel images/4096x40        0   393320   393372   394540 
32329 codespace ./cli kernel images/4096x40        0   393320   393372   394584 
32331 codespace ./cli kernel images/4096x40        0   393320   393373   394592 
32323 codespace ./cli kernel images/4096x40        0   393324   393375   394540 
32327 codespace ./cli kernel images/4096x40        0   393324   393376   394580 
%CPU %MEM ARGS Mon Oct  5 01:29:06 UTC 2026
 0.0  0.0 grep --color=auto ./cli       1  2212
20.8  4.8 ./cli kernel images/4096x40   1 394584
21.0  4.8 ./cli kernel images/4096x40   0 394580
21.3  4.8 ./cli kernel images/4096x40   1 394540
21.3  4.8 ./cli kernel images/4096x40   0 394540
21.7  4.8 ./cli kernel images/4096x40   1 394592
  PID User     Command                         Swap      USS      PSS      RSS 
38395 codespace /usr/bin/python3 /usr/bin/s        0    12072    12320    14520 
32329 codespace ./cli kernel images/4096x40        0   393320   393372   394584 
32325 codespace ./cli kernel images/4096x40        0   393320   393373   394540 
32331 codespace ./cli kernel images/4096x40        0   393320   393373   394592 
32323 codespace ./cli kernel images/4096x40        0   393324   393375   394540 
32327 codespace ./cli kernel images/4096x40        0   393324   393376   394580 
%CPU %MEM ARGS Mon Oct  5 01:29:08 UTC 2026
 0.0  0.0 grep --color=auto ./cli       0  2208
20.8  4.8 ./cli kernel images/4096x40   0 394584
21.0  4.8 ./cli kernel images/4096x40   0 394580
21.3  4.8 ./cli kernel images/4096x40   1 394540
21.3  4.8 ./cli kernel images/4096x40   0 394540
21.7  4.8 ./cli kernel images/4096x40   0 394592
  PID User     Command                         Swap      USS      PSS      RSS 
38404 codespace /usr/bin/python3 /usr/bin/s        0    12088    12344    14596 
32329 codespace ./cli kernel images/4096x40        0   393320   393372   394584 
32325 codespace ./cli kernel images/4096x40        0   393320   393373   394540 
32331 codespace ./cli kernel images/4096x40        0   393320   393373   394592 
32323 codespace ./cli kernel images/4096x40        0   393324   393375   394540 
32327 codespace ./cli kernel images/4096x40        0   393324   393376   394580 
%CPU %MEM ARGS Mon Oct  5 01:29:09 UTC 2026
 0.0  0.0 grep --color=auto ./cli       0  2288
20.8  4.8 ./cli kernel images/4096x40   0 394584
21.0  4.8 ./cli kernel images/4096x40   0 394580
21.3  4.8 ./cli kernel images/4096x40   0 394540
21.3  4.8 ./cli kernel images/4096x40   1 394540
21.6  4.8 ./cli kernel images/4096x40   0 394592
  PID User     Command                         Swap      USS      PSS      RSS 
38413 codespace /usr/bin/python3 /usr/bin/s        0    12068    12308    14484 
32329 codespace ./cli kernel images/4096x40        0   393320   393372   394584 
32325 codespace ./cli kernel images/4096x40        0   393320   393373   394540 
32331 codespace ./cli kernel images/4096x40        0   393320   393373   394592 
32323 codespace ./cli kernel images/4096x40        0   393324   393375   394540 
32327 codespace ./cli kernel images/4096x40        0   393324   393376   394580 
%CPU %MEM ARGS Mon Oct  5 01:29:09 UTC 2026
 0.0  0.0 grep --color=auto ./cli       0  2156
20.8  4.8 ./cli kernel images/4096x40   0 394584
21.0  4.8 ./cli kernel images/4096x40   0 394580
21.3  4.8 ./cli kernel images/4096x40   1 394540
21.3  4.8 ./cli kernel images/4096x40   0 394540
21.6  4.8 ./cli kernel images/4096x40   0 394592
  PID User     Command                         Swap      USS      PSS      RSS 
38419 codespace /usr/bin/python3 /usr/bin/s        0    12072    12325    14588 
32329 codespace ./cli kernel images/4096x40        0   393320   393372   394584 
32325 codespace ./cli kernel images/4096x40        0   393320   393373   394540 
32331 codespace ./cli kernel images/4096x40        0   393320   393373   394592 
32323 codespace ./cli kernel images/4096x40        0   393324   393375   394540 
32327 codespace ./cli kernel images/4096x40        0   393324   393376   394580 
%CPU %MEM ARGS Mon Oct  5 01:29:10 UTC 2026
 0.0  0.0 grep --color=auto ./cli       1  2292
20.8  4.8 ./cli kernel images/4096x40   1 394584
21.0  4.8 ./cli kernel images/4096x40   0 394580
21.2  4.8 ./cli kernel images/4096x40   0 394540
21.3  4.8 ./cli kernel images/4096x40   0 394540
21.6  4.8 ./cli kernel images/4096x40   1 394592
  PID User     Command                         Swap      USS      PSS      RSS 
38425 codespace /usr/bin/python3 /usr/bin/s        0    12064    12302    14480 
32329 codespace ./cli kernel images/4096x40        0   393320   393372   394584 
32325 codespace ./cli kernel images/4096x40        0   393320   393373   394540 
32331 codespace ./cli kernel images/4096x40        0   393320   393373   394592 
32323 codespace ./cli kernel images/4096x40        0   393324   393375   394540 
32327 codespace ./cli kernel images/4096x40        0   393324   393376   394580 
%CPU %MEM ARGS Mon Oct  5 01:29:11 UTC 2026
 0.0  0.0 grep --color=auto ./cli       0  2160
20.8  4.8 ./cli kernel images/4096x40   1 394584
21.0  4.8 ./cli kernel images/4096x40   0 394580
21.2  4.8 ./cli kernel images/4096x40   0 394540
21.3  4.8 ./cli kernel images/4096x40   0 394540
21.6  4.8 ./cli kernel images/4096x40   0 394592
  PID User     Command                         Swap      USS      PSS      RSS 
38434 codespace /usr/bin/python3 /usr/bin/s        0    12056    12289    14476 
32329 codespace ./cli kernel images/4096x40        0   393320   393372   394584 
32325 codespace ./cli kernel images/4096x40        0   393320   393373   394540 
32331 codespace ./cli kernel images/4096x40        0   393320   393373   394592 
32323 codespace ./cli kernel images/4096x40        0   393324   393375   394540 
32327 codespace ./cli kernel images/4096x40        0   393324   393376   394580 
%CPU %MEM ARGS Mon Oct  5 01:29:12 UTC 2026
 0.0  0.0 grep --color=auto ./cli       1  2340
20.8  4.8 ./cli kernel images/4096x40   1 394584
21.0  4.8 ./cli kernel images/4096x40   1 394580
21.2  4.8 ./cli kernel images/4096x40   1 394540
21.3  4.8 ./cli kernel images/4096x40   1 394540
21.6  4.8 ./cli kernel images/4096x40   0 394592
  PID User     Command                         Swap      USS      PSS      RSS 
38449 codespace /usr/bin/python3 /usr/bin/s        0    12064    12312    14548 
32329 codespace ./cli kernel images/4096x40        0   393320   393372   394584 
32325 codespace ./cli kernel images/4096x40        0   393320   393373   394540 
32331 codespace ./cli kernel images/4096x40        0   393320   393373   394592 
32323 codespace ./cli kernel images/4096x40        0   393324   393375   394540 
32327 codespace ./cli kernel images/4096x40        0   393324   393376   394580 
%CPU %MEM ARGS Mon Oct  5 01:29:13 UTC 2026
 0.0  0.0 grep --color=auto ./cli       1  2164
20.8  4.8 ./cli kernel images/4096x40   1 394584
21.0  4.8 ./cli kernel images/4096x40   1 394580
21.2  4.8 ./cli kernel images/4096x40   1 394540
21.3  4.8 ./cli kernel images/4096x40   0 394540
21.6  4.8 ./cli kernel images/4096x40   1 394592
  PID User     Command                         Swap      USS      PSS      RSS 
38455 codespace /usr/bin/python3 /usr/bin/s        0    12064    12305    14480 
32329 codespace ./cli kernel images/4096x40        0   393320   393372   394584 
32325 codespace ./cli kernel images/4096x40        0   393320   393373   394540 
32331 codespace ./cli kernel images/4096x40        0   393320   393373   394592 
32323 codespace ./cli kernel images/4096x40        0   393324   393375   394540 
32327 codespace ./cli kernel images/4096x40        0   393324   393375   394580 
%CPU %MEM ARGS Mon Oct  5 01:29:14 UTC 2026
 0.0  0.0 grep --color=auto ./cli       1  2188
20.8  4.8 ./cli kernel images/4096x40   1 394584
21.0  4.8 ./cli kernel images/4096x40   1 394580
21.2  4.8 ./cli kernel images/4096x40   0 394540
21.3  4.8 ./cli kernel images/4096x40   1 394540
21.6  4.8 ./cli kernel images/4096x40   1 394592
  PID User     Command                         Swap      USS      PSS      RSS 
38461 codespace /usr/bin/python3 /usr/bin/s        0    12084    12339    14592 
32325 codespace ./cli kernel images/4096x40        0   393320   393368   394540 
32323 codespace ./cli kernel images/4096x40        0   393324   393371   394540 
32329 codespace ./cli kernel images/4096x40        0   393320   393372   394584 
32331 codespace ./cli kernel images/4096x40        0   393320   393373   394592 
32327 codespace ./cli kernel images/4096x40        0   393324   393376   394580 
%CPU %MEM ARGS Mon Oct  5 01:29:15 UTC 2026
 0.0  0.0 grep --color=auto ./cli       1  2160
20.8  4.8 ./cli kernel images/4096x40   1 394584
21.0  4.8 ./cli kernel images/4096x40   1 394580
21.2  4.8 ./cli kernel images/4096x40   0 394540
21.3  4.8 ./cli kernel images/4096x40   1 394540
21.6  4.8 ./cli kernel images/4096x40   1 394592
  PID User     Command                         Swap      USS      PSS      RSS 
38473 codespace /usr/bin/python3 /usr/bin/s        0    12064    12304    14516 
32329 codespace ./cli kernel images/4096x40        0   393320   393372   394584 
32325 codespace ./cli kernel images/4096x40        0   393320   393373   394540 
32331 codespace ./cli kernel images/4096x40        0   393320   393373   394592 
32323 codespace ./cli kernel images/4096x40        0   393324   393375   394540 
32327 codespace ./cli kernel images/4096x40        0   393324   393376   394580 
%CPU %MEM ARGS Mon Oct  5 01:29:16 UTC 2026
 0.0  0.0 grep --color=auto ./cli       1  2308
20.8  4.8 ./cli kernel images/4096x40   0 394584
20.9  4.8 ./cli kernel images/4096x40   1 394580
21.3  4.8 ./cli kernel images/4096x40   1 394540
21.3  4.8 ./cli kernel images/4096x40   1 394540
21.6  4.8 ./cli kernel images/4096x40   1 394592
  PID User     Command                         Swap      USS      PSS      RSS 
38497 codespace /usr/bin/python3 /usr/bin/s        0    12060    12303    14476 
32329 codespace ./cli kernel images/4096x40        0   393320   393372   394584 
32325 codespace ./cli kernel images/4096x40        0   393320   393373   394540 
32331 codespace ./cli kernel images/4096x40        0   393320   393373   394592 
32323 codespace ./cli kernel images/4096x40        0   393324   393375   394540 
32327 codespace ./cli kernel images/4096x40        0   393324   393376   394580 
%CPU %MEM ARGS Mon Oct  5 01:29:18 UTC 2026
 0.0  0.0 grep --color=auto ./cli       0  2168
20.8  4.8 ./cli kernel images/4096x40   0 394584
20.9  4.8 ./cli kernel images/4096x40   1 394580
21.2  4.8 ./cli kernel images/4096x40   1 394540
21.3  4.8 ./cli kernel images/4096x40   1 394540
21.6  4.8 ./cli kernel images/4096x40   1 394592
  PID User     Command                         Swap      USS      PSS      RSS 
38504 codespace /usr/bin/python3 /usr/bin/s        0    12064    12311    14544 
32325 codespace ./cli kernel images/4096x40        0   393320   393372   394540 
32329 codespace ./cli kernel images/4096x40        0   393320   393372   394584 
32331 codespace ./cli kernel images/4096x40        0   393320   393373   394592 
32323 codespace ./cli kernel images/4096x40        0   393324   393375   394540 
32327 codespace ./cli kernel images/4096x40        0   393324   393376   394580 
%CPU %MEM ARGS Mon Oct  5 01:29:19 UTC 2026
 0.0  0.0 grep --color=auto ./cli       0  2212
20.8  4.8 ./cli kernel images/4096x40   0 394584
20.9  4.8 ./cli kernel images/4096x40   0 394580
21.2  4.8 ./cli kernel images/4096x40   0 394540
21.3  4.8 ./cli kernel images/4096x40   0 394540
21.6  4.8 ./cli kernel images/4096x40   1 394592
  PID User     Command                         Swap      USS      PSS      RSS 
38518 codespace /usr/bin/python3 /usr/bin/s        0    12060    12296    14512 
32329 codespace ./cli kernel images/4096x40        0   393320   393372   394584 
32325 codespace ./cli kernel images/4096x40        0   393320   393373   394540 
32331 codespace ./cli kernel images/4096x40        0   393320   393373   394592 
32323 codespace ./cli kernel images/4096x40        0   393324   393375   394540 
32327 codespace ./cli kernel images/4096x40        0   393324   393376   394580 
%CPU %MEM ARGS Mon Oct  5 01:29:19 UTC 2026
 0.0  0.0 grep --color=auto ./cli       0  2156
20.8  4.8 ./cli kernel images/4096x40   0 394584
20.9  4.8 ./cli kernel images/4096x40   0 394580
21.2  4.8 ./cli kernel images/4096x40   1 394540
21.3  4.8 ./cli kernel images/4096x40   0 394540
21.6  4.8 ./cli kernel images/4096x40   0 394592
  PID User     Command                         Swap      USS      PSS      RSS 
38527 codespace /usr/bin/python3 /usr/bin/s        0    12064    12311    14516 
32325 codespace ./cli kernel images/4096x40        0   393320   393372   394540 
32329 codespace ./cli kernel images/4096x40        0   393320   393372   394584 
32331 codespace ./cli kernel images/4096x40        0   393320   393373   394592 
32323 codespace ./cli kernel images/4096x40        0   393324   393375   394540 
32327 codespace ./cli kernel images/4096x40        0   393324   393376   394580 
%CPU %MEM ARGS Mon Oct  5 01:29:20 UTC 2026
 0.0  0.0 grep --color=auto ./cli       0  2168
20.8  4.8 ./cli kernel images/4096x40   0 394584
20.9  4.8 ./cli kernel images/4096x40   0 394580
21.2  4.8 ./cli kernel images/4096x40   0 394540
21.3  4.8 ./cli kernel images/4096x40   1 394540
21.6  4.8 ./cli kernel images/4096x40   0 394592
  PID User     Command                         Swap      USS      PSS      RSS 
38533 codespace /usr/bin/python3 /usr/bin/s        0    12064    12303    14480 
32329 codespace ./cli kernel images/4096x40        0   393320   393372   394584 
32325 codespace ./cli kernel images/4096x40        0   393320   393373   394540 
32331 codespace ./cli kernel images/4096x40        0   393320   393373   394592 
32323 codespace ./cli kernel images/4096x40        0   393324   393375   394540 
32327 codespace ./cli kernel images/4096x40        0   393324   393376   394580 
%CPU %MEM ARGS Mon Oct  5 01:29:22 UTC 2026
 0.0  0.0 grep --color=auto ./cli       1  2340
20.8  4.8 ./cli kernel images/4096x40   0 394584
20.9  4.8 ./cli kernel images/4096x40   0 394580
21.3  4.8 ./cli kernel images/4096x40   1 394540
21.3  4.8 ./cli kernel images/4096x40   0 394540
21.5  4.8 ./cli kernel images/4096x40   0 394592
  PID User     Command                         Swap      USS      PSS      RSS 
38539 codespace /usr/bin/python3 /usr/bin/s        0    12076    12334    14624 
32329 codespace ./cli kernel images/4096x40        0   393320   393372   394584 
32325 codespace ./cli kernel images/4096x40        0   393320   393373   394540 
32331 codespace ./cli kernel images/4096x40        0   393320   393373   394592 
32323 codespace ./cli kernel images/4096x40        0   393324   393375   394540 
32327 codespace ./cli kernel images/4096x40        0   393324   393376   394580 
%CPU %MEM ARGS Mon Oct  5 01:29:22 UTC 2026
 0.0  0.0 grep --color=auto ./cli       0  2172
20.8  4.8 ./cli kernel images/4096x40   1 394584
20.9  4.8 ./cli kernel images/4096x40   0 394580
21.3  4.8 ./cli kernel images/4096x40   0 394540
21.3  4.8 ./cli kernel images/4096x40   0 394540
21.5  4.8 ./cli kernel images/4096x40   0 394592
  PID User     Command                         Swap      USS      PSS      RSS 
38546 codespace /usr/bin/python3 /usr/bin/s        0    12072    12338    14572 
32325 codespace ./cli kernel images/4096x40        0   393320   393372   394540 
32329 codespace ./cli kernel images/4096x40        0   393320   393372   394584 
32331 codespace ./cli kernel images/4096x40        0   393320   393374   394592 
32323 codespace ./cli kernel images/4096x40        0   393324   393375   394540 
32327 codespace ./cli kernel images/4096x40        0   393324   393376   394580 
%CPU %MEM ARGS Mon Oct  5 01:29:23 UTC 2026
 0.0  0.0 grep --color=auto ./cli       1  2176
20.8  4.8 ./cli kernel images/4096x40   1 394584
20.9  4.8 ./cli kernel images/4096x40   1 394580
21.2  4.8 ./cli kernel images/4096x40   0 394540
21.3  4.8 ./cli kernel images/4096x40   1 394540
21.5  4.8 ./cli kernel images/4096x40   1 394592
  PID User     Command                         Swap      USS      PSS      RSS 
38563 codespace /usr/bin/python3 /usr/bin/s        0    12056    12291    14480 
32329 codespace ./cli kernel images/4096x40        0   393320   393372   394584 
32325 codespace ./cli kernel images/4096x40        0   393320   393373   394540 
32331 codespace ./cli kernel images/4096x40        0   393320   393373   394592 
32323 codespace ./cli kernel images/4096x40        0   393324   393375   394540 
32327 codespace ./cli kernel images/4096x40        0   393324   393376   394580 
%CPU %MEM ARGS Mon Oct  5 01:29:25 UTC 2026
 0.0  0.0 grep --color=auto ./cli       1  2168
20.8  4.8 ./cli kernel images/4096x40   1 394584
20.9  4.8 ./cli kernel images/4096x40   1 394580
21.3  4.8 ./cli kernel images/4096x40   1 394540
21.3  4.8 ./cli kernel images/4096x40   0 394540
21.5  4.8 ./cli kernel images/4096x40   1 394592
  PID User     Command                         Swap      USS      PSS      RSS 
38569 codespace /usr/bin/python3 /usr/bin/s        0    12012    12259    14488 
32329 codespace ./cli kernel images/4096x40        0   393320   393372   394584 
32325 codespace ./cli kernel images/4096x40        0   393320   393373   394540 
32331 codespace ./cli kernel images/4096x40        0   393320   393373   394592 
32323 codespace ./cli kernel images/4096x40        0   393324   393375   394540 
32327 codespace ./cli kernel images/4096x40        0   393324   393376   394580 
%CPU %MEM ARGS Mon Oct  5 01:29:25 UTC 2026
 0.0  0.0 grep --color=auto ./cli       1  2192
20.8  4.8 ./cli kernel images/4096x40   1 394584
20.9  4.8 ./cli kernel images/4096x40   1 394580
21.3  4.8 ./cli kernel images/4096x40   1 394540
21.3  4.8 ./cli kernel images/4096x40   0 394540
21.5  4.8 ./cli kernel images/4096x40   1 394592
  PID User     Command                         Swap      USS      PSS      RSS 
38575 codespace /usr/bin/python3 /usr/bin/s        0    12064    12312    14548 
32329 codespace ./cli kernel images/4096x40        0   393320   393370   394584 
32325 codespace ./cli kernel images/4096x40        0   393320   393373   394540 
32331 codespace ./cli kernel images/4096x40        0   393320   393373   394592 
32323 codespace ./cli kernel images/4096x40        0   393324   393375   394540 
32327 codespace ./cli kernel images/4096x40        0   393324   393375   394580 
%CPU %MEM ARGS Mon Oct  5 01:29:27 UTC 2026
 0.0  0.0 grep --color=auto ./cli       0  2344
20.8  4.8 ./cli kernel images/4096x40   1 394584
20.9  4.8 ./cli kernel images/4096x40   0 394580
21.2  4.8 ./cli kernel images/4096x40   0 394540
21.3  4.8 ./cli kernel images/4096x40   0 394540
21.5  4.8 ./cli kernel images/4096x40   0 394592
  PID User     Command                         Swap      USS      PSS      RSS 
38603 codespace /usr/bin/python3 /usr/bin/s        0    12064    12307    14480 
32325 codespace ./cli kernel images/4096x40        0   393320   393372   394540 
32329 codespace ./cli kernel images/4096x40        0   393320   393372   394584 
32331 codespace ./cli kernel images/4096x40        0   393320   393373   394592 
32323 codespace ./cli kernel images/4096x40        0   393324   393375   394540 
32327 codespace ./cli kernel images/4096x40        0   393324   393376   394580 
%CPU %MEM ARGS Mon Oct  5 01:29:28 UTC 2026
 0.0  0.0 grep --color=auto ./cli       1  2256
20.8  4.8 ./cli kernel images/4096x40   0 394584
20.9  4.8 ./cli kernel images/4096x40   0 394580
21.2  4.8 ./cli kernel images/4096x40   0 394540
21.3  4.8 ./cli kernel images/4096x40   0 394540
21.5  4.8 ./cli kernel images/4096x40   0 394592
  PID User     Command                         Swap      USS      PSS      RSS 
38609 codespace /usr/bin/python3 /usr/bin/s        0    12056    12293    14476 
32325 codespace ./cli kernel images/4096x40        0   393320   393372   394540 
32329 codespace ./cli kernel images/4096x40        0   393320   393372   394584 
32331 codespace ./cli kernel images/4096x40        0   393320   393373   394592 
32323 codespace ./cli kernel images/4096x40        0   393324   393375   394540 
32327 codespace ./cli kernel images/4096x40        0   393324   393376   394580 
%CPU %MEM ARGS Mon Oct  5 01:29:28 UTC 2026
 0.0  0.0 grep --color=auto ./cli       0  2344
20.8  4.8 ./cli kernel images/4096x40   0 394584
20.9  4.8 ./cli kernel images/4096x40   1 394580
21.2  4.8 ./cli kernel images/4096x40   0 394540
21.3  4.8 ./cli kernel images/4096x40   0 394540
21.5  4.8 ./cli kernel images/4096x40   1 394592
  PID User     Command                         Swap      USS      PSS      RSS 
38615 codespace /usr/bin/python3 /usr/bin/s        0    12064    12305    14520 
32325 codespace ./cli kernel images/4096x40        0   393320   393370   394540 
32329 codespace ./cli kernel images/4096x40        0   393320   393372   394584 
32323 codespace ./cli kernel images/4096x40        0   393324   393373   394540 
32327 codespace ./cli kernel images/4096x40        0   393324   393373   394580 
32331 codespace ./cli kernel images/4096x40        0   393320   393373   394592 
%CPU %MEM ARGS Mon Oct  5 01:29:30 UTC 2026
 0.0  0.0 grep --color=auto ./cli       1  2200
20.8  4.8 ./cli kernel images/4096x40   1 394584
20.9  4.8 ./cli kernel images/4096x40   0 394580
21.2  4.8 ./cli kernel images/4096x40   1 394540
21.2  4.8 ./cli kernel images/4096x40   1 394540
21.5  4.8 ./cli kernel images/4096x40   1 394592
  PID User     Command                         Swap      USS      PSS      RSS 
38627 codespace /usr/bin/python3 /usr/bin/s        0    12056    12292    14476 
32323 codespace ./cli kernel images/4096x40        0   393324   393369   394540 
32329 codespace ./cli kernel images/4096x40        0   393320   393372   394584 
32325 codespace ./cli kernel images/4096x40        0   393320   393373   394540 
32331 codespace ./cli kernel images/4096x40        0   393320   393373   394592 
32327 codespace ./cli kernel images/4096x40        0   393324   393376   394580 
%CPU %MEM ARGS Mon Oct  5 01:29:31 UTC 2026
 0.0  0.0 grep --color=auto ./cli       1  2176
20.8  4.8 ./cli kernel images/4096x40   1 394584
20.9  4.8 ./cli kernel images/4096x40   0 394580
21.2  4.8 ./cli kernel images/4096x40   0 394540
21.2  4.8 ./cli kernel images/4096x40   0 394540
21.5  4.8 ./cli kernel images/4096x40   0 394592
  PID User     Command                         Swap      USS      PSS      RSS 
38639 codespace /usr/bin/python3 /usr/bin/s        0    12072    12325    14588 
32329 codespace ./cli kernel images/4096x40        0   393320   393372   394584 
32325 codespace ./cli kernel images/4096x40        0   393320   393373   394540 
32331 codespace ./cli kernel images/4096x40        0   393320   393373   394592 
32323 codespace ./cli kernel images/4096x40        0   393324   393375   394540 
32327 codespace ./cli kernel images/4096x40        0   393324   393376   394580 
%CPU %MEM ARGS Mon Oct  5 01:29:32 UTC 2026
 0.0  0.0 grep --color=auto ./cli       0  2164
20.8  4.8 ./cli kernel images/4096x40   1 394584
20.9  4.8 ./cli kernel images/4096x40   0 394580
21.2  4.8 ./cli kernel images/4096x40   0 394540
21.2  4.8 ./cli kernel images/4096x40   1 394540
21.4  4.8 ./cli kernel images/4096x40   0 394592
  PID User     Command                         Swap      USS      PSS      RSS 
38645 codespace /usr/bin/python3 /usr/bin/s        0    12068    12316    14548 
32329 codespace ./cli kernel images/4096x40        0   393320   393372   394584 
32325 codespace ./cli kernel images/4096x40        0   393320   393373   394540 
32331 codespace ./cli kernel images/4096x40        0   393320   393373   394592 
32323 codespace ./cli kernel images/4096x40        0   393324   393375   394540 
32327 codespace ./cli kernel images/4096x40        0   393324   393376   394580 
%CPU %MEM ARGS Mon Oct  5 01:29:33 UTC 2026
 0.0  0.0 grep --color=auto ./cli       0  2200
20.8  4.8 ./cli kernel images/4096x40   0 394584
20.9  4.8 ./cli kernel images/4096x40   0 394580
21.2  4.8 ./cli kernel images/4096x40   0 394540
21.2  4.8 ./cli kernel images/4096x40   0 394540
21.4  4.8 ./cli kernel images/4096x40   0 394592
  PID User     Command                         Swap      USS      PSS      RSS 
38651 codespace /usr/bin/python3 /usr/bin/s        0    12064    12300    14516 
32325 codespace ./cli kernel images/4096x40        0   393320   393372   394540 
32329 codespace ./cli kernel images/4096x40        0   393320   393372   394584 
32331 codespace ./cli kernel images/4096x40        0   393320   393373   394592 
32323 codespace ./cli kernel images/4096x40        0   393324   393375   394540 
32327 codespace ./cli kernel images/4096x40        0   393324   393376   394580 
%CPU %MEM ARGS Mon Oct  5 01:29:33 UTC 2026
 0.0  0.0 grep --color=auto ./cli       1  2180
20.8  4.8 ./cli kernel images/4096x40   1 394584
20.9  4.8 ./cli kernel images/4096x40   1 394580
21.2  4.8 ./cli kernel images/4096x40   1 394540
21.2  4.8 ./cli kernel images/4096x40   1 394540
21.4  4.8 ./cli kernel images/4096x40   0 394592
  PID User     Command                         Swap      USS      PSS      RSS 
38657 codespace /usr/bin/python3 /usr/bin/s        0    12068    12313    14516 
32325 codespace ./cli kernel images/4096x40        0   393320   393372   394540 
32329 codespace ./cli kernel images/4096x40        0   393320   393372   394584 
32331 codespace ./cli kernel images/4096x40        0   393320   393372   394592 
32323 codespace ./cli kernel images/4096x40        0   393324   393375   394540 
32327 codespace ./cli kernel images/4096x40        0   393324   393376   394580 
%CPU %MEM ARGS Mon Oct  5 01:29:34 UTC 2026
 0.0  0.0 grep --color=auto ./cli       0  2176
20.8  4.8 ./cli kernel images/4096x40   1 394584
20.9  4.8 ./cli kernel images/4096x40   1 394580
21.2  4.8 ./cli kernel images/4096x40   1 394540
21.2  4.8 ./cli kernel images/4096x40   0 394540
21.4  4.8 ./cli kernel images/4096x40   1 394592
  PID User     Command                         Swap      USS      PSS      RSS 
38668 codespace /usr/bin/python3 /usr/bin/s        0    12064    12311    14544 
32325 codespace ./cli kernel images/4096x40        0   393320   393370   394540 
32323 codespace ./cli kernel images/4096x40        0   393324   393372   394540 
32329 codespace ./cli kernel images/4096x40        0   393320   393372   394584 
32331 codespace ./cli kernel images/4096x40        0   393320   393373   394592 
32327 codespace ./cli kernel images/4096x40        0   393324   393376   394580 
%CPU %MEM ARGS Mon Oct  5 01:29:35 UTC 2026
 0.0  0.0 grep --color=auto ./cli       0  2156
20.8  4.8 ./cli kernel images/4096x40   0 394584
20.9  4.8 ./cli kernel images/4096x40   0 394580
21.2  4.8 ./cli kernel images/4096x40   0 394540
21.2  4.8 ./cli kernel images/4096x40   0 394540
21.4  4.8 ./cli kernel images/4096x40   1 394592
  PID User     Command                         Swap      USS      PSS      RSS 
38681 codespace /usr/bin/python3 /usr/bin/s        0    12088    12344    14596 
32329 codespace ./cli kernel images/4096x40        0   393320   393372   394584 
32325 codespace ./cli kernel images/4096x40        0   393320   393373   394540 
32331 codespace ./cli kernel images/4096x40        0   393320   393373   394592 
32323 codespace ./cli kernel images/4096x40        0   393324   393375   394540 
32327 codespace ./cli kernel images/4096x40        0   393324   393376   394580 
%CPU %MEM ARGS Mon Oct  5 01:29:36 UTC 2026
 0.0  0.0 grep --color=auto ./cli       0  2248
20.8  4.8 ./cli kernel images/4096x40   0 394584
20.8  4.8 ./cli kernel images/4096x40   0 394580
21.2  4.8 ./cli kernel images/4096x40   0 394540
21.2  4.8 ./cli kernel images/4096x40   0 394540
21.4  4.8 ./cli kernel images/4096x40   1 394592
  PID User     Command                         Swap      USS      PSS      RSS 
38686 codespace /usr/bin/python3 /usr/bin/s        0    12064    12304    14480 
32329 codespace ./cli kernel images/4096x40        0   393320   393372   394584 
32325 codespace ./cli kernel images/4096x40        0   393320   393373   394540 
32331 codespace ./cli kernel images/4096x40        0   393320   393373   394592 
32323 codespace ./cli kernel images/4096x40        0   393324   393375   394540 
32327 codespace ./cli kernel images/4096x40        0   393324   393376   394580 
%CPU %MEM ARGS Mon Oct  5 01:29:37 UTC 2026
 0.0  0.0 grep --color=auto ./cli       1  2180
20.8  4.8 ./cli kernel images/4096x40   1 394584
20.8  4.8 ./cli kernel images/4096x40   1 394580
21.1  4.8 ./cli kernel images/4096x40   0 394540
21.2  4.8 ./cli kernel images/4096x40   1 394540
21.4  4.8 ./cli kernel images/4096x40   1 394592
  PID User     Command                         Swap      USS      PSS      RSS 
38710 codespace /usr/bin/python3 /usr/bin/s        0    12060    12300    14476 
32329 codespace ./cli kernel images/4096x40        0   393320   393372   394584 
32325 codespace ./cli kernel images/4096x40        0   393320   393373   394540 
32331 codespace ./cli kernel images/4096x40        0   393320   393373   394592 
32323 codespace ./cli kernel images/4096x40        0   393324   393375   394540 
32327 codespace ./cli kernel images/4096x40        0   393324   393376   394580 
%CPU %MEM ARGS Mon Oct  5 01:29:38 UTC 2026
 0.0  0.0 grep --color=auto ./cli       0  2344
20.8  4.8 ./cli kernel images/4096x40   0 394584
20.8  4.8 ./cli kernel images/4096x40   0 394580
21.1  4.8 ./cli kernel images/4096x40   0 394540
21.2  4.8 ./cli kernel images/4096x40   0 394540
21.5  4.8 ./cli kernel images/4096x40   1 394592
  PID User     Command                         Swap      USS      PSS      RSS 
38723 codespace /usr/bin/python3 /usr/bin/s        0    12084    12338    14540 
32329 codespace ./cli kernel images/4096x40        0   393320   393372   394584 
32325 codespace ./cli kernel images/4096x40        0   393320   393373   394540 
32331 codespace ./cli kernel images/4096x40        0   393320   393373   394592 
32323 codespace ./cli kernel images/4096x40        0   393324   393375   394540 
32327 codespace ./cli kernel images/4096x40        0   393324   393376   394580 
%CPU %MEM ARGS Mon Oct  5 01:29:39 UTC 2026
 0.0  0.0 grep --color=auto ./cli       0  2176
20.8  4.8 ./cli kernel images/4096x40   1 394584
20.8  4.8 ./cli kernel images/4096x40   0 394580
21.1  4.8 ./cli kernel images/4096x40   0 394540
21.2  4.8 ./cli kernel images/4096x40   0 394540
21.5  4.8 ./cli kernel images/4096x40   0 394592
  PID User     Command                         Swap      USS      PSS      RSS 
38729 codespace /usr/bin/python3 /usr/bin/s        0    12064    12312    14512 
32325 codespace ./cli kernel images/4096x40        0   393320   393372   394540 
32329 codespace ./cli kernel images/4096x40        0   393320   393372   394584 
32331 codespace ./cli kernel images/4096x40        0   393320   393373   394592 
32323 codespace ./cli kernel images/4096x40        0   393324   393375   394540 
32327 codespace ./cli kernel images/4096x40        0   393324   393376   394580 
%CPU %MEM ARGS Mon Oct  5 01:29:41 UTC 2026
 0.0  0.0 grep --color=auto ./cli       0  2208
20.8  4.8 ./cli kernel images/4096x40   1 394584
20.8  4.8 ./cli kernel images/4096x40   0 394580
21.1  4.8 ./cli kernel images/4096x40   1 394540
21.2  4.8 ./cli kernel images/4096x40   1 394540
21.4  4.8 ./cli kernel images/4096x40   1 394592
  PID User     Command                         Swap      USS      PSS      RSS 
38741 codespace /usr/bin/python3 /usr/bin/s        0    12064    12310    14540 
32327 codespace ./cli kernel images/4096x40        0   393324   393371   394580 
32329 codespace ./cli kernel images/4096x40        0   393320   393372   394584 
32325 codespace ./cli kernel images/4096x40        0   393320   393373   394540 
32331 codespace ./cli kernel images/4096x40        0   393320   393373   394592 
32323 codespace ./cli kernel images/4096x40        0   393324   393375   394540 
%CPU %MEM ARGS Mon Oct  5 01:29:42 UTC 2026
 0.0  0.0 grep --color=auto ./cli       0  2212
20.8  4.8 ./cli kernel images/4096x40   0 394584
20.9  4.8 ./cli kernel images/4096x40   1 394580
21.1  4.8 ./cli kernel images/4096x40   0 394540
21.2  4.8 ./cli kernel images/4096x40   0 394540
21.4  4.8 ./cli kernel images/4096x40   0 394592
  PID User     Command                         Swap      USS      PSS      RSS 
38753 codespace /usr/bin/python3 /usr/bin/s        0    12068    12316    14548 
32325 codespace ./cli kernel images/4096x40        0   393320   393373   394540 
32329 codespace ./cli kernel images/4096x40        0   393320   393373   394584 
32331 codespace ./cli kernel images/4096x40        0   393320   393373   394592 
32323 codespace ./cli kernel images/4096x40        0   393324   393375   394540 
32327 codespace ./cli kernel images/4096x40        0   393324   393376   394580 
%CPU %MEM ARGS Mon Oct  5 01:29:43 UTC 2026
 0.0  0.0 grep --color=auto ./cli       0  2212
20.8  4.8 ./cli kernel images/4096x40   1 394584
20.9  4.8 ./cli kernel images/4096x40   0 394580
21.1  4.8 ./cli kernel images/4096x40   0 394540
21.2  4.8 ./cli kernel images/4096x40   0 394540
21.4  4.8 ./cli kernel images/4096x40   0 394592
  PID User     Command                         Swap      USS      PSS      RSS 
38759 codespace /usr/bin/python3 /usr/bin/s        0    12068    12302    14440 
32325 codespace ./cli kernel images/4096x40        0   393320   393372   394540 
32329 codespace ./cli kernel images/4096x40        0   393320   393372   394584 
32331 codespace ./cli kernel images/4096x40        0   393320   393373   394592 
32323 codespace ./cli kernel images/4096x40        0   393324   393375   394540 
32327 codespace ./cli kernel images/4096x40        0   393324   393376   394580 
%CPU %MEM ARGS Mon Oct  5 01:29:44 UTC 2026
 0.0  0.0 grep --color=auto ./cli       0  2160
20.8  4.8 ./cli kernel images/4096x40   1 394584
20.9  4.8 ./cli kernel images/4096x40   0 394580
21.1  4.8 ./cli kernel images/4096x40   0 394540
21.2  4.8 ./cli kernel images/4096x40   0 394540
21.4  4.8 ./cli kernel images/4096x40   0 394592
  PID User     Command                         Swap      USS      PSS      RSS 
38765 codespace /usr/bin/python3 /usr/bin/s        0    12064    12307    14480 
32325 codespace ./cli kernel images/4096x40        0   393320   393372   394540 
32329 codespace ./cli kernel images/4096x40        0   393320   393372   394584 
32331 codespace ./cli kernel images/4096x40        0   393320   393373   394592 
32323 codespace ./cli kernel images/4096x40        0   393324   393375   394540 
32327 codespace ./cli kernel images/4096x40        0   393324   393376   394580 
%CPU %MEM ARGS Mon Oct  5 01:29:45 UTC 2026
 0.0  0.0 grep --color=auto ./cli       0  2180
20.8  4.8 ./cli kernel images/4096x40   0 394584
20.9  4.8 ./cli kernel images/4096x40   1 394580
21.1  4.8 ./cli kernel images/4096x40   0 394540
21.1  4.8 ./cli kernel images/4096x40   0 394540
21.4  4.8 ./cli kernel images/4096x40   0 394592
  PID User     Command                         Swap      USS      PSS      RSS 
38774 codespace /usr/bin/python3 /usr/bin/s        0    12072    12331    14572 
32325 codespace ./cli kernel images/4096x40        0   393320   393372   394540 
32329 codespace ./cli kernel images/4096x40        0   393320   393372   394584 
32331 codespace ./cli kernel images/4096x40        0   393320   393373   394592 
32323 codespace ./cli kernel images/4096x40        0   393324   393375   394540 
32327 codespace ./cli kernel images/4096x40        0   393324   393376   394580 
%CPU %MEM ARGS Mon Oct  5 01:29:46 UTC 2026
 0.0  0.0 grep --color=auto ./cli       0  2204
20.8  4.8 ./cli kernel images/4096x40   0 394584
20.9  4.8 ./cli kernel images/4096x40   0 394580
21.1  4.8 ./cli kernel images/4096x40   0 394540
21.1  4.8 ./cli kernel images/4096x40   1 394540
21.4  4.8 ./cli kernel images/4096x40   0 394592
  PID User     Command                         Swap      USS      PSS      RSS 
38789 codespace /usr/bin/python3 /usr/bin/s        0    12064    12305    14480 
32325 codespace ./cli kernel images/4096x40        0   393320   393372   394540 
32329 codespace ./cli kernel images/4096x40        0   393320   393372   394584 
32331 codespace ./cli kernel images/4096x40        0   393320   393373   394592 
32323 codespace ./cli kernel images/4096x40        0   393324   393375   394540 
32327 codespace ./cli kernel images/4096x40        0   393324   393376   394580 
%CPU %MEM ARGS Mon Oct  5 01:29:47 UTC 2026
 0.0  0.0 grep --color=auto ./cli       0  2024
20.8  4.8 ./cli kernel images/4096x40   0 394584
20.9  4.8 ./cli kernel images/4096x40   0 394580
21.1  4.8 ./cli kernel images/4096x40   0 394540
21.1  4.8 ./cli kernel images/4096x40   0 394540
21.4  4.8 ./cli kernel images/4096x40   0 394592
  PID User     Command                         Swap      USS      PSS      RSS 
38801 codespace /usr/bin/python3 /usr/bin/s        0    12072    12325    14588 
32325 codespace ./cli kernel images/4096x40        0   393320   393372   394540 
32329 codespace ./cli kernel images/4096x40        0   393320   393372   394584 
32331 codespace ./cli kernel images/4096x40        0   393320   393373   394592 
32323 codespace ./cli kernel images/4096x40        0   393324   393375   394540 
32327 codespace ./cli kernel images/4096x40        0   393324   393376   394580 
%CPU %MEM ARGS Mon Oct  5 01:29:48 UTC 2026
 0.0  0.0 grep --color=auto ./cli       1  2300
20.8  4.8 ./cli kernel images/4096x40   1 394584
20.9  4.8 ./cli kernel images/4096x40   0 394580
21.1  4.8 ./cli kernel images/4096x40   1 394540
21.1  4.8 ./cli kernel images/4096x40   1 394540
21.4  4.8 ./cli kernel images/4096x40   1 394592
  PID User     Command                         Swap      USS      PSS      RSS 
38819 codespace /usr/bin/python3 /usr/bin/s        0    12088    12344    14596 
32325 codespace ./cli kernel images/4096x40        0   393320   393368   394540 
32329 codespace ./cli kernel images/4096x40        0   393320   393372   394584 
32331 codespace ./cli kernel images/4096x40        0   393320   393373   394592 
32323 codespace ./cli kernel images/4096x40        0   393324   393375   394540 
32327 codespace ./cli kernel images/4096x40        0   393324   393376   394580 
%CPU %MEM ARGS Mon Oct  5 01:29:49 UTC 2026
 0.0  0.0 grep --color=auto ./cli       0  2136
20.8  4.8 ./cli kernel images/4096x40   0 394584
20.9  4.8 ./cli kernel images/4096x40   0 394580
21.1  4.8 ./cli kernel images/4096x40   0 394540
21.1  4.8 ./cli kernel images/4096x40   0 394540
21.4  4.8 ./cli kernel images/4096x40   0 394592
  PID User     Command                         Swap      USS      PSS      RSS 
38831 codespace /usr/bin/python3 /usr/bin/s        0    12056    12295    14472 
32329 codespace ./cli kernel images/4096x40        0   393320   393372   394584 
32325 codespace ./cli kernel images/4096x40        0   393320   393373   394540 
32331 codespace ./cli kernel images/4096x40        0   393320   393373   394592 
32323 codespace ./cli kernel images/4096x40        0   393324   393375   394540 
32327 codespace ./cli kernel images/4096x40        0   393324   393376   394580 
%CPU %MEM ARGS Mon Oct  5 01:29:51 UTC 2026
 0.0  0.0 grep --color=auto ./cli       0  2168
20.8  4.8 ./cli kernel images/4096x40   0 394584
20.9  4.8 ./cli kernel images/4096x40   0 394580
21.1  4.8 ./cli kernel images/4096x40   1 394540
21.1  4.8 ./cli kernel images/4096x40   0 394540
21.4  4.8 ./cli kernel images/4096x40   0 394592
  PID User     Command                         Swap      USS      PSS      RSS 
38837 codespace /usr/bin/python3 /usr/bin/s        0    12060    12310    14528 
32329 codespace ./cli kernel images/4096x40        0   393320   393372   394584 
32325 codespace ./cli kernel images/4096x40        0   393320   393373   394540 
32331 codespace ./cli kernel images/4096x40        0   393320   393373   394592 
32323 codespace ./cli kernel images/4096x40        0   393324   393375   394540 
32327 codespace ./cli kernel images/4096x40        0   393324   393376   394580 
%CPU %MEM ARGS Mon Oct  5 01:29:52 UTC 2026
 0.0  0.0 grep --color=auto ./cli       0  2176
20.8  4.8 ./cli kernel images/4096x40   0 394584
20.9  4.8 ./cli kernel images/4096x40   0 394580
21.1  4.8 ./cli kernel images/4096x40   1 394540
21.1  4.8 ./cli kernel images/4096x40   0 394540
21.4  4.8 ./cli kernel images/4096x40   0 394592
  PID User     Command                         Swap      USS      PSS      RSS 
38850 codespace /usr/bin/python3 /usr/bin/s        0    12064    12312    14540 
32329 codespace ./cli kernel images/4096x40        0   393320   393371   394584 
32325 codespace ./cli kernel images/4096x40        0   393320   393373   394540 
32331 codespace ./cli kernel images/4096x40        0   393320   393373   394592 
32323 codespace ./cli kernel images/4096x40        0   393324   393375   394540 
32327 codespace ./cli kernel images/4096x40        0   393324   393376   394580 
%CPU %MEM ARGS Mon Oct  5 01:29:53 UTC 2026
 0.0  0.0 grep --color=auto ./cli       0  2172
20.8  4.8 ./cli kernel images/4096x40   0 394584
20.9  4.8 ./cli kernel images/4096x40   0 394580
21.1  4.8 ./cli kernel images/4096x40   0 394540
21.1  4.8 ./cli kernel images/4096x40   1 394540
21.3  4.8 ./cli kernel images/4096x40   0 394592
  PID User     Command                         Swap      USS      PSS      RSS 
38862 codespace /usr/bin/python3 /usr/bin/s        0    12076    12335    14624 
32329 codespace ./cli kernel images/4096x40        0   393320   393372   394584 
32325 codespace ./cli kernel images/4096x40        0   393320   393373   394540 
32331 codespace ./cli kernel images/4096x40        0   393320   393373   394592 
32323 codespace ./cli kernel images/4096x40        0   393324   393375   394540 
32327 codespace ./cli kernel images/4096x40        0   393324   393376   394580 
%CPU %MEM ARGS Mon Oct  5 01:29:54 UTC 2026
 0.0  0.0 grep --color=auto ./cli       0  2208
20.8  4.8 ./cli kernel images/4096x40   1 394584
20.9  4.8 ./cli kernel images/4096x40   0 394580
21.1  4.8 ./cli kernel images/4096x40   1 394540
21.1  4.8 ./cli kernel images/4096x40   1 394540
21.3  4.8 ./cli kernel images/4096x40   1 394592
  PID User     Command                         Swap      USS      PSS      RSS 
38868 codespace /usr/bin/python3 /usr/bin/s        0    12080    12339    14628 
32329 codespace ./cli kernel images/4096x40        0   393320   393372   394584 
32325 codespace ./cli kernel images/4096x40        0   393320   393373   394540 
32331 codespace ./cli kernel images/4096x40        0   393320   393373   394592 
32323 codespace ./cli kernel images/4096x40        0   393324   393375   394540 
32327 codespace ./cli kernel images/4096x40        0   393324   393376   394580 
%CPU %MEM ARGS Mon Oct  5 01:29:55 UTC 2026
 0.0  0.0 grep --color=auto ./cli       0  2300
20.8  4.8 ./cli kernel images/4096x40   1 394584
20.9  4.8 ./cli kernel images/4096x40   1 394580
21.1  4.8 ./cli kernel images/4096x40   1 394540
21.1  4.8 ./cli kernel images/4096x40   1 394540
21.3  4.8 ./cli kernel images/4096x40   1 394592
  PID User     Command                         Swap      USS      PSS      RSS 
38873 codespace /usr/bin/python3 /usr/bin/s        0    12064    12304    14480 
32329 codespace ./cli kernel images/4096x40        0   393320   393372   394584 
32325 codespace ./cli kernel images/4096x40        0   393320   393373   394540 
32331 codespace ./cli kernel images/4096x40        0   393320   393373   394592 
32323 codespace ./cli kernel images/4096x40        0   393324   393375   394540 
32327 codespace ./cli kernel images/4096x40        0   393324   393376   394580 
%CPU %MEM ARGS Mon Oct  5 01:29:55 UTC 2026
 0.0  0.0 grep --color=auto ./cli       1  2212
20.8  4.8 ./cli kernel images/4096x40   1 394584
20.8  4.8 ./cli kernel images/4096x40   1 394580
21.1  4.8 ./cli kernel images/4096x40   0 394540
21.1  4.8 ./cli kernel images/4096x40   1 394540
21.3  4.8 ./cli kernel images/4096x40   1 394592
  PID User     Command                         Swap      USS      PSS      RSS 
38879 codespace /usr/bin/python3 /usr/bin/s        0    12068    12328    14568 
32329 codespace ./cli kernel images/4096x40        0   393320   393366   394584 
32325 codespace ./cli kernel images/4096x40        0   393320   393372   394540 
32331 codespace ./cli kernel images/4096x40        0   393320   393373   394592 
32323 codespace ./cli kernel images/4096x40        0   393324   393375   394540 
32327 codespace ./cli kernel images/4096x40        0   393324   393376   394580 
%CPU %MEM ARGS Mon Oct  5 01:29:57 UTC 2026
 0.0  0.0 grep --color=auto ./cli       1  2252
20.8  4.8 ./cli kernel images/4096x40   1 394584
20.8  4.8 ./cli kernel images/4096x40   1 394580
21.1  4.8 ./cli kernel images/4096x40   0 394540
21.1  4.8 ./cli kernel images/4096x40   1 394540
21.3  4.8 ./cli kernel images/4096x40   1 394592
  PID User     Command                         Swap      USS      PSS      RSS 
38891 codespace /usr/bin/python3 /usr/bin/s        0    12060    12273    14480 
32331 codespace ./cli kernel images/4096x40        0   393320   393371   394592 
32329 codespace ./cli kernel images/4096x40        0   393320   393372   394584 
32325 codespace ./cli kernel images/4096x40        0   393320   393373   394540 
32323 codespace ./cli kernel images/4096x40        0   393324   393375   394540 
32327 codespace ./cli kernel images/4096x40        0   393324   393376   394580 
%CPU %MEM ARGS Mon Oct  5 01:29:58 UTC 2026
 0.0  0.0 grep --color=auto ./cli       1  2252
20.7  4.8 ./cli kernel images/4096x40   0 394584
20.8  4.8 ./cli kernel images/4096x40   0 394580
21.1  4.8 ./cli kernel images/4096x40   1 394540
21.1  4.8 ./cli kernel images/4096x40   0 394540
21.3  4.8 ./cli kernel images/4096x40   1 394592
  PID User     Command                         Swap      USS      PSS      RSS 
38910 codespace /usr/bin/python3 /usr/bin/s        0    12068    12317    14516 
32325 codespace ./cli kernel images/4096x40        0   393320   393372   394540 
32329 codespace ./cli kernel images/4096x40        0   393320   393372   394584 
32331 codespace ./cli kernel images/4096x40        0   393320   393373   394592 
32323 codespace ./cli kernel images/4096x40        0   393324   393375   394540 
32327 codespace ./cli kernel images/4096x40        0   393324   393376   394580 
%CPU %MEM ARGS Mon Oct  5 01:29:59 UTC 2026
 0.0  0.0 grep --color=auto ./cli       0  2176
20.7  4.8 ./cli kernel images/4096x40   1 394584
20.8  4.8 ./cli kernel images/4096x40   1 394580
21.1  4.8 ./cli kernel images/4096x40   1 394540
21.1  4.8 ./cli kernel images/4096x40   1 394540
21.3  4.8 ./cli kernel images/4096x40   1 394592
  PID User     Command                         Swap      USS      PSS      RSS 
38929 codespace /usr/bin/python3 /usr/bin/s        0    12064    12304    14480 
32329 codespace ./cli kernel images/4096x40        0   393320   393372   394584 
32325 codespace ./cli kernel images/4096x40        0   393320   393373   394540 
32331 codespace ./cli kernel images/4096x40        0   393320   393373   394592 
32323 codespace ./cli kernel images/4096x40        0   393324   393375   394540 
32327 codespace ./cli kernel images/4096x40        0   393324   393376   394580 
%CPU %MEM ARGS Mon Oct  5 01:30:00 UTC 2026
 0.0  0.0 grep --color=auto ./cli       0  2344
20.7  4.8 ./cli kernel images/4096x40   0 394584
20.8  4.8 ./cli kernel images/4096x40   0 394580
21.1  4.8 ./cli kernel images/4096x40   0 394540
21.1  4.8 ./cli kernel images/4096x40   0 394540
21.3  4.8 ./cli kernel images/4096x40   1 394592
  PID User     Command                         Swap      USS      PSS      RSS 
38934 codespace /usr/bin/python3 /usr/bin/s        0    12056    12296    14472 
32323 codespace ./cli kernel images/4096x40        0   393324   393369   394540 
32329 codespace ./cli kernel images/4096x40        0   393320   393372   394584 
32325 codespace ./cli kernel images/4096x40        0   393320   393373   394540 
32331 codespace ./cli kernel images/4096x40        0   393320   393373   394592 
32327 codespace ./cli kernel images/4096x40        0   393324   393376   394580 
%CPU %MEM ARGS Mon Oct  5 01:30:01 UTC 2026
 0.0  0.0 grep --color=auto ./cli       0  2156
20.7  4.8 ./cli kernel images/4096x40   0 394584
20.8  4.8 ./cli kernel images/4096x40   0 394580
21.1  4.8 ./cli kernel images/4096x40   0 394540
21.1  4.8 ./cli kernel images/4096x40   0 394540
21.3  4.8 ./cli kernel images/4096x40   1 394592
  PID User     Command                         Swap      USS      PSS      RSS 
38946 codespace /usr/bin/python3 /usr/bin/s        0    12068    12317    14516 
32325 codespace ./cli kernel images/4096x40        0   393320   393372   394540 
32329 codespace ./cli kernel images/4096x40        0   393320   393372   394584 
32331 codespace ./cli kernel images/4096x40        0   393320   393373   394592 
32323 codespace ./cli kernel images/4096x40        0   393324   393375   394540 
32327 codespace ./cli kernel images/4096x40        0   393324   393376   394580 
%CPU %MEM ARGS Mon Oct  5 01:30:02 UTC 2026
 0.0  0.0 grep --color=auto ./cli       0  2156
20.7  4.8 ./cli kernel images/4096x40   0 394584
20.8  4.8 ./cli kernel images/4096x40   0 394580
21.1  4.8 ./cli kernel images/4096x40   0 394540
21.1  4.8 ./cli kernel images/4096x40   0 394540
21.3  4.8 ./cli kernel images/4096x40   0 394592
  PID User     Command                         Swap      USS      PSS      RSS 
38952 codespace /usr/bin/python3 /usr/bin/s        0    12064    12304    14480 
32329 codespace ./cli kernel images/4096x40        0   393320   393372   394584 
32325 codespace ./cli kernel images/4096x40        0   393320   393373   394540 
32331 codespace ./cli kernel images/4096x40        0   393320   393373   394592 
32323 codespace ./cli kernel images/4096x40        0   393324   393375   394540 
32327 codespace ./cli kernel images/4096x40        0   393324   393375   394580 
%CPU %MEM ARGS Mon Oct  5 01:30:02 UTC 2026
 0.0  0.0 grep --color=auto ./cli       0  2192
20.7  4.8 ./cli kernel images/4096x40   0 394584
20.8  4.8 ./cli kernel images/4096x40   0 394580
21.1  4.8 ./cli kernel images/4096x40   0 394540
21.1  4.8 ./cli kernel images/4096x40   1 394540
21.3  4.8 ./cli kernel images/4096x40   0 394592
  PID User     Command                         Swap      USS      PSS      RSS 
38958 codespace /usr/bin/python3 /usr/bin/s        0    12060    12294    14624 
32329 codespace ./cli kernel images/4096x40        0   393320   393370   394584 
32331 codespace ./cli kernel images/4096x40        0   393320   393370   394592 
32325 codespace ./cli kernel images/4096x40        0   393320   393373   394540 
32327 codespace ./cli kernel images/4096x40        0   393324   393373   394580 
32323 codespace ./cli kernel images/4096x40        0   393324   393375   394540 
%CPU %MEM ARGS Mon Oct  5 01:30:03 UTC 2026
 0.0  0.0 grep --color=auto ./cli       0  2172
20.7  4.8 ./cli kernel images/4096x40   1 394584
20.8  4.8 ./cli kernel images/4096x40   1 394580
21.1  4.8 ./cli kernel images/4096x40   0 394540
21.1  4.8 ./cli kernel images/4096x40   1 394540
21.3  4.8 ./cli kernel images/4096x40   1 394592
  PID User     Command                         Swap      USS      PSS      RSS 
38970 codespace /usr/bin/python3 /usr/bin/s        0    12056    12290    14476 
32329 codespace ./cli kernel images/4096x40        0   393320   393372   394584 
32325 codespace ./cli kernel images/4096x40        0   393320   393373   394540 
32331 codespace ./cli kernel images/4096x40        0   393320   393373   394592 
32323 codespace ./cli kernel images/4096x40        0   393324   393375   394540 
32327 codespace ./cli kernel images/4096x40        0   393324   393376   394580 
%CPU %MEM ARGS Mon Oct  5 01:30:05 UTC 2026
 0.0  0.0 grep --color=auto ./cli       0  2208
20.7  4.8 ./cli kernel images/4096x40   1 394584
20.8  4.8 ./cli kernel images/4096x40   1 394580
21.1  4.8 ./cli kernel images/4096x40   1 394540
21.1  4.8 ./cli kernel images/4096x40   0 394540
21.3  4.8 ./cli kernel images/4096x40   1 394592
  PID User     Command                         Swap      USS      PSS      RSS 
38982 codespace /usr/bin/python3 /usr/bin/s        0    12064    12294    14504 
32329 codespace ./cli kernel images/4096x40        0   393320   393372   394584 
32325 codespace ./cli kernel images/4096x40        0   393320   393373   394540 
32331 codespace ./cli kernel images/4096x40        0   393320   393373   394592 
32323 codespace ./cli kernel images/4096x40        0   393324   393375   394540 
32327 codespace ./cli kernel images/4096x40        0   393324   393376   394580 
%CPU %MEM ARGS Mon Oct  5 01:30:05 UTC 2026
 0.0  0.0 grep --color=auto ./cli       1  2068
20.7  4.8 ./cli kernel images/4096x40   1 394584
20.8  4.8 ./cli kernel images/4096x40   0 394580
21.1  4.8 ./cli kernel images/4096x40   1 394540
21.1  4.8 ./cli kernel images/4096x40   1 394540
21.3  4.8 ./cli kernel images/4096x40   1 394592
  PID User     Command                         Swap      USS      PSS      RSS 
38988 codespace /usr/bin/python3 /usr/bin/s        0    12072    12312    14488 
32329 codespace ./cli kernel images/4096x40        0   393320   393372   394584 
32325 codespace ./cli kernel images/4096x40        0   393320   393373   394540 
32331 codespace ./cli kernel images/4096x40        0   393320   393373   394592 
32323 codespace ./cli kernel images/4096x40        0   393324   393375   394540 
32327 codespace ./cli kernel images/4096x40        0   393324   393376   394580 
%CPU %MEM ARGS Mon Oct  5 01:30:06 UTC 2026
 0.0  0.0 grep --color=auto ./cli       1  2160
20.7  4.8 ./cli kernel images/4096x40   0 394584
20.8  4.8 ./cli kernel images/4096x40   1 394580
21.1  4.8 ./cli kernel images/4096x40   1 394540
21.1  4.8 ./cli kernel images/4096x40   1 394540
21.3  4.8 ./cli kernel images/4096x40   1 394592
  PID User     Command                         Swap      USS      PSS      RSS 
38994 codespace /usr/bin/python3 /usr/bin/s        0    12068    12313    14516 
32325 codespace ./cli kernel images/4096x40        0   393320   393370   394540 
32323 codespace ./cli kernel images/4096x40        0   393324   393372   394540 
32329 codespace ./cli kernel images/4096x40        0   393320   393372   394584 
32331 codespace ./cli kernel images/4096x40        0   393320   393373   394592 
32327 codespace ./cli kernel images/4096x40        0   393324   393376   394580 
%CPU %MEM ARGS Mon Oct  5 01:30:07 UTC 2026
 0.0  0.0 grep --color=auto ./cli       1  2176
20.7  4.8 ./cli kernel images/4096x40   1 394584
20.8  4.8 ./cli kernel images/4096x40   0 394580
21.1  4.8 ./cli kernel images/4096x40   1 394540
21.1  4.8 ./cli kernel images/4096x40   1 394540
21.3  4.8 ./cli kernel images/4096x40   1 394592
  PID User     Command                         Swap      USS      PSS      RSS 
39007 codespace /usr/bin/python3 /usr/bin/s        0    12068    12310    14484 
32329 codespace ./cli kernel images/4096x40        0   393320   393372   394584 
32325 codespace ./cli kernel images/4096x40        0   393320   393373   394540 
32331 codespace ./cli kernel images/4096x40        0   393320   393373   394592 
32323 codespace ./cli kernel images/4096x40        0   393324   393375   394540 
32327 codespace ./cli kernel images/4096x40        0   393324   393376   394580 
%CPU %MEM ARGS Mon Oct  5 01:30:09 UTC 2026
 0.0  0.0 grep --color=auto ./cli       1  2292
20.7  4.8 ./cli kernel images/4096x40   1 394584
20.8  4.8 ./cli kernel images/4096x40   0 394580
21.1  4.8 ./cli kernel images/4096x40   1 394540
21.1  4.8 ./cli kernel images/4096x40   1 394540
21.3  4.8 ./cli kernel images/4096x40   0 394592
  PID User     Command                         Swap      USS      PSS      RSS 
39040 codespace /usr/bin/python3 /usr/bin/s        0    12116    12375    14664 
32329 codespace ./cli kernel images/4096x40        0   393320   393372   394584 
32325 codespace ./cli kernel images/4096x40        0   393320   393373   394540 
32331 codespace ./cli kernel images/4096x40        0   393320   393373   394592 
32323 codespace ./cli kernel images/4096x40        0   393324   393375   394540 
32327 codespace ./cli kernel images/4096x40        0   393324   393376   394580 
%CPU %MEM ARGS Mon Oct  5 01:30:09 UTC 2026
 0.0  0.0 grep --color=auto ./cli       1  2192
20.7  4.8 ./cli kernel images/4096x40   0 394584
20.8  4.8 ./cli kernel images/4096x40   0 394580
21.1  4.8 ./cli kernel images/4096x40   1 394540
21.1  4.8 ./cli kernel images/4096x40   0 394540
21.3  4.8 ./cli kernel images/4096x40   0 394592
  PID User     Command                         Swap      USS      PSS      RSS 
39046 codespace /usr/bin/python3 /usr/bin/s        0    12064    12303    14480 
32329 codespace ./cli kernel images/4096x40        0   393320   393372   394584 
32325 codespace ./cli kernel images/4096x40        0   393320   393373   394540 
32331 codespace ./cli kernel images/4096x40        0   393320   393373   394592 
32323 codespace ./cli kernel images/4096x40        0   393324   393375   394540 
32327 codespace ./cli kernel images/4096x40        0   393324   393375   394580 
%CPU %MEM ARGS Mon Oct  5 01:30:10 UTC 2026
 0.0  0.0 grep --color=auto ./cli       0  2300
20.7  4.8 ./cli kernel images/4096x40   0 394584
20.8  4.8 ./cli kernel images/4096x40   0 394580
21.1  4.8 ./cli kernel images/4096x40   0 394540
21.1  4.8 ./cli kernel images/4096x40   1 394540
21.3  4.8 ./cli kernel images/4096x40   0 394592
  PID User     Command                         Swap      USS      PSS      RSS 
39052 codespace /usr/bin/python3 /usr/bin/s        0    12068    12308    14484 
32329 codespace ./cli kernel images/4096x40        0   393320   393372   394584 
32325 codespace ./cli kernel images/4096x40        0   393320   393373   394540 
32331 codespace ./cli kernel images/4096x40        0   393320   393373   394592 
32323 codespace ./cli kernel images/4096x40        0   393324   393375   394540 
32327 codespace ./cli kernel images/4096x40        0   393324   393376   394580 
%CPU %MEM ARGS Mon Oct  5 01:30:11 UTC 2026
 0.0  0.0 grep --color=auto ./cli       0  2304
20.7  4.8 ./cli kernel images/4096x40   0 394584
20.7  4.8 ./cli kernel images/4096x40   0 394580
21.0  4.8 ./cli kernel images/4096x40   0 394540
21.1  4.8 ./cli kernel images/4096x40   0 394540
21.3  4.8 ./cli kernel images/4096x40   1 394592
  PID User     Command                         Swap      USS      PSS      RSS 
39059 codespace /usr/bin/python3 /usr/bin/s        0    12072    12331    14620 
32329 codespace ./cli kernel images/4096x40        0   393320   393372   394584 
32325 codespace ./cli kernel images/4096x40        0   393320   393373   394540 
32331 codespace ./cli kernel images/4096x40        0   393320   393373   394592 
32323 codespace ./cli kernel images/4096x40        0   393324   393375   394540 
32327 codespace ./cli kernel images/4096x40        0   393324   393376   394580 
%CPU %MEM ARGS Mon Oct  5 01:30:12 UTC 2026
 0.0  0.0 grep --color=auto ./cli       0  2288
20.7  4.8 ./cli kernel images/4096x40   0 394584
20.7  4.8 ./cli kernel images/4096x40   0 394580
21.0  4.8 ./cli kernel images/4096x40   0 394540
21.1  4.8 ./cli kernel images/4096x40   0 394540
21.3  4.8 ./cli kernel images/4096x40   0 394592
  PID User     Command                         Swap      USS      PSS      RSS 
39070 codespace /usr/bin/python3 /usr/bin/s        0    12060    12300    14476 
32329 codespace ./cli kernel images/4096x40        0   393320   393372   394584 
32325 codespace ./cli kernel images/4096x40        0   393320   393373   394540 
32331 codespace ./cli kernel images/4096x40        0   393320   393373   394592 
32323 codespace ./cli kernel images/4096x40        0   393324   393375   394540 
32327 codespace ./cli kernel images/4096x40        0   393324   393376   394580 
%CPU %MEM ARGS Mon Oct  5 01:30:13 UTC 2026
 0.0  0.0 grep --color=auto ./cli       0  2164
20.7  4.8 ./cli kernel images/4096x40   1 394584
20.7  4.8 ./cli kernel images/4096x40   0 394580
21.0  4.8 ./cli kernel images/4096x40   0 394540
21.1  4.8 ./cli kernel images/4096x40   0 394540
21.3  4.8 ./cli kernel images/4096x40   0 394592
  PID User     Command                         Swap      USS      PSS      RSS 
39076 codespace /usr/bin/python3 /usr/bin/s        0    12064    12307    14480 
32325 codespace ./cli kernel images/4096x40        0   393320   393372   394540 
32329 codespace ./cli kernel images/4096x40        0   393320   393372   394584 
32331 codespace ./cli kernel images/4096x40        0   393320   393373   394592 
32323 codespace ./cli kernel images/4096x40        0   393324   393375   394540 
32327 codespace ./cli kernel images/4096x40        0   393324   393376   394580 
%CPU %MEM ARGS Mon Oct  5 01:30:14 UTC 2026
 0.0  0.0 grep --color=auto ./cli       0  2196
20.7  4.8 ./cli kernel images/4096x40   0 394584
20.7  4.8 ./cli kernel images/4096x40   0 394580
21.0  4.8 ./cli kernel images/4096x40   0 394540
21.1  4.8 ./cli kernel images/4096x40   1 394540
21.3  4.8 ./cli kernel images/4096x40   0 394592
  PID User     Command                         Swap      USS      PSS      RSS 
39082 codespace /usr/bin/python3 /usr/bin/s        0    12064    12299    14516 
32323 codespace ./cli kernel images/4096x40        0   393324   393372   394540 
32329 codespace ./cli kernel images/4096x40        0   393320   393372   394584 
32325 codespace ./cli kernel images/4096x40        0   393320   393373   394540 
32331 codespace ./cli kernel images/4096x40        0   393320   393373   394592 
32327 codespace ./cli kernel images/4096x40        0   393324   393376   394580 
%CPU %MEM ARGS Mon Oct  5 01:30:15 UTC 2026
 0.0  0.0 grep --color=auto ./cli       0  2192
20.7  4.8 ./cli kernel images/4096x40   1 394584
20.7  4.8 ./cli kernel images/4096x40   1 394580
21.0  4.8 ./cli kernel images/4096x40   1 394540
21.1  4.8 ./cli kernel images/4096x40   0 394540
21.3  4.8 ./cli kernel images/4096x40   1 394592
  PID User     Command                         Swap      USS      PSS      RSS 
39096 codespace /usr/bin/python3 /usr/bin/s        0    12072    12329    14572 
32325 codespace ./cli kernel images/4096x40        0   393320   393372   394540 
32329 codespace ./cli kernel images/4096x40        0   393320   393372   394584 
32331 codespace ./cli kernel images/4096x40        0   393320   393373   394592 
32323 codespace ./cli kernel images/4096x40        0   393324   393375   394540 
32327 codespace ./cli kernel images/4096x40        0   393324   393376   394580 
%CPU %MEM ARGS Mon Oct  5 01:30:16 UTC 2026
 0.0  0.0 grep --color=auto ./cli       1  2208
20.7  4.8 ./cli kernel images/4096x40   1 394584
20.7  4.8 ./cli kernel images/4096x40   1 394580
21.0  4.8 ./cli kernel images/4096x40   1 394540
21.1  4.8 ./cli kernel images/4096x40   0 394540
21.3  4.8 ./cli kernel images/4096x40   1 394592
  PID User     Command                         Swap      USS      PSS      RSS 
39107 codespace /usr/bin/python3 /usr/bin/s        0    12064    12306    14480 
32329 codespace ./cli kernel images/4096x40        0   393320   393372   394584 
32325 codespace ./cli kernel images/4096x40        0   393320   393373   394540 
32331 codespace ./cli kernel images/4096x40        0   393320   393373   394592 
32323 codespace ./cli kernel images/4096x40        0   393324   393375   394540 
32327 codespace ./cli kernel images/4096x40        0   393324   393376   394580 
%CPU %MEM ARGS Mon Oct  5 01:30:17 UTC 2026
 0.0  0.0 grep --color=auto ./cli       0  2156
20.7  4.8 ./cli kernel images/4096x40   0 394584
20.7  4.8 ./cli kernel images/4096x40   1 394580
21.0  4.8 ./cli kernel images/4096x40   0 394540
21.1  4.8 ./cli kernel images/4096x40   0 394540
21.2  4.8 ./cli kernel images/4096x40   0 394592
  PID User     Command                         Swap      USS      PSS      RSS 
39113 codespace /usr/bin/python3 /usr/bin/s        0    12056    12291    14468 
32329 codespace ./cli kernel images/4096x40        0   393320   393372   394584 
32325 codespace ./cli kernel images/4096x40        0   393320   393373   394540 
32331 codespace ./cli kernel images/4096x40        0   393320   393373   394592 
32323 codespace ./cli kernel images/4096x40        0   393324   393375   394540 
32327 codespace ./cli kernel images/4096x40        0   393324   393376   394580 
%CPU %MEM ARGS Mon Oct  5 01:30:18 UTC 2026
 0.0  0.0 grep --color=auto ./cli       1  2340
20.7  4.8 ./cli kernel images/4096x40   1 394584
20.7  4.8 ./cli kernel images/4096x40   1 394580
21.0  4.8 ./cli kernel images/4096x40   1 394540
21.1  4.8 ./cli kernel images/4096x40   0 394540
21.2  4.8 ./cli kernel images/4096x40   1 394592
  PID User     Command                         Swap      USS      PSS      RSS 
39119 codespace /usr/bin/python3 /usr/bin/s        0    12064    12283    14544 
32331 codespace ./cli kernel images/4096x40        0   393320   393367   394592 
32329 codespace ./cli kernel images/4096x40        0   393320   393370   394584 
32325 codespace ./cli kernel images/4096x40        0   393320   393371   394540 
32323 codespace ./cli kernel images/4096x40        0   393324   393375   394540 
32327 codespace ./cli kernel images/4096x40        0   393324   393376   394580 
%CPU %MEM ARGS Mon Oct  5 01:30:19 UTC 2026
 0.0  0.0 grep --color=auto ./cli       0  2212
20.6  4.8 ./cli kernel images/4096x40   1 394584
20.7  4.8 ./cli kernel images/4096x40   0 394580
21.0  4.8 ./cli kernel images/4096x40   1 394540
21.1  4.8 ./cli kernel images/4096x40   0 394540
21.2  4.8 ./cli kernel images/4096x40   0 394592
  PID User     Command                         Swap      USS      PSS      RSS 
39149 codespace /usr/bin/python3 /usr/bin/s        0    12060    12303    14512 
32329 codespace ./cli kernel images/4096x40        0   393320   393372   394584 
32325 codespace ./cli kernel images/4096x40        0   393320   393373   394540 
32331 codespace ./cli kernel images/4096x40        0   393320   393373   394592 
32323 codespace ./cli kernel images/4096x40        0   393324   393375   394540 
32327 codespace ./cli kernel images/4096x40        0   393324   393376   394580 
%CPU %MEM ARGS Mon Oct  5 01:30:20 UTC 2026
 0.0  0.0 grep --color=auto ./cli       1  2200
20.6  4.8 ./cli kernel images/4096x40   1 394584
20.7  4.8 ./cli kernel images/4096x40   0 394580
21.0  4.8 ./cli kernel images/4096x40   1 394540
21.1  4.8 ./cli kernel images/4096x40   1 394540
21.2  4.8 ./cli kernel images/4096x40   1 394592
  PID User     Command                         Swap      USS      PSS      RSS 
39161 codespace /usr/bin/python3 /usr/bin/s        0    12064    12305    14480 
32329 codespace ./cli kernel images/4096x40        0   393320   393372   394584 
32325 codespace ./cli kernel images/4096x40        0   393320   393373   394540 
32331 codespace ./cli kernel images/4096x40        0   393320   393373   394592 
32323 codespace ./cli kernel images/4096x40        0   393324   393375   394540 
32327 codespace ./cli kernel images/4096x40        0   393324   393376   394580 
%CPU %MEM ARGS Mon Oct  5 01:30:21 UTC 2026
 0.0  0.0 grep --color=auto ./cli       1  2172
20.6  4.8 ./cli kernel images/4096x40   1 394584
20.7  4.8 ./cli kernel images/4096x40   1 394580
21.0  4.8 ./cli kernel images/4096x40   1 394540
21.1  4.8 ./cli kernel images/4096x40   0 394540
21.2  4.8 ./cli kernel images/4096x40   1 394592
  PID User     Command                         Swap      USS      PSS      RSS 
39167 codespace /usr/bin/python3 /usr/bin/s        0    12076    12333    14576 
32325 codespace ./cli kernel images/4096x40        0   393320   393372   394540 
32329 codespace ./cli kernel images/4096x40        0   393320   393372   394584 
32331 codespace ./cli kernel images/4096x40        0   393320   393373   394592 
32323 codespace ./cli kernel images/4096x40        0   393324   393375   394540 
32327 codespace ./cli kernel images/4096x40        0   393324   393376   394580 
%CPU %MEM ARGS Mon Oct  5 01:30:22 UTC 2026
 0.0  0.0 grep --color=auto ./cli       1  2168
20.6  4.8 ./cli kernel images/4096x40   1 394584
20.7  4.8 ./cli kernel images/4096x40   1 394580
21.0  4.8 ./cli kernel images/4096x40   0 394540
21.1  4.8 ./cli kernel images/4096x40   1 394540
21.2  4.8 ./cli kernel images/4096x40   1 394592
  PID User     Command                         Swap      USS      PSS      RSS 
39173 codespace /usr/bin/python3 /usr/bin/s        0    12072    12330    14572 
32325 codespace ./cli kernel images/4096x40        0   393320   393368   394540 
32329 codespace ./cli kernel images/4096x40        0   393320   393372   394584 
32331 codespace ./cli kernel images/4096x40        0   393320   393373   394592 
32323 codespace ./cli kernel images/4096x40        0   393324   393374   394540 
32327 codespace ./cli kernel images/4096x40        0   393324   393376   394580 
%CPU %MEM ARGS Mon Oct  5 01:30:24 UTC 2026
 0.0  0.0 grep --color=auto ./cli       1  2320
20.6  4.8 ./cli kernel images/4096x40   1 394584
20.7  4.8 ./cli kernel images/4096x40   1 394580
21.0  4.8 ./cli kernel images/4096x40   0 394540
21.1  4.8 ./cli kernel images/4096x40   1 394540
21.2  4.8 ./cli kernel images/4096x40   1 394592
  PID User     Command                         Swap      USS      PSS      RSS 
39185 codespace /usr/bin/python3 /usr/bin/s        0    12080    12339    14628 
32329 codespace ./cli kernel images/4096x40        0   393320   393372   394584 
32325 codespace ./cli kernel images/4096x40        0   393320   393373   394540 
32331 codespace ./cli kernel images/4096x40        0   393320   393373   394592 
32323 codespace ./cli kernel images/4096x40        0   393324   393375   394540 
32327 codespace ./cli kernel images/4096x40        0   393324   393376   394580 
%CPU %MEM ARGS Mon Oct  5 01:30:25 UTC 2026
 0.0  0.0 grep --color=auto ./cli       0  2288
20.6  4.8 ./cli kernel images/4096x40   1 394584
20.7  4.8 ./cli kernel images/4096x40   0 394580
21.0  4.8 ./cli kernel images/4096x40   0 394540
21.1  4.8 ./cli kernel images/4096x40   0 394540
21.2  4.8 ./cli kernel images/4096x40   0 394592
  PID User     Command                         Swap      USS      PSS      RSS 
39191 codespace /usr/bin/python3 /usr/bin/s        0    12072    12332    14572 
32325 codespace ./cli kernel images/4096x40        0   393320   393372   394540 
32329 codespace ./cli kernel images/4096x40        0   393320   393372   394584 
32331 codespace ./cli kernel images/4096x40        0   393320   393373   394592 
32323 codespace ./cli kernel images/4096x40        0   393324   393375   394540 
32327 codespace ./cli kernel images/4096x40        0   393324   393376   394580 
%CPU %MEM ARGS Mon Oct  5 01:30:26 UTC 2026
 0.0  0.0 grep --color=auto ./cli       1  2212
20.6  4.8 ./cli kernel images/4096x40   1 394584
20.7  4.8 ./cli kernel images/4096x40   1 394580
21.0  4.8 ./cli kernel images/4096x40   1 394540
21.1  4.8 ./cli kernel images/4096x40   1 394540
21.2  4.8 ./cli kernel images/4096x40   0 394592
  PID User     Command                         Swap      USS      PSS      RSS 
39203 codespace /usr/bin/python3 /usr/bin/s        0    12056    12303    14524 
32329 codespace ./cli kernel images/4096x40        0   393320   393372   394584 
32331 codespace ./cli kernel images/4096x40        0   393320   393372   394592 
32325 codespace ./cli kernel images/4096x40        0   393320   393373   394540 
32323 codespace ./cli kernel images/4096x40        0   393324   393375   394540 
32327 codespace ./cli kernel images/4096x40        0   393324   393376   394580 
%CPU %MEM ARGS Mon Oct  5 01:30:27 UTC 2026
 0.0  0.0 grep --color=auto ./cli       1  2176
20.6  4.8 ./cli kernel images/4096x40   1 394584
20.7  4.8 ./cli kernel images/4096x40   1 394580
21.0  4.8 ./cli kernel images/4096x40   1 394540
21.1  4.8 ./cli kernel images/4096x40   1 394540
21.2  4.8 ./cli kernel images/4096x40   1 394592
  PID User     Command                         Swap      USS      PSS      RSS 
39215 codespace /usr/bin/python3 /usr/bin/s        0    12072    12323    14588 
32329 codespace ./cli kernel images/4096x40        0   393320   393372   394584 
32325 codespace ./cli kernel images/4096x40        0   393320   393373   394540 
32331 codespace ./cli kernel images/4096x40        0   393320   393373   394592 
32323 codespace ./cli kernel images/4096x40        0   393324   393375   394540 
32327 codespace ./cli kernel images/4096x40        0   393324   393376   394580 
%CPU %MEM ARGS Mon Oct  5 01:30:28 UTC 2026
 0.0  0.0 grep --color=auto ./cli       0  2180
20.6  4.8 ./cli kernel images/4096x40   1 394584
20.7  4.8 ./cli kernel images/4096x40   0 394580
21.0  4.8 ./cli kernel images/4096x40   1 394540
21.1  4.8 ./cli kernel images/4096x40   1 394540
21.2  4.8 ./cli kernel images/4096x40   1 394592
  PID User     Command                         Swap      USS      PSS      RSS 
39221 codespace /usr/bin/python3 /usr/bin/s        0    12084    12340    14592 
32329 codespace ./cli kernel images/4096x40        0   393320   393372   394584 
32325 codespace ./cli kernel images/4096x40        0   393320   393373   394540 
32331 codespace ./cli kernel images/4096x40        0   393320   393373   394592 
32323 codespace ./cli kernel images/4096x40        0   393324   393375   394540 
32327 codespace ./cli kernel images/4096x40        0   393324   393376   394580 
%CPU %MEM ARGS Mon Oct  5 01:30:29 UTC 2026
 0.0  0.0 grep --color=auto ./cli       1  2200
20.6  4.8 ./cli kernel images/4096x40   1 394584
20.7  4.8 ./cli kernel images/4096x40   0 394580
21.0  4.8 ./cli kernel images/4096x40   0 394540
21.1  4.8 ./cli kernel images/4096x40   0 394540
21.2  4.8 ./cli kernel images/4096x40   0 394592
  PID User     Command                         Swap      USS      PSS      RSS 
39227 codespace /usr/bin/python3 /usr/bin/s        0    12060    12307    14528 
32325 codespace ./cli kernel images/4096x40        0   393320   393372   394540 
32329 codespace ./cli kernel images/4096x40        0   393320   393372   394584 
32323 codespace ./cli kernel images/4096x40        0   393324   393373   394540 
32331 codespace ./cli kernel images/4096x40        0   393320   393373   394592 
32327 codespace ./cli kernel images/4096x40        0   393324   393376   394580 
%CPU %MEM ARGS Mon Oct  5 01:30:30 UTC 2026
 0.0  0.0 grep --color=auto ./cli       1  2172
20.6  4.8 ./cli kernel images/4096x40   0 394584
20.7  4.8 ./cli kernel images/4096x40   0 394580
21.0  4.8 ./cli kernel images/4096x40   0 394540
21.0  4.8 ./cli kernel images/4096x40   1 394540
21.2  4.8 ./cli kernel images/4096x40   0 394592
  PID User     Command                         Swap      USS      PSS      RSS 
39250 codespace /usr/bin/python3 /usr/bin/s        0    12052    12291    14468 
32329 codespace ./cli kernel images/4096x40        0   393320   393368   394584 
32325 codespace ./cli kernel images/4096x40        0   393320   393370   394540 
32327 codespace ./cli kernel images/4096x40        0   393324   393370   394580 
32331 codespace ./cli kernel images/4096x40        0   393320   393373   394592 
32323 codespace ./cli kernel images/4096x40        0   393324   393374   394540 
%CPU %MEM ARGS Mon Oct  5 01:30:31 UTC 2026
 0.0  0.0 grep --color=auto ./cli       0  2252
20.6  4.8 ./cli kernel images/4096x40   0 394584
20.7  4.8 ./cli kernel images/4096x40   0 394580
21.0  4.8 ./cli kernel images/4096x40   0 394540
21.0  4.8 ./cli kernel images/4096x40   0 394540
21.2  4.8 ./cli kernel images/4096x40   1 394592
  PID User     Command                         Swap      USS      PSS      RSS 
39262 codespace /usr/bin/python3 /usr/bin/s        0    12064    12294    14460 
32325 codespace ./cli kernel images/4096x40        0   393320   393371   394540 
32329 codespace ./cli kernel images/4096x40        0   393320   393372   394584 
32323 codespace ./cli kernel images/4096x40        0   393324   393373   394540 
32327 codespace ./cli kernel images/4096x40        0   393324   393373   394580 
32331 codespace ./cli kernel images/4096x40        0   393320   393373   394592 
%CPU %MEM ARGS Mon Oct  5 01:30:32 UTC 2026
 0.0  0.0 grep --color=auto ./cli       0  2300
20.6  4.8 ./cli kernel images/4096x40   0 394584
20.7  4.8 ./cli kernel images/4096x40   0 394580
21.0  4.8 ./cli kernel images/4096x40   0 394540
21.0  4.8 ./cli kernel images/4096x40   0 394540
21.2  4.8 ./cli kernel images/4096x40   0 394592
  PID User     Command                         Swap      USS      PSS      RSS 
39274 codespace /usr/bin/python3 /usr/bin/s        0    12068    12308    14484 
32329 codespace ./cli kernel images/4096x40        0   393320   393372   394584 
32325 codespace ./cli kernel images/4096x40        0   393320   393373   394540 
32331 codespace ./cli kernel images/4096x40        0   393320   393373   394592 
32323 codespace ./cli kernel images/4096x40        0   393324   393375   394540 
32327 codespace ./cli kernel images/4096x40        0   393324   393376   394580 
%CPU %MEM ARGS Mon Oct  5 01:30:33 UTC 2026
 0.0  0.0 grep --color=auto ./cli       0  2304
20.6  4.8 ./cli kernel images/4096x40   0 394584
20.7  4.8 ./cli kernel images/4096x40   0 394580
21.0  4.8 ./cli kernel images/4096x40   1 394540
21.0  4.8 ./cli kernel images/4096x40   1 394540
21.2  4.8 ./cli kernel images/4096x40   0 394592
  PID User     Command                         Swap      USS      PSS      RSS 
39280 codespace /usr/bin/python3 /usr/bin/s        0    12064    12304    14480 
32329 codespace ./cli kernel images/4096x40        0   393320   393372   394584 
32325 codespace ./cli kernel images/4096x40        0   393320   393373   394540 
32331 codespace ./cli kernel images/4096x40        0   393320   393373   394592 
32323 codespace ./cli kernel images/4096x40        0   393324   393375   394540 
32327 codespace ./cli kernel images/4096x40        0   393324   393376   394580 
%CPU %MEM ARGS Mon Oct  5 01:30:34 UTC 2026
 0.0  0.0 grep --color=auto ./cli       0  2160
20.6  4.8 ./cli kernel images/4096x40   0 394584
20.7  4.8 ./cli kernel images/4096x40   0 394580
21.0  4.8 ./cli kernel images/4096x40   1 394540
21.0  4.8 ./cli kernel images/4096x40   0 394540
21.2  4.8 ./cli kernel images/4096x40   0 394592
  PID User     Command                         Swap      USS      PSS      RSS 
39289 codespace /usr/bin/python3 /usr/bin/s        0    12064    12304    14480 
32329 codespace ./cli kernel images/4096x40        0   393320   393372   394584 
32325 codespace ./cli kernel images/4096x40        0   393320   393373   394540 
32331 codespace ./cli kernel images/4096x40        0   393320   393373   394592 
32323 codespace ./cli kernel images/4096x40        0   393324   393375   394540 
32327 codespace ./cli kernel images/4096x40        0   393324   393376   394580 
%CPU %MEM ARGS Mon Oct  5 01:30:35 UTC 2026
 0.0  0.0 grep --color=auto ./cli       1  2252
20.6  4.8 ./cli kernel images/4096x40   0 394584
20.7  4.8 ./cli kernel images/4096x40   0 394580
21.0  4.8 ./cli kernel images/4096x40   0 394540
21.0  4.8 ./cli kernel images/4096x40   0 394540
21.2  4.8 ./cli kernel images/4096x40   0 394592
  PID User     Command                         Swap      USS      PSS      RSS 
39298 codespace /usr/bin/python3 /usr/bin/s        0    12064    12305    14480 
32329 codespace ./cli kernel images/4096x40        0   393320   393372   394584 
32325 codespace ./cli kernel images/4096x40        0   393320   393373   394540 
32331 codespace ./cli kernel images/4096x40        0   393320   393373   394592 
32323 codespace ./cli kernel images/4096x40        0   393324   393375   394540 
32327 codespace ./cli kernel images/4096x40        0   393324   393376   394580 
%CPU %MEM ARGS Mon Oct  5 01:30:36 UTC 2026
 0.0  0.0 grep --color=auto ./cli       1  2204
20.6  4.8 ./cli kernel images/4096x40   1 394584
20.7  4.8 ./cli kernel images/4096x40   1 394580
21.0  4.8 ./cli kernel images/4096x40   1 394540
21.0  4.8 ./cli kernel images/4096x40   1 394540
21.2  4.8 ./cli kernel images/4096x40   1 394592
  PID User     Command                         Swap      USS      PSS      RSS 
39304 codespace /usr/bin/python3 /usr/bin/s        0    12068    12329    14576 
32325 codespace ./cli kernel images/4096x40        0   393320   393372   394540 
32329 codespace ./cli kernel images/4096x40        0   393320   393372   394584 
32331 codespace ./cli kernel images/4096x40        0   393320   393373   394592 
32323 codespace ./cli kernel images/4096x40        0   393324   393375   394540 
32327 codespace ./cli kernel images/4096x40        0   393324   393376   394580 
%CPU %MEM ARGS Mon Oct  5 01:30:36 UTC 2026
 0.0  0.0 grep --color=auto ./cli       0  2176
20.6  4.8 ./cli kernel images/4096x40   1 394584
20.7  4.8 ./cli kernel images/4096x40   1 394580
21.0  4.8 ./cli kernel images/4096x40   1 394540
21.0  4.8 ./cli kernel images/4096x40   1 394540
21.2  4.8 ./cli kernel images/4096x40   1 394592
  PID User     Command                         Swap      USS      PSS      RSS 
39310 codespace /usr/bin/python3 /usr/bin/s        0    12064    12301    14520 
32329 codespace ./cli kernel images/4096x40        0   393320   393370   394584 
32325 codespace ./cli kernel images/4096x40        0   393320   393371   394540 
32327 codespace ./cli kernel images/4096x40        0   393324   393373   394580 
32331 codespace ./cli kernel images/4096x40        0   393320   393373   394592 
32323 codespace ./cli kernel images/4096x40        0   393324   393375   394540 
%CPU %MEM ARGS Mon Oct  5 01:30:38 UTC 2026
 0.0  0.0 grep --color=auto ./cli       1  2184
20.6  4.8 ./cli kernel images/4096x40   0 394584
20.7  4.8 ./cli kernel images/4096x40   1 394580
21.0  4.8 ./cli kernel images/4096x40   0 394540
21.0  4.8 ./cli kernel images/4096x40   0 394540
21.2  4.8 ./cli kernel images/4096x40   0 394592
  PID User     Command                         Swap      USS      PSS      RSS 
39322 codespace /usr/bin/python3 /usr/bin/s        0    12064    12303    14480 
32323 codespace ./cli kernel images/4096x40        0   393324   393369   394540 
32329 codespace ./cli kernel images/4096x40        0   393320   393372   394584 
32325 codespace ./cli kernel images/4096x40        0   393320   393373   394540 
32331 codespace ./cli kernel images/4096x40        0   393320   393373   394592 
32327 codespace ./cli kernel images/4096x40        0   393324   393376   394580 
%CPU %MEM ARGS Mon Oct  5 01:30:39 UTC 2026
 0.0  0.0 grep --color=auto ./cli       1  2304
20.5  4.8 ./cli kernel images/4096x40   1 394584
20.7  4.8 ./cli kernel images/4096x40   1 394580
21.0  4.8 ./cli kernel images/4096x40   1 394540
21.0  4.8 ./cli kernel images/4096x40   1 394540
21.2  4.8 ./cli kernel images/4096x40   0 394592
  PID User     Command                         Swap      USS      PSS      RSS 
39334 codespace /usr/bin/python3 /usr/bin/s        0    12060    12299    14476 
32329 codespace ./cli kernel images/4096x40        0   393320   393372   394584 
32325 codespace ./cli kernel images/4096x40        0   393320   393373   394540 
32331 codespace ./cli kernel images/4096x40        0   393320   393373   394592 
32323 codespace ./cli kernel images/4096x40        0   393324   393375   394540 
32327 codespace ./cli kernel images/4096x40        0   393324   393375   394580 
%CPU %MEM ARGS Mon Oct  5 01:30:40 UTC 2026
 0.0  0.0 grep --color=auto ./cli       0  2156
20.5  4.8 ./cli kernel images/4096x40   1 394584
20.7  4.8 ./cli kernel images/4096x40   1 394580
21.0  4.8 ./cli kernel images/4096x40   1 394540
21.0  4.8 ./cli kernel images/4096x40   1 394540
21.2  4.8 ./cli kernel images/4096x40   1 394592
  PID User     Command                         Swap      USS      PSS      RSS 
39351 codespace /usr/bin/python3 /usr/bin/s        0    12056    12307    14524 
32329 codespace ./cli kernel images/4096x40        0   393320   393372   394584 
32325 codespace ./cli kernel images/4096x40        0   393320   393373   394540 
32331 codespace ./cli kernel images/4096x40        0   393320   393373   394592 
32323 codespace ./cli kernel images/4096x40        0   393324   393375   394540 
32327 codespace ./cli kernel images/4096x40        0   393324   393376   394580 
%CPU %MEM ARGS Mon Oct  5 01:30:41 UTC 2026
 0.0  0.0 grep --color=auto ./cli       0  2144
20.5  4.8 ./cli kernel images/4096x40   0 394584
20.7  4.8 ./cli kernel images/4096x40   1 394580
21.0  4.8 ./cli kernel images/4096x40   0 394540
21.0  4.8 ./cli kernel images/4096x40   0 394540
21.2  4.8 ./cli kernel images/4096x40   0 394592
  PID User     Command                         Swap      USS      PSS      RSS 
39363 codespace /usr/bin/python3 /usr/bin/s        0    12064    12304    14516 
32329 codespace ./cli kernel images/4096x40        0   393320   393372   394584 
32325 codespace ./cli kernel images/4096x40        0   393320   393373   394540 
32331 codespace ./cli kernel images/4096x40        0   393320   393373   394592 
32323 codespace ./cli kernel images/4096x40        0   393324   393375   394540 
32327 codespace ./cli kernel images/4096x40        0   393324   393376   394580 
%CPU %MEM ARGS Mon Oct  5 01:30:42 UTC 2026
 0.0  0.0 grep --color=auto ./cli       1  2204
20.5  4.8 ./cli kernel images/4096x40   0 394584
20.7  4.8 ./cli kernel images/4096x40   0 394580
21.0  4.8 ./cli kernel images/4096x40   0 394540
21.0  4.8 ./cli kernel images/4096x40   0 394540
21.2  4.8 ./cli kernel images/4096x40   0 394592
  PID User     Command                         Swap      USS      PSS      RSS 
39372 codespace /usr/bin/python3 /usr/bin/s        0    12064    12311    14548 
32329 codespace ./cli kernel images/4096x40        0   393320   393372   394584 
32325 codespace ./cli kernel images/4096x40        0   393320   393373   394540 
32331 codespace ./cli kernel images/4096x40        0   393320   393373   394592 
32323 codespace ./cli kernel images/4096x40        0   393324   393375   394540 
32327 codespace ./cli kernel images/4096x40        0   393324   393376   394580 
%CPU %MEM ARGS Mon Oct  5 01:30:43 UTC 2026
 0.0  0.0 grep --color=auto ./cli       1  2160
20.5  4.8 ./cli kernel images/4096x40   1 394584
20.6  4.8 ./cli kernel images/4096x40   1 394580
21.0  4.8 ./cli kernel images/4096x40   1 394540
21.0  4.8 ./cli kernel images/4096x40   1 394540
21.2  4.8 ./cli kernel images/4096x40   1 394592
  PID User     Command                         Swap      USS      PSS      RSS 
39387 codespace /usr/bin/python3 /usr/bin/s        0    12064    12312    14544 
32325 codespace ./cli kernel images/4096x40        0   393320   393372   394540 
32329 codespace ./cli kernel images/4096x40        0   393320   393372   394584 
32331 codespace ./cli kernel images/4096x40        0   393320   393373   394592 
32323 codespace ./cli kernel images/4096x40        0   393324   393375   394540 
32327 codespace ./cli kernel images/4096x40        0   393324   393376   394580 
%CPU %MEM ARGS Mon Oct  5 01:30:44 UTC 2026
 0.0  0.0 grep --color=auto ./cli       1  2168
20.5  4.8 ./cli kernel images/4096x40   1 394584
20.6  4.8 ./cli kernel images/4096x40   1 394580
21.0  4.8 ./cli kernel images/4096x40   1 394540
21.0  4.8 ./cli kernel images/4096x40   1 394540
21.2  4.8 ./cli kernel images/4096x40   0 394592
  PID User     Command                         Swap      USS      PSS      RSS 
39393 codespace /usr/bin/python3 /usr/bin/s        0    12080    12323    14572 
32325 codespace ./cli kernel images/4096x40        0   393320   393372   394540 
32329 codespace ./cli kernel images/4096x40        0   393320   393372   394584 
32331 codespace ./cli kernel images/4096x40        0   393320   393373   394592 
32323 codespace ./cli kernel images/4096x40        0   393324   393375   394540 
32327 codespace ./cli kernel images/4096x40        0   393324   393376   394580 
%CPU %MEM ARGS Mon Oct  5 01:30:45 UTC 2026
 0.0  0.0 grep --color=auto ./cli       1  2304
20.5  4.8 ./cli kernel images/4096x40   1 394584
20.6  4.8 ./cli kernel images/4096x40   1 394580
20.9  4.8 ./cli kernel images/4096x40   1 394540
21.0  4.8 ./cli kernel images/4096x40   1 394540
21.2  4.8 ./cli kernel images/4096x40   0 394592
  PID User     Command                         Swap      USS      PSS      RSS 
39399 codespace /usr/bin/python3 /usr/bin/s        0    12060    12308    14544 
32329 codespace ./cli kernel images/4096x40        0   393320   393372   394584 
32325 codespace ./cli kernel images/4096x40        0   393320   393373   394540 
32331 codespace ./cli kernel images/4096x40        0   393320   393373   394592 
32323 codespace ./cli kernel images/4096x40        0   393324   393375   394540 
32327 codespace ./cli kernel images/4096x40        0   393324   393376   394580 
%CPU %MEM ARGS Mon Oct  5 01:30:46 UTC 2026
 0.0  0.0 grep --color=auto ./cli       0  2292
20.5  4.8 ./cli kernel images/4096x40   1 394584
20.6  4.8 ./cli kernel images/4096x40   0 394580
20.9  4.8 ./cli kernel images/4096x40   0 394540
21.0  4.8 ./cli kernel images/4096x40   0 394540
21.2  4.8 ./cli kernel images/4096x40   0 394592
  PID User     Command                         Swap      USS      PSS      RSS 
39409 codespace /usr/bin/python3 /usr/bin/s        0    12064    12325    14572 
32325 codespace ./cli kernel images/4096x40        0   393320   393372   394540 
32329 codespace ./cli kernel images/4096x40        0   393320   393372   394584 
32331 codespace ./cli kernel images/4096x40        0   393320   393373   394592 
32323 codespace ./cli kernel images/4096x40        0   393324   393375   394540 
32327 codespace ./cli kernel images/4096x40        0   393324   393376   394580 
%CPU %MEM ARGS Mon Oct  5 01:30:47 UTC 2026
 0.0  0.0 grep --color=auto ./cli       1  2200
20.6  4.8 ./cli kernel images/4096x40   0 394584
20.6  4.8 ./cli kernel images/4096x40   0 394580
20.9  4.8 ./cli kernel images/4096x40   1 394540
21.0  4.8 ./cli kernel images/4096x40   0 394540
21.2  4.8 ./cli kernel images/4096x40   0 394592
  PID User     Command                         Swap      USS      PSS      RSS 
39417 codespace /usr/bin/python3 /usr/bin/s        0    12056    12314    14588 
32325 codespace ./cli kernel images/4096x40        0   393320   393372   394540 
32329 codespace ./cli kernel images/4096x40        0   393320   393372   394584 
32331 codespace ./cli kernel images/4096x40        0   393320   393373   394592 
32323 codespace ./cli kernel images/4096x40        0   393324   393375   394540 
32327 codespace ./cli kernel images/4096x40        0   393324   393376   394580 
%CPU %MEM ARGS Mon Oct  5 01:30:48 UTC 2026
 0.0  0.0 grep --color=auto ./cli       0  2200
20.6  4.8 ./cli kernel images/4096x40   1 394584
20.6  4.8 ./cli kernel images/4096x40   1 394580
20.9  4.8 ./cli kernel images/4096x40   1 394540
21.0  4.8 ./cli kernel images/4096x40   0 394540
21.2  4.8 ./cli kernel images/4096x40   0 394592
  PID User     Command                         Swap      USS      PSS      RSS 
39423 codespace /usr/bin/python3 /usr/bin/s        0    12060    12302    14516 
32329 codespace ./cli kernel images/4096x40        0   393320   393370   394584 
32325 codespace ./cli kernel images/4096x40        0   393320   393371   394540 
32323 codespace ./cli kernel images/4096x40        0   393324   393372   394540 
32327 codespace ./cli kernel images/4096x40        0   393324   393373   394580 
32331 codespace ./cli kernel images/4096x40        0   393320   393373   394592 
%CPU %MEM ARGS Mon Oct  5 01:30:49 UTC 2026
 0.0  0.0 grep --color=auto ./cli       1  2176
20.6  4.8 ./cli kernel images/4096x40   1 394584
20.6  4.8 ./cli kernel images/4096x40   1 394580
20.9  4.8 ./cli kernel images/4096x40   0 394540
20.9  4.8 ./cli kernel images/4096x40   1 394540
21.2  4.8 ./cli kernel images/4096x40   1 394592
  PID User     Command                         Swap      USS      PSS      RSS 
39435 codespace /usr/bin/python3 /usr/bin/s        0    12068    12320    14588 
32327 codespace ./cli kernel images/4096x40        0   393324   393370   394580 
32325 codespace ./cli kernel images/4096x40        0   393320   393372   394540 
32329 codespace ./cli kernel images/4096x40        0   393320   393372   394584 
32331 codespace ./cli kernel images/4096x40        0   393320   393373   394592 
32323 codespace ./cli kernel images/4096x40        0   393324   393375   394540 
%CPU %MEM ARGS Mon Oct  5 01:30:50 UTC 2026
 0.0  0.0 grep --color=auto ./cli       0  2192
20.5  4.8 ./cli kernel images/4096x40   1 394584
20.6  4.8 ./cli kernel images/4096x40   1 394580
20.9  4.8 ./cli kernel images/4096x40   1 394540
20.9  4.8 ./cli kernel images/4096x40   1 394540
21.1  4.8 ./cli kernel images/4096x40   1 394592
  PID User     Command                         Swap      USS      PSS      RSS 
39447 codespace /usr/bin/python3 /usr/bin/s        0    12064    12304    14480 
32329 codespace ./cli kernel images/4096x40        0   393320   393372   394584 
32325 codespace ./cli kernel images/4096x40        0   393320   393373   394540 
32331 codespace ./cli kernel images/4096x40        0   393320   393373   394592 
32323 codespace ./cli kernel images/4096x40        0   393324   393375   394540 
32327 codespace ./cli kernel images/4096x40        0   393324   393376   394580 
%CPU %MEM ARGS Mon Oct  5 01:30:51 UTC 2026
 0.0  0.0 grep --color=auto ./cli       1  2296
20.5  4.8 ./cli kernel images/4096x40   1 394584
20.6  4.8 ./cli kernel images/4096x40   1 394580
20.9  4.8 ./cli kernel images/4096x40   1 394540
20.9  4.8 ./cli kernel images/4096x40   0 394540
21.1  4.8 ./cli kernel images/4096x40   1 394592
  PID User     Command                         Swap      USS      PSS      RSS 
39472 codespace /usr/bin/python3 /usr/bin/s        0    12064    12304    14520 
32329 codespace ./cli kernel images/4096x40        0   393320   393372   394584 
32325 codespace ./cli kernel images/4096x40        0   393320   393373   394540 
32331 codespace ./cli kernel images/4096x40        0   393320   393373   394592 
32323 codespace ./cli kernel images/4096x40        0   393324   393375   394540 
32327 codespace ./cli kernel images/4096x40        0   393324   393376   394580 
%CPU %MEM ARGS Mon Oct  5 01:30:52 UTC 2026
 0.0  0.0 grep --color=auto ./cli       1  2152
20.5  4.8 ./cli kernel images/4096x40   1 394584
20.6  4.8 ./cli kernel images/4096x40   1 394580
20.9  4.8 ./cli kernel images/4096x40   1 394540
21.0  4.8 ./cli kernel images/4096x40   0 394540
21.1  4.8 ./cli kernel images/4096x40   1 394592
  PID User     Command                         Swap      USS      PSS      RSS 
39478 codespace /usr/bin/python3 /usr/bin/s        0    12072    12321    14520 
32325 codespace ./cli kernel images/4096x40        0   393320   393372   394540 
32329 codespace ./cli kernel images/4096x40        0   393320   393372   394584 
32331 codespace ./cli kernel images/4096x40        0   393320   393373   394592 
32323 codespace ./cli kernel images/4096x40        0   393324   393375   394540 
32327 codespace ./cli kernel images/4096x40        0   393324   393376   394580 
%CPU %MEM ARGS Mon Oct  5 01:30:54 UTC 2026
 0.0  0.0 grep --color=auto ./cli       0  2152
20.5  4.8 ./cli kernel images/4096x40   1 394584
20.6  4.8 ./cli kernel images/4096x40   1 394580
20.9  4.8 ./cli kernel images/4096x40   1 394540
21.0  4.8 ./cli kernel images/4096x40   1 394540
21.1  4.8 ./cli kernel images/4096x40   0 394592
  PID User     Command                         Swap      USS      PSS      RSS 
39489 codespace /usr/bin/python3 /usr/bin/s        0    12084    12336    14540 
32329 codespace ./cli kernel images/4096x40        0   393320   393372   394584 
32325 codespace ./cli kernel images/4096x40        0   393320   393373   394540 
32331 codespace ./cli kernel images/4096x40        0   393320   393373   394592 
32323 codespace ./cli kernel images/4096x40        0   393324   393375   394540 
32327 codespace ./cli kernel images/4096x40        0   393324   393376   394580 
%CPU %MEM ARGS Mon Oct  5 01:30:54 UTC 2026
 0.0  0.0 grep --color=auto ./cli       0  2300
20.5  4.8 ./cli kernel images/4096x40   1 394584
20.6  4.8 ./cli kernel images/4096x40   1 394580
20.9  4.8 ./cli kernel images/4096x40   1 394540
21.0  4.8 ./cli kernel images/4096x40   1 394540
21.1  4.8 ./cli kernel images/4096x40   1 394592
  PID User     Command                         Swap      USS      PSS      RSS 
39502 codespace /usr/bin/python3 /usr/bin/s        0    12060    12305    14540 
32329 codespace ./cli kernel images/4096x40        0   393320   393372   394584 
32325 codespace ./cli kernel images/4096x40        0   393320   393373   394540 
32331 codespace ./cli kernel images/4096x40        0   393320   393373   394592 
32323 codespace ./cli kernel images/4096x40        0   393324   393375   394540 
32327 codespace ./cli kernel images/4096x40        0   393324   393376   394580 
%CPU %MEM ARGS Mon Oct  5 01:30:55 UTC 2026
 0.0  0.0 grep --color=auto ./cli       0  2152
20.5  4.8 ./cli kernel images/4096x40   1 394584
20.6  4.8 ./cli kernel images/4096x40   1 394580
20.9  4.8 ./cli kernel images/4096x40   0 394540
21.0  4.8 ./cli kernel images/4096x40   0 394540
21.1  4.8 ./cli kernel images/4096x40   1 394592
  PID User     Command                         Swap      USS      PSS      RSS 
39508 codespace /usr/bin/python3 /usr/bin/s        0    12064    12299    14436 
32329 codespace ./cli kernel images/4096x40        0   393320   393372   394584 
32325 codespace ./cli kernel images/4096x40        0   393320   393373   394540 
32331 codespace ./cli kernel images/4096x40        0   393320   393373   394592 
32323 codespace ./cli kernel images/4096x40        0   393324   393375   394540 
32327 codespace ./cli kernel images/4096x40        0   393324   393376   394580 
%CPU %MEM ARGS Mon Oct  5 01:30:56 UTC 2026
 0.0  0.0 grep --color=auto ./cli       0  2176
20.5  4.8 ./cli kernel images/4096x40   1 394584
20.6  4.8 ./cli kernel images/4096x40   0 394580
20.9  4.8 ./cli kernel images/4096x40   0 394540
21.0  4.8 ./cli kernel images/4096x40   1 394540
21.1  4.8 ./cli kernel images/4096x40   0 394592
  PID User     Command                         Swap      USS      PSS      RSS 
39514 codespace /usr/bin/python3 /usr/bin/s        0    12064    12283    14544 
32331 codespace ./cli kernel images/4096x40        0   393320   393368   394592 
32329 codespace ./cli kernel images/4096x40        0   393320   393372   394584 
32325 codespace ./cli kernel images/4096x40        0   393320   393373   394540 
32323 codespace ./cli kernel images/4096x40        0   393324   393375   394540 
32327 codespace ./cli kernel images/4096x40        0   393324   393376   394580 
%CPU %MEM ARGS Mon Oct  5 01:30:57 UTC 2026
 0.0  0.0 grep --color=auto ./cli       0  2292
20.5  4.8 ./cli kernel images/4096x40   0 394584
20.6  4.8 ./cli kernel images/4096x40   0 394580
20.9  4.8 ./cli kernel images/4096x40   0 394540
21.0  4.8 ./cli kernel images/4096x40   0 394540
21.1  4.8 ./cli kernel images/4096x40   1 394592
  PID User     Command                         Swap      USS      PSS      RSS 
39526 codespace /usr/bin/python3 /usr/bin/s        0    12064    12311    14544 
32329 codespace ./cli kernel images/4096x40        0   393320   393372   394584 
32325 codespace ./cli kernel images/4096x40        0   393320   393373   394540 
32331 codespace ./cli kernel images/4096x40        0   393320   393373   394592 
32323 codespace ./cli kernel images/4096x40        0   393324   393375   394540 
32327 codespace ./cli kernel images/4096x40        0   393324   393376   394580 
%CPU %MEM ARGS Mon Oct  5 01:30:59 UTC 2026
 0.0  0.0 grep --color=auto ./cli       1  2248
20.5  4.8 ./cli kernel images/4096x40   0 394584
20.6  4.8 ./cli kernel images/4096x40   1 394580
20.9  4.8 ./cli kernel images/4096x40   0 394540
20.9  4.8 ./cli kernel images/4096x40   0 394540
21.1  4.8 ./cli kernel images/4096x40   0 394592
  PID User     Command                         Swap      USS      PSS      RSS 
39532 codespace /usr/bin/python3 /usr/bin/s        0    12064    12305    14480 
32329 codespace ./cli kernel images/4096x40        0   393320   393372   394584 
32325 codespace ./cli kernel images/4096x40        0   393320   393373   394540 
32331 codespace ./cli kernel images/4096x40        0   393320   393373   394592 
32323 codespace ./cli kernel images/4096x40        0   393324   393375   394540 
32327 codespace ./cli kernel images/4096x40        0   393324   393376   394580 
%CPU %MEM ARGS Mon Oct  5 01:31:00 UTC 2026
 0.0  0.0 grep --color=auto ./cli       0  2248
20.5  4.8 ./cli kernel images/4096x40   0 394584
20.6  4.8 ./cli kernel images/4096x40   0 394580
20.9  4.8 ./cli kernel images/4096x40   1 394540
20.9  4.8 ./cli kernel images/4096x40   1 394540
21.1  4.8 ./cli kernel images/4096x40   0 394592
  PID User     Command                         Swap      USS      PSS      RSS 
39545 codespace /usr/bin/python3 /usr/bin/s        0    12060    12307    14544 
32329 codespace ./cli kernel images/4096x40        0   393320   393372   394584 
32325 codespace ./cli kernel images/4096x40        0   393320   393373   394540 
32331 codespace ./cli kernel images/4096x40        0   393320   393373   394592 
32323 codespace ./cli kernel images/4096x40        0   393324   393375   394540 
32327 codespace ./cli kernel images/4096x40        0   393324   393376   394580 
%CPU %MEM ARGS Mon Oct  5 01:31:01 UTC 2026
 0.0  0.0 grep --color=auto ./cli       1  2204
20.5  4.8 ./cli kernel images/4096x40   0 394584
20.6  4.8 ./cli kernel images/4096x40   0 394580
20.9  4.8 ./cli kernel images/4096x40   0 394540
21.0  4.8 ./cli kernel images/4096x40   1 394540
21.1  4.8 ./cli kernel images/4096x40   1 394592
  PID User     Command                         Swap      USS      PSS      RSS 
39557 codespace /usr/bin/python3 /usr/bin/s        0    12064    12300    14516 
32329 codespace ./cli kernel images/4096x40        0   393320   393372   394584 
32325 codespace ./cli kernel images/4096x40        0   393320   393373   394540 
32331 codespace ./cli kernel images/4096x40        0   393320   393373   394592 
32323 codespace ./cli kernel images/4096x40        0   393324   393375   394540 
32327 codespace ./cli kernel images/4096x40        0   393324   393376   394580 
%CPU %MEM ARGS Mon Oct  5 01:31:02 UTC 2026
 0.0  0.0 grep --color=auto ./cli       0  2180
20.5  4.8 ./cli kernel images/4096x40   0 394584
20.6  4.8 ./cli kernel images/4096x40   0 394580
20.9  4.8 ./cli kernel images/4096x40   0 394540
20.9  4.8 ./cli kernel images/4096x40   0 394540
21.1  4.8 ./cli kernel images/4096x40   1 394592
  PID User     Command                         Swap      USS      PSS      RSS 
39581 codespace /usr/bin/python3 /usr/bin/s        0    12060    12302    14476 
32325 codespace ./cli kernel images/4096x40        0   393320   393372   394540 
32329 codespace ./cli kernel images/4096x40        0   393320   393372   394584 
32331 codespace ./cli kernel images/4096x40        0   393320   393373   394592 
32323 codespace ./cli kernel images/4096x40        0   393324   393375   394540 
32327 codespace ./cli kernel images/4096x40        0   393324   393376   394580 
%CPU %MEM ARGS Mon Oct  5 01:31:03 UTC 2026
 0.0  0.0 grep --color=auto ./cli       0  2340
20.5  4.8 ./cli kernel images/4096x40   0 394584
20.5  4.8 ./cli kernel images/4096x40   0 394580
20.9  4.8 ./cli kernel images/4096x40   0 394540
20.9  4.8 ./cli kernel images/4096x40   0 394540
21.1  4.8 ./cli kernel images/4096x40   1 394592
  PID User     Command                         Swap      USS      PSS      RSS 
39587 codespace /usr/bin/python3 /usr/bin/s        0    12056    12302    14524 
32329 codespace ./cli kernel images/4096x40        0   393320   393372   394584 
32325 codespace ./cli kernel images/4096x40        0   393320   393373   394540 
32331 codespace ./cli kernel images/4096x40        0   393320   393373   394592 
32323 codespace ./cli kernel images/4096x40        0   393324   393375   394540 
32327 codespace ./cli kernel images/4096x40        0   393324   393376   394580 
%CPU %MEM ARGS Mon Oct  5 01:31:04 UTC 2026
 0.0  0.0 grep --color=auto ./cli       0  2340
20.5  4.8 ./cli kernel images/4096x40   0 394584
20.5  4.8 ./cli kernel images/4096x40   1 394580
20.9  4.8 ./cli kernel images/4096x40   0 394540
20.9  4.8 ./cli kernel images/4096x40   0 394540
21.1  4.8 ./cli kernel images/4096x40   0 394592
  PID User     Command                         Swap      USS      PSS      RSS 
39593 codespace /usr/bin/python3 /usr/bin/s        0    12064    12298    14436 
32329 codespace ./cli kernel images/4096x40        0   393320   393372   394584 
32325 codespace ./cli kernel images/4096x40        0   393320   393373   394540 
32331 codespace ./cli kernel images/4096x40        0   393320   393373   394592 
32323 codespace ./cli kernel images/4096x40        0   393324   393375   394540 
32327 codespace ./cli kernel images/4096x40        0   393324   393376   394580 
%CPU %MEM ARGS Mon Oct  5 01:31:05 UTC 2026
 0.0  0.0 grep --color=auto ./cli       1  2152
20.5  4.8 ./cli kernel images/4096x40   0 394584
20.6  4.8 ./cli kernel images/4096x40   1 394580
20.8  4.8 ./cli kernel images/4096x40   0 394540
20.9  4.8 ./cli kernel images/4096x40   0 394540
21.1  4.8 ./cli kernel images/4096x40   0 394592
  PID User     Command                         Swap      USS      PSS      RSS 
39602 codespace /usr/bin/python3 /usr/bin/s        0    12056    12303    14524 
32325 codespace ./cli kernel images/4096x40        0   393320   393370   394540 
32329 codespace ./cli kernel images/4096x40        0   393320   393372   394584 
32323 codespace ./cli kernel images/4096x40        0   393324   393373   394540 
32331 codespace ./cli kernel images/4096x40        0   393320   393373   394592 
32327 codespace ./cli kernel images/4096x40        0   393324   393376   394580 
%CPU %MEM ARGS Mon Oct  5 01:31:06 UTC 2026
 0.0  0.0 grep --color=auto ./cli       0  2172
20.5  4.8 ./cli kernel images/4096x40   0 394584
20.6  4.8 ./cli kernel images/4096x40   0 394580
20.8  4.8 ./cli kernel images/4096x40   1 394540
20.9  4.8 ./cli kernel images/4096x40   1 394540
21.1  4.8 ./cli kernel images/4096x40   0 394592
  PID User     Command                         Swap      USS      PSS      RSS 
39617 codespace /usr/bin/python3 /usr/bin/s        0    12060    12302    14476 
32329 codespace ./cli kernel images/4096x40        0   393320   393372   394584 
32325 codespace ./cli kernel images/4096x40        0   393320   393373   394540 
32331 codespace ./cli kernel images/4096x40        0   393320   393373   394592 
32323 codespace ./cli kernel images/4096x40        0   393324   393375   394540 
32327 codespace ./cli kernel images/4096x40        0   393324   393376   394580 
%CPU %MEM ARGS Mon Oct  5 01:31:07 UTC 2026
 0.0  0.0 grep --color=auto ./cli       0  2184
20.5  4.8 ./cli kernel images/4096x40   0 394584
20.6  4.8 ./cli kernel images/4096x40   0 394580
20.8  4.8 ./cli kernel images/4096x40   0 394540
20.9  4.8 ./cli kernel images/4096x40   1 394540
21.1  4.8 ./cli kernel images/4096x40   0 394592
  PID User     Command                         Swap      USS      PSS      RSS 
39623 codespace /usr/bin/python3 /usr/bin/s        0    12060    12299    14512 
32329 codespace ./cli kernel images/4096x40        0   393320   393372   394584 
32325 codespace ./cli kernel images/4096x40        0   393320   393373   394540 
32331 codespace ./cli kernel images/4096x40        0   393320   393373   394592 
32323 codespace ./cli kernel images/4096x40        0   393324   393375   394540 
32327 codespace ./cli kernel images/4096x40        0   393324   393376   394580 
%CPU %MEM ARGS Mon Oct  5 01:31:08 UTC 2026
 0.0  0.0 grep --color=auto ./cli       1  2160
20.5  4.8 ./cli kernel images/4096x40   0 394584
20.5  4.8 ./cli kernel images/4096x40   0 394580
20.8  4.8 ./cli kernel images/4096x40   0 394540
21.0  4.8 ./cli kernel images/4096x40   1 394540
21.1  4.8 ./cli kernel images/4096x40   0 394592
  PID User     Command                         Swap      USS      PSS      RSS 
39629 codespace /usr/bin/python3 /usr/bin/s        0    12088    12344    14596 
32325 codespace ./cli kernel images/4096x40        0   393320   393368   394540 
32329 codespace ./cli kernel images/4096x40        0   393320   393372   394584 
32331 codespace ./cli kernel images/4096x40        0   393320   393373   394592 
32323 codespace ./cli kernel images/4096x40        0   393324   393375   394540 
32327 codespace ./cli kernel images/4096x40        0   393324   393376   394580 
%CPU %MEM ARGS Mon Oct  5 01:31:09 UTC 2026
 0.0  0.0 grep --color=auto ./cli       0  2292
20.5  4.8 ./cli kernel images/4096x40   1 394584
20.5  4.8 ./cli kernel images/4096x40   1 394580
20.8  4.8 ./cli kernel images/4096x40   1 394540
21.0  4.8 ./cli kernel images/4096x40   0 394540
21.1  4.8 ./cli kernel images/4096x40   1 394592
  PID User     Command                         Swap      USS      PSS      RSS 
39641 codespace /usr/bin/python3 /usr/bin/s        0    12072    12330    14572 
32325 codespace ./cli kernel images/4096x40        0   393320   393372   394540 
32329 codespace ./cli kernel images/4096x40        0   393320   393372   394584 
32331 codespace ./cli kernel images/4096x40        0   393320   393373   394592 
32323 codespace ./cli kernel images/4096x40        0   393324   393375   394540 
32327 codespace ./cli kernel images/4096x40        0   393324   393376   394580 
%CPU %MEM ARGS Mon Oct  5 01:31:10 UTC 2026
 0.0  0.0 grep --color=auto ./cli       0  2204
20.5  4.8 ./cli kernel images/4096x40   1 394584
20.5  4.8 ./cli kernel images/4096x40   1 394580
20.8  4.8 ./cli kernel images/4096x40   1 394540
21.0  4.8 ./cli kernel images/4096x40   1 394540
21.1  4.8 ./cli kernel images/4096x40   1 394592
  PID User     Command                         Swap      USS      PSS      RSS 
39647 codespace /usr/bin/python3 /usr/bin/s        0    12060    12265    14456 
32329 codespace ./cli kernel images/4096x40        0   393320   393369   394584 
32331 codespace ./cli kernel images/4096x40        0   393320   393370   394592 
32325 codespace ./cli kernel images/4096x40        0   393320   393373   394540 
32327 codespace ./cli kernel images/4096x40        0   393324   393373   394580 
32323 codespace ./cli kernel images/4096x40        0   393324   393375   394540 
%CPU %MEM ARGS Mon Oct  5 01:31:11 UTC 2026
 0.0  0.0 grep --color=auto ./cli       0  2208
20.5  4.8 ./cli kernel images/4096x40   1 394584
20.5  4.8 ./cli kernel images/4096x40   1 394580
20.8  4.8 ./cli kernel images/4096x40   1 394540
21.0  4.8 ./cli kernel images/4096x40   1 394540
21.1  4.8 ./cli kernel images/4096x40   1 394592
  PID User     Command                         Swap      USS      PSS      RSS 
39665 codespace /usr/bin/python3 /usr/bin/s        0    12064    12311    14548 
32329 codespace ./cli kernel images/4096x40        0   393320   393372   394584 
32325 codespace ./cli kernel images/4096x40        0   393320   393373   394540 
32331 codespace ./cli kernel images/4096x40        0   393320   393373   394592 
32323 codespace ./cli kernel images/4096x40        0   393324   393376   394540 
32327 codespace ./cli kernel images/4096x40        0   393324   393376   394580 
%CPU %MEM ARGS Mon Oct  5 01:31:13 UTC 2026
 0.0  0.0 grep --color=auto ./cli       1  2172
20.5  4.8 ./cli kernel images/4096x40   0 394584
20.5  4.8 ./cli kernel images/4096x40   0 394580
20.8  4.8 ./cli kernel images/4096x40   0 394540
21.0  4.8 ./cli kernel images/4096x40   0 394540
21.1  4.8 ./cli kernel images/4096x40   1 394592
  PID User     Command                         Swap      USS      PSS      RSS 
39687 codespace /usr/bin/python3 /usr/bin/s        0    12072    12331    14624 
32329 codespace ./cli kernel images/4096x40        0   393320   393372   394584 
32325 codespace ./cli kernel images/4096x40        0   393320   393373   394540 
32331 codespace ./cli kernel images/4096x40        0   393320   393373   394592 
32323 codespace ./cli kernel images/4096x40        0   393324   393375   394540 
32327 codespace ./cli kernel images/4096x40        0   393324   393376   394580 
%CPU %MEM ARGS Mon Oct  5 01:31:13 UTC 2026
 0.0  0.0 grep --color=auto ./cli       1  2152
20.5  4.8 ./cli kernel images/4096x40   0 394584
20.5  4.8 ./cli kernel images/4096x40   0 394580
20.8  4.8 ./cli kernel images/4096x40   0 394540
21.0  4.8 ./cli kernel images/4096x40   0 394540
21.1  4.8 ./cli kernel images/4096x40   0 394592
  PID User     Command                         Swap      USS      PSS      RSS 
39696 codespace /usr/bin/python3 /usr/bin/s        0    12056    12295    14472 
32329 codespace ./cli kernel images/4096x40        0   393320   393372   394584 
32325 codespace ./cli kernel images/4096x40        0   393320   393373   394540 
32331 codespace ./cli kernel images/4096x40        0   393320   393373   394592 
32323 codespace ./cli kernel images/4096x40        0   393324   393375   394540 
32327 codespace ./cli kernel images/4096x40        0   393324   393376   394580 
%CPU %MEM ARGS Mon Oct  5 01:31:14 UTC 2026
 0.0  0.0 grep --color=auto ./cli       0  2156
20.5  4.8 ./cli kernel images/4096x40   0 394584
20.5  4.8 ./cli kernel images/4096x40   0 394580
20.8  4.8 ./cli kernel images/4096x40   1 394540
21.0  4.8 ./cli kernel images/4096x40   0 394540
21.1  4.8 ./cli kernel images/4096x40   0 394592
  PID User     Command                         Swap      USS      PSS      RSS 
39702 codespace /usr/bin/python3 /usr/bin/s        0    12056    12306    14524 
32329 codespace ./cli kernel images/4096x40        0   393320   393372   394584 
32325 codespace ./cli kernel images/4096x40        0   393320   393373   394540 
32331 codespace ./cli kernel images/4096x40        0   393320   393373   394592 
32323 codespace ./cli kernel images/4096x40        0   393324   393375   394540 
32327 codespace ./cli kernel images/4096x40        0   393324   393376   394580 
%CPU %MEM ARGS Mon Oct  5 01:31:15 UTC 2026
 0.0  0.0 grep --color=auto ./cli       1  2152
20.4  4.8 ./cli kernel images/4096x40   0 394584
20.5  4.8 ./cli kernel images/4096x40   0 394580
20.8  4.8 ./cli kernel images/4096x40   0 394540
20.9  4.8 ./cli kernel images/4096x40   0 394540
21.1  4.8 ./cli kernel images/4096x40   0 394592
  PID User     Command                         Swap      USS      PSS      RSS 
39708 codespace /usr/bin/python3 /usr/bin/s        0    12064    12305    14480 
32329 codespace ./cli kernel images/4096x40        0   393320   393372   394584 
32325 codespace ./cli kernel images/4096x40        0   393320   393373   394540 
32331 codespace ./cli kernel images/4096x40        0   393320   393373   394592 
32323 codespace ./cli kernel images/4096x40        0   393324   393375   394540 
32327 codespace ./cli kernel images/4096x40        0   393324   393376   394580 
%CPU %MEM ARGS Mon Oct  5 01:31:16 UTC 2026
 0.0  0.0 grep --color=auto ./cli       1  2304
20.4  4.8 ./cli kernel images/4096x40   0 394584
20.5  4.8 ./cli kernel images/4096x40   0 394580
20.8  4.8 ./cli kernel images/4096x40   0 394540
20.9  4.8 ./cli kernel images/4096x40   0 394540
21.1  4.8 ./cli kernel images/4096x40   1 394592
  PID User     Command                         Swap      USS      PSS      RSS 
39713 codespace /usr/bin/python3 /usr/bin/s        0    12060    12269    14544 
32331 codespace ./cli kernel images/4096x40        0   393320   393368   394592 
32325 codespace ./cli kernel images/4096x40        0   393320   393369   394540 
32329 codespace ./cli kernel images/4096x40        0   393320   393372   394584 
32323 codespace ./cli kernel images/4096x40        0   393324   393375   394540 
32327 codespace ./cli kernel images/4096x40        0   393324   393376   394580 
%CPU %MEM ARGS Mon Oct  5 01:31:17 UTC 2026
 0.0  0.0 grep --color=auto ./cli       1  2208
20.4  4.8 ./cli kernel images/4096x40   1 394584
20.5  4.8 ./cli kernel images/4096x40   1 394580
20.8  4.8 ./cli kernel images/4096x40   1 394540
20.9  4.8 ./cli kernel images/4096x40   1 394540
21.1  4.8 ./cli kernel images/4096x40   1 394592
  PID User     Command                         Swap      USS      PSS      RSS 
39732 codespace /usr/bin/python3 /usr/bin/s        0    12056    12291    14476 
32329 codespace ./cli kernel images/4096x40        0   393320   393372   394584 
32325 codespace ./cli kernel images/4096x40        0   393320   393373   394540 
32331 codespace ./cli kernel images/4096x40        0   393320   393373   394592 
32323 codespace ./cli kernel images/4096x40        0   393324   393375   394540 
32327 codespace ./cli kernel images/4096x40        0   393324   393376   394580 
%CPU %MEM ARGS Mon Oct  5 01:31:18 UTC 2026
 0.0  0.0 grep --color=auto ./cli       0  2192
20.4  4.8 ./cli kernel images/4096x40   0 394584
20.5  4.8 ./cli kernel images/4096x40   0 394580
20.8  4.8 ./cli kernel images/4096x40   0 394540
20.9  4.8 ./cli kernel images/4096x40   1 394540
21.1  4.8 ./cli kernel images/4096x40   0 394592
  PID User     Command                         Swap      USS      PSS      RSS 
39738 codespace /usr/bin/python3 /usr/bin/s        0    12068    12314    14516 
32329 codespace ./cli kernel images/4096x40        0   393320   393372   394584 
32325 codespace ./cli kernel images/4096x40        0   393320   393373   394540 
32331 codespace ./cli kernel images/4096x40        0   393320   393373   394592 
32323 codespace ./cli kernel images/4096x40        0   393324   393375   394540 
32327 codespace ./cli kernel images/4096x40        0   393324   393376   394580 
%CPU %MEM ARGS Mon Oct  5 01:31:19 UTC 2026
 0.0  0.0 grep --color=auto ./cli       0  2168
20.4  4.8 ./cli kernel images/4096x40   0 394584
20.5  4.8 ./cli kernel images/4096x40   1 394580
20.8  4.8 ./cli kernel images/4096x40   0 394540
21.0  4.8 ./cli kernel images/4096x40   1 394540
21.1  4.8 ./cli kernel images/4096x40   0 394592
  PID User     Command                         Swap      USS      PSS      RSS 
39744 codespace /usr/bin/python3 /usr/bin/s        0    12072    12332    14572 
32325 codespace ./cli kernel images/4096x40        0   393320   393372   394540 
32329 codespace ./cli kernel images/4096x40        0   393320   393372   394584 
32331 codespace ./cli kernel images/4096x40        0   393320   393374   394592 
32323 codespace ./cli kernel images/4096x40        0   393324   393375   394540 
32327 codespace ./cli kernel images/4096x40        0   393324   393376   394580 
%CPU %MEM ARGS Mon Oct  5 01:31:20 UTC 2026
 0.0  0.0 grep --color=auto ./cli       0  2192
20.4  4.8 ./cli kernel images/4096x40   0 394584
20.5  4.8 ./cli kernel images/4096x40   0 394580
20.8  4.8 ./cli kernel images/4096x40   0 394540
21.0  4.8 ./cli kernel images/4096x40   1 394540
21.1  4.8 ./cli kernel images/4096x40   0 394592
  PID User     Command                         Swap      USS      PSS      RSS 
39753 codespace /usr/bin/python3 /usr/bin/s        0    12064    12312    14540 
32329 codespace ./cli kernel images/4096x40        0   393320   393372   394584 
32325 codespace ./cli kernel images/4096x40        0   393320   393373   394540 
32331 codespace ./cli kernel images/4096x40        0   393320   393373   394592 
32323 codespace ./cli kernel images/4096x40        0   393324   393375   394540 
32327 codespace ./cli kernel images/4096x40        0   393324   393376   394580 
%CPU %MEM ARGS Mon Oct  5 01:31:21 UTC 2026
 0.0  0.0 grep --color=auto ./cli       1  2156
20.4  4.8 ./cli kernel images/4096x40   1 394584
20.5  4.8 ./cli kernel images/4096x40   1 394580
20.8  4.8 ./cli kernel images/4096x40   1 394540
21.0  4.8 ./cli kernel images/4096x40   0 394540
21.1  4.8 ./cli kernel images/4096x40   1 394592
  PID User     Command                         Swap      USS      PSS      RSS 
39762 codespace /usr/bin/python3 /usr/bin/s        0    12052    12258    14476 
32331 codespace ./cli kernel images/4096x40        0   393320   393370   394592 
32325 codespace ./cli kernel images/4096x40        0   393320   393372   394540 
32329 codespace ./cli kernel images/4096x40        0   393320   393372   394584 
32323 codespace ./cli kernel images/4096x40        0   393324   393375   394540 
32327 codespace ./cli kernel images/4096x40        0   393324   393376   394580 
%CPU %MEM ARGS Mon Oct  5 01:31:23 UTC 2026
 0.0  0.0 grep --color=auto ./cli       1  2300
20.4  4.8 ./cli kernel images/4096x40   0 394584
20.5  4.8 ./cli kernel images/4096x40   0 394580
20.8  4.8 ./cli kernel images/4096x40   0 394540
21.0  4.8 ./cli kernel images/4096x40   0 394540
21.1  4.8 ./cli kernel images/4096x40   1 394592
  PID User     Command                         Swap      USS      PSS      RSS 
39790 codespace /usr/bin/python3 /usr/bin/s        0    12064    12311    14516 
32325 codespace ./cli kernel images/4096x40        0   393320   393372   394540 
32329 codespace ./cli kernel images/4096x40        0   393320   393372   394584 
32331 codespace ./cli kernel images/4096x40        0   393320   393373   394592 
32323 codespace ./cli kernel images/4096x40        0   393324   393375   394540 
32327 codespace ./cli kernel images/4096x40        0   393324   393376   394580 
%CPU %MEM ARGS Mon Oct  5 01:31:24 UTC 2026
 0.0  0.0 grep --color=auto ./cli       1  2168
20.4  4.8 ./cli kernel images/4096x40   1 394584
20.5  4.8 ./cli kernel images/4096x40   0 394580
20.8  4.8 ./cli kernel images/4096x40   1 394540
21.0  4.8 ./cli kernel images/4096x40   1 394540
21.1  4.8 ./cli kernel images/4096x40   1 394592
  PID User     Command                         Swap      USS      PSS      RSS 
39796 codespace /usr/bin/python3 /usr/bin/s        0    12012    12253    14428 
32323 codespace ./cli kernel images/4096x40        0   393324   393369   394540 
32325 codespace ./cli kernel images/4096x40        0   393320   393372   394540 
32329 codespace ./cli kernel images/4096x40        0   393320   393372   394584 
32331 codespace ./cli kernel images/4096x40        0   393320   393373   394592 
32327 codespace ./cli kernel images/4096x40        0   393324   393376   394580 
%CPU %MEM ARGS Mon Oct  5 01:31:25 UTC 2026
 0.0  0.0 grep --color=auto ./cli       1  2200
20.4  4.8 ./cli kernel images/4096x40   0 394584
20.5  4.8 ./cli kernel images/4096x40   0 394580
20.8  4.8 ./cli kernel images/4096x40   0 394540
21.0  4.8 ./cli kernel images/4096x40   0 394540
21.0  4.8 ./cli kernel images/4096x40   0 394592
  PID User     Command                         Swap      USS      PSS      RSS 
39808 codespace /usr/bin/python3 /usr/bin/s        0    12060    12308    14540 
32325 codespace ./cli kernel images/4096x40        0   393320   393372   394540 
32329 codespace ./cli kernel images/4096x40        0   393320   393372   394584 
32331 codespace ./cli kernel images/4096x40        0   393320   393373   394592 
32323 codespace ./cli kernel images/4096x40        0   393324   393375   394540 
32327 codespace ./cli kernel images/4096x40        0   393324   393376   394580 
%CPU %MEM ARGS Mon Oct  5 01:31:26 UTC 2026
 0.0  0.0 grep --color=auto ./cli       0  2172
20.4  4.8 ./cli kernel images/4096x40   0 394584
20.5  4.8 ./cli kernel images/4096x40   0 394580
20.8  4.8 ./cli kernel images/4096x40   0 394540
21.0  4.8 ./cli kernel images/4096x40   0 394540
21.0  4.8 ./cli kernel images/4096x40   1 394592
  PID User     Command                         Swap      USS      PSS      RSS 
39814 codespace /usr/bin/python3 /usr/bin/s        0    12072    12324    14588 
32329 codespace ./cli kernel images/4096x40        0   393320   393372   394584 
32325 codespace ./cli kernel images/4096x40        0   393320   393373   394540 
32331 codespace ./cli kernel images/4096x40        0   393320   393373   394592 
32323 codespace ./cli kernel images/4096x40        0   393324   393375   394540 
32327 codespace ./cli kernel images/4096x40        0   393324   393376   394580 
%CPU %MEM ARGS Mon Oct  5 01:31:27 UTC 2026
 0.0  0.0 grep --color=auto ./cli       1  2152
20.4  4.8 ./cli kernel images/4096x40   1 394584
20.5  4.8 ./cli kernel images/4096x40   0 394580
20.7  4.8 ./cli kernel images/4096x40   0 394540
21.0  4.8 ./cli kernel images/4096x40   0 394540
21.0  4.8 ./cli kernel images/4096x40   0 394592
  PID User     Command                         Swap      USS      PSS      RSS 
39820 codespace /usr/bin/python3 /usr/bin/s        0    12060    12310    14544 
32325 codespace ./cli kernel images/4096x40        0   393320   393372   394540 
32329 codespace ./cli kernel images/4096x40        0   393320   393372   394584 
32331 codespace ./cli kernel images/4096x40        0   393320   393373   394592 
32323 codespace ./cli kernel images/4096x40        0   393324   393375   394540 
32327 codespace ./cli kernel images/4096x40        0   393324   393376   394580 
%CPU %MEM ARGS Mon Oct  5 01:31:28 UTC 2026
 0.0  0.0 grep --color=auto ./cli       0  2156
20.4  4.8 ./cli kernel images/4096x40   1 394584
20.5  4.8 ./cli kernel images/4096x40   0 394580
20.7  4.8 ./cli kernel images/4096x40   0 394540
21.0  4.8 ./cli kernel images/4096x40   0 394540
21.0  4.8 ./cli kernel images/4096x40   0 394592
  PID User     Command                         Swap      USS      PSS      RSS 
39826 codespace /usr/bin/python3 /usr/bin/s        0    12052    12303    14520 
32329 codespace ./cli kernel images/4096x40        0   393320   393372   394584 
32325 codespace ./cli kernel images/4096x40        0   393320   393373   394540 
32331 codespace ./cli kernel images/4096x40        0   393320   393373   394592 
32323 codespace ./cli kernel images/4096x40        0   393324   393375   394540 
32327 codespace ./cli kernel images/4096x40        0   393324   393376   394580 
%CPU %MEM ARGS Mon Oct  5 01:31:29 UTC 2026
 0.0  0.0 grep --color=auto ./cli       0  2172
20.4  4.8 ./cli kernel images/4096x40   0 394584
20.5  4.8 ./cli kernel images/4096x40   1 394580
20.7  4.8 ./cli kernel images/4096x40   1 394540
21.0  4.8 ./cli kernel images/4096x40   0 394540
21.0  4.8 ./cli kernel images/4096x40   0 394592
  PID User     Command                         Swap      USS      PSS      RSS 
39844 codespace /usr/bin/python3 /usr/bin/s        0    12064    12314    14512 
32325 codespace ./cli kernel images/4096x40        0   393320   393374   394540 
32323 codespace ./cli kernel images/4096x40        0   393324   393375   394540 
32329 codespace ./cli kernel images/4096x40        0   393320   393377   394584 
32327 codespace ./cli kernel images/4096x40        0   393324   393380   394580 
%CPU %MEM ARGS Mon Oct  5 01:31:30 UTC 2026
 0.0  0.0 grep --color=auto ./cli       0  2168
20.4  4.8 ./cli kernel images/4096x40   1 394584
20.5  4.8 ./cli kernel images/4096x40   1 394580
20.7  4.8 ./cli kernel images/4096x40   1 394540
21.0  4.8 ./cli kernel images/4096x40   1 394540
  PID User     Command                         Swap      USS      PSS      RSS 
39850 codespace /usr/bin/python3 /usr/bin/s        0    12052    12282    14456 
32329 codespace ./cli kernel images/4096x40        0   393320   393376   394584 
32325 codespace ./cli kernel images/4096x40        0   393320   393377   394540 
32323 codespace ./cli kernel images/4096x40        0   393324   393379   394540 
32327 codespace ./cli kernel images/4096x40        0   393324   393380   394580 
%CPU %MEM ARGS Mon Oct  5 01:31:31 UTC 2026
 0.0  0.0 grep --color=auto ./cli       0  2200
20.4  4.8 ./cli kernel images/4096x40   1 394584
20.5  4.8 ./cli kernel images/4096x40   1 394580
20.7  4.8 ./cli kernel images/4096x40   0 394540
21.0  4.8 ./cli kernel images/4096x40   0 394540
  PID User     Command                         Swap      USS      PSS      RSS 
39856 codespace /usr/bin/python3 /usr/bin/s        0    12060    12289    14504 
32325 codespace ./cli kernel images/4096x40        0   393320   393377   394540 
32329 codespace ./cli kernel images/4096x40        0   393320   393377   394584 
32323 codespace ./cli kernel images/4096x40        0   393324   393379   394540 
32327 codespace ./cli kernel images/4096x40        0   393324   393380   394580 
%CPU %MEM ARGS Mon Oct  5 01:31:32 UTC 2026
 0.0  0.0 grep --color=auto ./cli       0  2192
20.4  4.8 ./cli kernel images/4096x40   0 394584
20.5  4.8 ./cli kernel images/4096x40   0 394580
20.8  4.8 ./cli kernel images/4096x40   1 394540
21.0  4.8 ./cli kernel images/4096x40   0 394540
  PID User     Command                         Swap      USS      PSS      RSS 
39862 codespace /usr/bin/python3 /usr/bin/s        0    12056    12296    14472 
32329 codespace ./cli kernel images/4096x40        0   393320   393376   394584 
32325 codespace ./cli kernel images/4096x40        0   393320   393377   394540 
32323 codespace ./cli kernel images/4096x40        0   393324   393379   394540 
32327 codespace ./cli kernel images/4096x40        0   393324   393380   394580 
%CPU %MEM ARGS Mon Oct  5 01:31:33 UTC 2026
 0.0  0.0 grep --color=auto ./cli       0  2160
20.4  4.8 ./cli kernel images/4096x40   0 394584
20.5  4.8 ./cli kernel images/4096x40   1 394580
20.8  4.8 ./cli kernel images/4096x40   0 394540
21.0  0.5 ./cli kernel images/4096x40   0 42760
  PID User     Command                         Swap      USS      PSS      RSS 
39891 codespace /usr/bin/python3 /usr/bin/s        0    12072    12335    14620 
32329 codespace ./cli kernel images/4096x40        0   393320   393380   394584 
32323 codespace ./cli kernel images/4096x40        0   393324   393383   394540 
32327 codespace ./cli kernel images/4096x40        0   393324   393383   394580 
%CPU %MEM ARGS Mon Oct  5 01:31:33 UTC 2026
 0.0  0.0 grep --color=auto ./cli       0  2308
20.4  4.8 ./cli kernel images/4096x40   1 394584
20.5  4.8 ./cli kernel images/4096x40   0 394580
20.8  4.8 ./cli kernel images/4096x40   0 394540
  PID User     Command                         Swap      USS      PSS      RSS 
39897 codespace /usr/bin/python3 /usr/bin/s        0    12056    12281    14544 
32329 codespace ./cli kernel images/4096x40        0   393320   393376   394584 
32323 codespace ./cli kernel images/4096x40        0   393324   393379   394540 
32327 codespace ./cli kernel images/4096x40        0   393324   393380   394580 
%CPU %MEM ARGS Mon Oct  5 01:31:34 UTC 2026
 0.0  0.0 grep --color=auto ./cli       1  2148
20.4  4.8 ./cli kernel images/4096x40   0 394584
20.5  4.8 ./cli kernel images/4096x40   1 394580
20.8  4.8 ./cli kernel images/4096x40   1 394540
  PID User     Command                         Swap      USS      PSS      RSS 
39909 codespace /usr/bin/python3 /usr/bin/s        0    12060    12297    14464 
32329 codespace ./cli kernel images/4096x40        0   393320   393380   394584 
32323 codespace ./cli kernel images/4096x40        0   393324   393383   394540 
32327 codespace ./cli kernel images/4096x40        0   393324   393383   394580 
%CPU %MEM ARGS Mon Oct  5 01:31:35 UTC 2026
 0.0  0.0 grep --color=auto ./cli       1  2296
20.4  4.8 ./cli kernel images/4096x40   0 394584
20.5  4.8 ./cli kernel images/4096x40   0 394580
20.8  4.8 ./cli kernel images/4096x40   1 394540
  PID User     Command                         Swap      USS      PSS      RSS 
39915 codespace /usr/bin/python3 /usr/bin/s        0    12060    12306    14476 
32329 codespace ./cli kernel images/4096x40        0   393320   393380   394584 
32323 codespace ./cli kernel images/4096x40        0   393324   393383   394540 
32327 codespace ./cli kernel images/4096x40        0   393324   393383   394580 
%CPU %MEM ARGS Mon Oct  5 01:31:35 UTC 2026
 0.0  0.0 grep --color=auto ./cli       1  2156
20.4  4.8 ./cli kernel images/4096x40   1 394584
20.5  4.8 ./cli kernel images/4096x40   0 394580
20.8  4.8 ./cli kernel images/4096x40   0 394540
  PID User     Command                         Swap      USS      PSS      RSS 
39921 codespace /usr/bin/python3 /usr/bin/s        0    12052    12297    14468 
32327 codespace ./cli kernel images/4096x40        0   393324   393376   394580 
32329 codespace ./cli kernel images/4096x40        0   393320   393380   394584 
32323 codespace ./cli kernel images/4096x40        0   393324   393382   394540 
%CPU %MEM ARGS Mon Oct  5 01:31:36 UTC 2026
 0.0  0.0 grep --color=auto ./cli       1  2340
20.5  4.8 ./cli kernel images/4096x40   1 394584
20.5  4.8 ./cli kernel images/4096x40   0 394580
20.8  4.8 ./cli kernel images/4096x40   1 394540
  PID User     Command                         Swap      USS      PSS      RSS 
32323 ?        ?                                  0      100      159     1316 
39933 codespace /usr/bin/python3 /usr/bin/s        0    12056    12326    14616 
32329 codespace ./cli kernel images/4096x40        0   393320   393382   394584 
32327 codespace ./cli kernel images/4096x40        0   393324   393383   394580 
%CPU %MEM ARGS Mon Oct  5 01:31:37 UTC 2026
 0.0  0.0 grep --color=auto ./cli       1  2300
20.5  4.8 ./cli kernel images/4096x40   0 394584
20.5  4.8 ./cli kernel images/4096x40   1 394580
  PID User     Command                         Swap      USS      PSS      RSS 
39938 codespace /usr/bin/python3 /usr/bin/s        0    12052    12307    14520 
32329 codespace ./cli kernel images/4096x40        0   393320   393387   394584 
32327 codespace ./cli kernel images/4096x40        0   393324   393390   394580 
%CPU %MEM ARGS Mon Oct  5 01:31:37 UTC 2026
 0.0  0.0 grep --color=auto ./cli       1  2184
20.5  4.8 ./cli kernel images/4096x40   0 394584
20.6  4.8 ./cli kernel images/4096x40   1 394580
  PID User     Command                         Swap      USS      PSS      RSS 
39944 codespace /usr/bin/python3 /usr/bin/s        0    12068    12290    14484 
32329 codespace ./cli kernel images/4096x40        0   393320   393379   394584 
32327 codespace ./cli kernel images/4096x40        0   393324   393382   394580 
%CPU %MEM ARGS Mon Oct  5 01:31:38 UTC 2026
 0.0  0.0 grep --color=auto ./cli       0  2288
20.5  4.8 ./cli kernel images/4096x40   0 394584
20.6  4.8 ./cli kernel images/4096x40   1 394580
  PID User     Command                         Swap      USS      PSS      RSS 
39962 codespace /usr/bin/python3 /usr/bin/s        0    12064    12299    14584 
32329 codespace ./cli kernel images/4096x40        0   393320   393379   394584 
32327 codespace ./cli kernel images/4096x40        0   393324   393382   394580 
%CPU %MEM ARGS Mon Oct  5 01:31:39 UTC 2026
 0.0  0.0 grep --color=auto ./cli       0  2180
20.5  4.8 ./cli kernel images/4096x40   0 394584
20.6  4.8 ./cli kernel images/4096x40   1 394580
  PID User     Command                         Swap      USS      PSS      RSS 
39968 codespace /usr/bin/python3 /usr/bin/s        0    12056    12305    14512 
32329 codespace ./cli kernel images/4096x40        0   393320   393386   394584 
32327 codespace ./cli kernel images/4096x40        0   393324   393390   394580 
%CPU %MEM ARGS Mon Oct  5 01:31:39 UTC 2026
 0.0  0.0 grep --color=auto ./cli       0  2248
20.6  4.8 ./cli kernel images/4096x40   1 394584
20.6  4.8 ./cli kernel images/4096x40   0 394580
  PID User     Command                         Swap      USS      PSS      RSS 
39983 codespace /usr/bin/python3 /usr/bin/s        0    12048    12294    14464 
32327 codespace ./cli kernel images/4096x40        0   393324   393384   394580 
32329 codespace ./cli kernel images/4096x40        0   393320   393386   394584 
%CPU %MEM ARGS Mon Oct  5 01:31:40 UTC 2026
 0.0  0.0 grep --color=auto ./cli       0  2344
20.6  4.8 ./cli kernel images/4096x40   1 394584
20.6  4.8 ./cli kernel images/4096x40   0 394580
  PID User     Command                         Swap      USS      PSS      RSS 
40001 codespace /usr/bin/python3 /usr/bin/s        0    12052    12299    14468 
32329 codespace ./cli kernel images/4096x40        0   393320   393386   394584 
32327 codespace ./cli kernel images/4096x40        0   393324   393390   394580 
%CPU %MEM ARGS Mon Oct  5 01:31:40 UTC 2026
 0.0  0.0 grep --color=auto ./cli       0  2288
20.6  4.8 ./cli kernel images/4096x40   1 394584
20.6  4.8 ./cli kernel images/4096x40   0 394580
  PID User     Command                         Swap      USS      PSS      RSS 
40007 codespace /usr/bin/python3 /usr/bin/s        0    12060    12319    14576 
32329 codespace ./cli kernel images/4096x40        0   393320   393386   394584 
32327 codespace ./cli kernel images/4096x40        0   393324   393390   394580 
%CPU %MEM ARGS Mon Oct  5 01:31:41 UTC 2026
 0.0  0.0 grep --color=auto ./cli       0  2160
20.6  4.8 ./cli kernel images/4096x40   1 394584
20.6  4.8 ./cli kernel images/4096x40   0 394580
  PID User     Command                         Swap      USS      PSS      RSS 
40012 codespace /usr/bin/python3 /usr/bin/s        0    12052    12297    14504 
32329 codespace ./cli kernel images/4096x40        0   393320   393386   394584 
32327 codespace ./cli kernel images/4096x40        0   393324   393390   394580 
%CPU %MEM ARGS Mon Oct  5 01:31:42 UTC 2026
 0.0  0.0 grep --color=auto ./cli       0  2164
20.6  4.8 ./cli kernel images/4096x40   0 394584
20.6  4.8 ./cli kernel images/4096x40   0 394580
  PID User     Command                         Swap      USS      PSS      RSS 
40018 codespace /usr/bin/python3 /usr/bin/s        0    12048    12290    14460 
32329 codespace ./cli kernel images/4096x40        0   393320   393387   394584 
32327 codespace ./cli kernel images/4096x40        0   393324   393391   394580 
%CPU %MEM ARGS Mon Oct  5 01:31:42 UTC 2026
 0.0  0.0 grep --color=auto ./cli       1  2252
20.6  4.8 ./cli kernel images/4096x40   0 394584
20.7  4.8 ./cli kernel images/4096x40   1 394580
  PID User     Command                         Swap      USS      PSS      RSS 
40023 codespace /usr/bin/python3 /usr/bin/s        0    12056    12295    14500 
32329 codespace ./cli kernel images/4096x40        0   393320   393387   394584 
32327 codespace ./cli kernel images/4096x40        0   393324   393390   394580 
%CPU %MEM ARGS Mon Oct  5 01:31:43 UTC 2026
 0.0  0.0 grep --color=auto ./cli       0  2260
20.7  4.8 ./cli kernel images/4096x40   0 394584
20.7  0.5 ./cli kernel images/4096x40   1 42800
  PID User     Command                         Swap      USS      PSS      RSS 
40037 codespace /usr/bin/python3 /usr/bin/s        0    12020    12254    14544 
32329 codespace ./cli kernel images/4096x40        0   393336   393388   394584 
%CPU %MEM ARGS Mon Oct  5 01:31:43 UTC 2026
 0.0  0.0 grep --color=auto ./cli       1  2300
20.7  4.8 ./cli kernel images/4096x40   0 394584
  PID User     Command                         Swap      USS      PSS      RSS 
40067 codespace /usr/bin/python3 /usr/bin/s        0    12016    12236    14432 
32329 codespace ./cli kernel images/4096x40        0   393336   393388   394584 
%CPU %MEM ARGS Mon Oct  5 01:31:44 UTC 2026
 0.0  0.0 grep --color=auto ./cli       0  2308
  PID User     Command                         Swap      USS      PSS      RSS 
40078 codespace /usr/bin/python3 /usr/bin/s        0    11924    12156    14424 
