%CPU %MEM ARGS Mon Oct  5 00:28:26 UTC 2026
 0.0  0.0 grep --color=auto ./cli       0  2348
 0.0  0.0 ./cli kernel images/4096x40   0  1340
  PID User     Command                         Swap      USS      PSS      RSS 
 7412 codespace ./cli kernel images/4096x40        0      656      709     1868 
 7406 codespace /usr/bin/python3 /usr/bin/s        0    11908    12156    14436 
%CPU %MEM ARGS Mon Oct  5 00:28:26 UTC 2026
 0.0  0.0 grep --color=auto ./cli       1  2172
90.6  0.0 ./cli kernel images/4096x40   0  3868
  PID User     Command                         Swap      USS      PSS      RSS 
 7412 codespace ./cli kernel images/4096x40        0     3048     3109     4260 
 7419 codespace /usr/bin/python3 /usr/bin/s        0    12020    12270    14436 
%CPU %MEM ARGS Mon Oct  5 00:28:27 UTC 2026
 0.0  0.0 grep --color=auto ./cli       0  2208
95.0  0.0 ./cli kernel images/4096x40   1  6340
  PID User     Command                         Swap      USS      PSS      RSS 
 7412 codespace ./cli kernel images/4096x40        0     5576     5638     6788 
 7424 codespace /usr/bin/python3 /usr/bin/s        0    12020    12264    14464 
%CPU %MEM ARGS Mon Oct  5 00:28:27 UTC 2026
 0.0  0.0 grep --color=auto ./cli       1  2212
95.5  0.1 ./cli kernel images/4096x40   0  8836
  PID User     Command                         Swap      USS      PSS      RSS 
 7412 codespace ./cli kernel images/4096x40        0     8032     8093     9244 
 7429 codespace /usr/bin/python3 /usr/bin/s        0    12016    12270    14432 
%CPU %MEM ARGS Mon Oct  5 00:28:27 UTC 2026
 0.0  0.0 grep --color=auto ./cli       1  2172
95.7  0.1 ./cli kernel images/4096x40   0 11092
  PID User     Command                         Swap      USS      PSS      RSS 
 7412 codespace ./cli kernel images/4096x40        0    10252    10305    11464 
 7447 codespace /usr/bin/python3 /usr/bin/s        0    12016    12262    14532 
%CPU %MEM ARGS Mon Oct  5 00:28:28 UTC 2026
 0.0  0.0 grep --color=auto ./cli       0  2180
92.2  0.1 ./cli kernel images/4096x40   1 13340
  PID User     Command                         Swap      USS      PSS      RSS 
 7465 codespace /usr/bin/python3 /usr/bin/s        0    12016    12252    14468 
 7412 codespace ./cli kernel images/4096x40        0    12572    12625    13784 
%CPU %MEM ARGS Mon Oct  5 00:28:28 UTC 2026
 0.0  0.0 grep --color=auto ./cli       0  2208
91.9  0.1 ./cli kernel images/4096x40   0 15764
  PID User     Command                         Swap      USS      PSS      RSS 
 7470 codespace /usr/bin/python3 /usr/bin/s        0    11968    12202    14444 
 7412 codespace ./cli kernel images/4096x40        0    14992    15044    16204 
%CPU %MEM ARGS Mon Oct  5 00:28:28 UTC 2026
 0.0  0.0 grep --color=auto ./cli       0  2208
91.6  0.2 ./cli kernel images/4096x40   1 18052
  PID User     Command                         Swap      USS      PSS      RSS 
 7483 codespace /usr/bin/python3 /usr/bin/s        0    12016    12260    14460 
 7412 codespace ./cli kernel images/4096x40        0    17252    17313    18464 
%CPU %MEM ARGS Mon Oct  5 00:28:29 UTC 2026
 0.0  0.0 grep --color=auto ./cli       1  2304
93.0  0.2 ./cli kernel images/4096x40   0 20532
  PID User     Command                         Swap      USS      PSS      RSS 
 7489 codespace /usr/bin/python3 /usr/bin/s        0    12024    12290    14520 
 7412 codespace ./cli kernel images/4096x40        0    19712    19773    20924 
%CPU %MEM ARGS Mon Oct  5 00:28:29 UTC 2026
 0.0  0.0 grep --color=auto ./cli       0  2296
93.4  0.2 ./cli kernel images/4096x40   0 22708
  PID User     Command                         Swap      USS      PSS      RSS 
 7494 codespace /usr/bin/python3 /usr/bin/s        0    12016    12269    14472 
 7412 codespace ./cli kernel images/4096x40        0    21652    21713    22864 
%CPU %MEM ARGS Mon Oct  5 00:28:29 UTC 2026
 0.0  0.0 grep --color=auto ./cli       1  2156
92.0  0.3 ./cli kernel images/4096x40   1 24552
  PID User     Command                         Swap      USS      PSS      RSS 
 7499 codespace /usr/bin/python3 /usr/bin/s        0    12016    12269    14472 
 7412 codespace ./cli kernel images/4096x40        0    23732    23793    24944 
%CPU %MEM ARGS Mon Oct  5 00:28:29 UTC 2026
 0.0  0.0 grep --color=auto ./cli       1  2184
92.7  0.3 ./cli kernel images/4096x40   1 27036
  PID User     Command                         Swap      USS      PSS      RSS 
 7505 codespace /usr/bin/python3 /usr/bin/s        0    12032    12305    14548 
 7412 codespace ./cli kernel images/4096x40        0    26320    26381    27532 
%CPU %MEM ARGS Mon Oct  5 00:28:30 UTC 2026
 0.0  0.0 grep --color=auto ./cli       0  2304
91.7  0.3 ./cli kernel images/4096x40   1 28924
  PID User     Command                         Swap      USS      PSS      RSS 
 7525 codespace /usr/bin/python3 /usr/bin/s        0    12012    12246    14460 
 7412 codespace ./cli kernel images/4096x40        0    28180    28240    29392 
%CPU %MEM ARGS Mon Oct  5 00:28:30 UTC 2026
 0.0  0.0 grep --color=auto ./cli       1  2172
90.5  0.3 ./cli kernel images/4096x40   0 31460
  PID User     Command                         Swap      USS      PSS      RSS 
 7551 codespace /usr/bin/python3 /usr/bin/s        0    12016    12237    14432 
 7412 codespace ./cli kernel images/4096x40        0    30652    30704    31864 
%CPU %MEM ARGS Mon Oct  5 00:28:30 UTC 2026
 0.0  0.0 grep --color=auto ./cli       1  2304
91.1  0.4 ./cli kernel images/4096x40   0 34016
  PID User     Command                         Swap      USS      PSS      RSS 
 7557 codespace /usr/bin/python3 /usr/bin/s        0    12016    12235    14480 
 7412 codespace ./cli kernel images/4096x40        0    33212    33265    34424 
%CPU %MEM ARGS Mon Oct  5 00:28:31 UTC 2026
 0.0  0.0 grep --color=auto ./cli       0  2184
91.7  0.4 ./cli kernel images/4096x40   1 36520
  PID User     Command                         Swap      USS      PSS      RSS 
 7562 codespace /usr/bin/python3 /usr/bin/s        0    12016    12249    14496 
 7412 codespace ./cli kernel images/4096x40        0    35744    35796    36956 
%CPU %MEM ARGS Mon Oct  5 00:28:31 UTC 2026
 0.0  0.0 grep --color=auto ./cli       0  2172
92.2  0.4 ./cli kernel images/4096x40   1 39080
  PID User     Command                         Swap      USS      PSS      RSS 
 7569 codespace /usr/bin/python3 /usr/bin/s        0    12020    12299    14520 
 7412 codespace ./cli kernel images/4096x40        0    38264    38326    39476 
%CPU %MEM ARGS Mon Oct  5 00:28:31 UTC 2026
 0.0  0.0 grep --color=auto ./cli       1  2248
92.4  0.5 ./cli kernel images/4096x40   1 41632
  PID User     Command                         Swap      USS      PSS      RSS 
 7580 codespace /usr/bin/python3 /usr/bin/s        0    12008    12261    14424 
 7412 codespace ./cli kernel images/4096x40        0    40828    40889    42040 
%CPU %MEM ARGS Mon Oct  5 00:28:32 UTC 2026
 0.0  0.0 grep --color=auto ./cli       1  2172
92.8  0.5 ./cli kernel images/4096x40   1 44112
  PID User     Command                         Swap      USS      PSS      RSS 
 7586 codespace /usr/bin/python3 /usr/bin/s        0    12016    12281    14484 
 7412 codespace ./cli kernel images/4096x40        0    43300    43361    44512 
%CPU %MEM ARGS Mon Oct  5 00:28:32 UTC 2026
 0.0  0.0 grep --color=auto ./cli       0  2184
92.8  0.5 ./cli kernel images/4096x40   1 46468
  PID User     Command                         Swap      USS      PSS      RSS 
 7597 codespace /usr/bin/python3 /usr/bin/s        0    12016    12269    14472 
 7412 codespace ./cli kernel images/4096x40        0    45628    45689    46840 
%CPU %MEM ARGS Mon Oct  5 00:28:32 UTC 2026
 0.0  0.0 grep --color=auto ./cli       0  2196
93.0  0.6 ./cli kernel images/4096x40   1 48984
  PID User     Command                         Swap      USS      PSS      RSS 
 7602 codespace /usr/bin/python3 /usr/bin/s        0    12016    12281    14484 
 7412 codespace ./cli kernel images/4096x40        0    48168    48229    49380 
%CPU %MEM ARGS Mon Oct  5 00:28:32 UTC 2026
 0.0  0.0 grep --color=auto ./cli       0  2160
93.2  0.6 ./cli kernel images/4096x40   1 51340
  PID User     Command                         Swap      USS      PSS      RSS 
 7608 codespace /usr/bin/python3 /usr/bin/s        0    12016    12276    14496 
 7412 codespace ./cli kernel images/4096x40        0    50516    50577    51728 
%CPU %MEM ARGS Mon Oct  5 00:28:33 UTC 2026
 0.0  0.0 grep --color=auto ./cli       1  2236
93.3  0.6 ./cli kernel images/4096x40   0 53984
  PID User     Command                         Swap      USS      PSS      RSS 
 7613 codespace /usr/bin/python3 /usr/bin/s        0    12040    12316    14544 
 7412 codespace ./cli kernel images/4096x40        0    53164    53226    54376 
%CPU %MEM ARGS Mon Oct  5 00:28:33 UTC 2026
 0.0  0.0 grep --color=auto ./cli       0  2160
93.5  0.6 ./cli kernel images/4096x40   0 56272
  PID User     Command                         Swap      USS      PSS      RSS 
 7624 codespace /usr/bin/python3 /usr/bin/s        0    12008    12242    14488 
 7412 codespace ./cli kernel images/4096x40        0    55472    55531    56684 
%CPU %MEM ARGS Mon Oct  5 00:28:33 UTC 2026
 0.0  0.0 grep --color=auto ./cli       1  2248
93.5  0.7 ./cli kernel images/4096x40   1 58468
  PID User     Command                         Swap      USS      PSS      RSS 
 7630 codespace /usr/bin/python3 /usr/bin/s        0    12020    12287    14468 
 7412 codespace ./cli kernel images/4096x40        0    57820    57882    59032 
%CPU %MEM ARGS Mon Oct  5 00:28:34 UTC 2026
 0.0  0.0 grep --color=auto ./cli       0  2180
93.4  0.7 ./cli kernel images/4096x40   0 61076
  PID User     Command                         Swap      USS      PSS      RSS 
 7635 codespace /usr/bin/python3 /usr/bin/s        0    12016    12261    14464 
 7412 codespace ./cli kernel images/4096x40        0    60264    60326    61476 
%CPU %MEM ARGS Mon Oct  5 00:28:34 UTC 2026
 0.0  0.0 grep --color=auto ./cli       0  2248
93.3  0.7 ./cli kernel images/4096x40   0 63380
  PID User     Command                         Swap      USS      PSS      RSS 
 7646 codespace /usr/bin/python3 /usr/bin/s        0    12020    12287    14468 
 7412 codespace ./cli kernel images/4096x40        0    62544    62606    63756 
%CPU %MEM ARGS Mon Oct  5 00:28:34 UTC 2026
 0.0  0.0 grep --color=auto ./cli       1  2248
93.6  0.8 ./cli kernel images/4096x40   0 65900
  PID User     Command                         Swap      USS      PSS      RSS 
 7651 codespace /usr/bin/python3 /usr/bin/s        0    12032    12308    14548 
 7412 codespace ./cli kernel images/4096x40        0    65112    65174    66324 
%CPU %MEM ARGS Mon Oct  5 00:28:35 UTC 2026
 0.0  0.0 grep --color=auto ./cli       0  2164
93.9  0.8 ./cli kernel images/4096x40   0 68572
  PID User     Command                         Swap      USS      PSS      RSS 
 7657 codespace /usr/bin/python3 /usr/bin/s        0    12012    12255    14432 
 7412 codespace ./cli kernel images/4096x40        0    67700    67761    68912 
%CPU %MEM ARGS Mon Oct  5 00:28:35 UTC 2026
 0.0  0.0 grep --color=auto ./cli       0  2160
93.8  0.8 ./cli kernel images/4096x40   1 70932
  PID User     Command                         Swap      USS      PSS      RSS 
 7662 codespace /usr/bin/python3 /usr/bin/s        0    11988    12257    14456 
 7412 codespace ./cli kernel images/4096x40        0    70116    70178    71328 
%CPU %MEM ARGS Mon Oct  5 00:28:35 UTC 2026
 0.0  0.0 grep --color=auto ./cli       1  2296
93.9  0.9 ./cli kernel images/4096x40   0 73444
  PID User     Command                         Swap      USS      PSS      RSS 
 7667 codespace /usr/bin/python3 /usr/bin/s        0    12016    12267    14432 
 7412 codespace ./cli kernel images/4096x40        0    72628    72689    73840 
%CPU %MEM ARGS Mon Oct  5 00:28:35 UTC 2026
 0.0  0.0 grep --color=auto ./cli       1  2208
94.1  0.9 ./cli kernel images/4096x40   0 75996
  PID User     Command                         Swap      USS      PSS      RSS 
 7673 codespace /usr/bin/python3 /usr/bin/s        0    12016    12279    14500 
 7412 codespace ./cli kernel images/4096x40        0    75192    75253    76404 
%CPU %MEM ARGS Mon Oct  5 00:28:36 UTC 2026
 0.0  0.0 grep --color=auto ./cli       1  2288
94.2  0.9 ./cli kernel images/4096x40   0 78516
  PID User     Command                         Swap      USS      PSS      RSS 
 7678 codespace /usr/bin/python3 /usr/bin/s        0    12016    12261    14436 
 7412 codespace ./cli kernel images/4096x40        0    77700    77761    78912 
%CPU %MEM ARGS Mon Oct  5 00:28:36 UTC 2026
 0.0  0.0 grep --color=auto ./cli       0  2176
94.3  0.9 ./cli kernel images/4096x40   0 80908
  PID User     Command                         Swap      USS      PSS      RSS 
 7689 codespace /usr/bin/python3 /usr/bin/s        0    12024    12303    14524 
 7412 codespace ./cli kernel images/4096x40        0    80096    80158    81308 
%CPU %MEM ARGS Mon Oct  5 00:28:36 UTC 2026
 0.0  0.0 grep --color=auto ./cli       1  2252
94.5  1.0 ./cli kernel images/4096x40   0 83480
  PID User     Command                         Swap      USS      PSS      RSS 
 7695 codespace /usr/bin/python3 /usr/bin/s        0    12016    12285    14484 
 7412 codespace ./cli kernel images/4096x40        0    82672    82734    83884 
%CPU %MEM ARGS Mon Oct  5 00:28:37 UTC 2026
 0.0  0.0 grep --color=auto ./cli       1  2156
94.6  1.0 ./cli kernel images/4096x40   1 85992
  PID User     Command                         Swap      USS      PSS      RSS 
 7700 codespace /usr/bin/python3 /usr/bin/s        0    11992    12269    14496 
 7412 codespace ./cli kernel images/4096x40        0    85212    85274    86424 
%CPU %MEM ARGS Mon Oct  5 00:28:37 UTC 2026
 0.0  0.0 grep --color=auto ./cli       0  2300
94.8  1.0 ./cli kernel images/4096x40   1 88552
  PID User     Command                         Swap      USS      PSS      RSS 
 7705 codespace /usr/bin/python3 /usr/bin/s        0    12016    12264    14472 
 7412 codespace ./cli kernel images/4096x40        0    87736    87798    88948 
%CPU %MEM ARGS Mon Oct  5 00:28:37 UTC 2026
 0.0  0.0 grep --color=auto ./cli       0  2340
94.8  1.1 ./cli kernel images/4096x40   1 91096
  PID User     Command                         Swap      USS      PSS      RSS 
 7710 codespace /usr/bin/python3 /usr/bin/s        0    12016    12254    14400 
 7412 codespace ./cli kernel images/4096x40        0    90288    90349    91500 
%CPU %MEM ARGS Mon Oct  5 00:28:37 UTC 2026
 0.0  0.0 grep --color=auto ./cli       0  2176
94.9  1.1 ./cli kernel images/4096x40   1 93472
  PID User     Command                         Swap      USS      PSS      RSS 
 7716 codespace /usr/bin/python3 /usr/bin/s        0    12020    12299    14524 
 7412 codespace ./cli kernel images/4096x40        0    92720    92781    93932 
%CPU %MEM ARGS Mon Oct  5 00:28:38 UTC 2026
 0.0  0.0 grep --color=auto ./cli       0  2200
95.0  1.1 ./cli kernel images/4096x40   1 96060
  PID User     Command                         Swap      USS      PSS      RSS 
 7721 codespace /usr/bin/python3 /usr/bin/s        0    12016    12282    14468 
 7412 codespace ./cli kernel images/4096x40        0    95252    95313    96464 
%CPU %MEM ARGS Mon Oct  5 00:28:38 UTC 2026
 0.0  0.0 grep --color=auto ./cli       1  2308
95.0  1.2 ./cli kernel images/4096x40   1 98412
  PID User     Command                         Swap      USS      PSS      RSS 
 7732 codespace /usr/bin/python3 /usr/bin/s        0    12020    12270    14472 
 7412 codespace ./cli kernel images/4096x40        0    97608    97669    98820 
%CPU %MEM ARGS Mon Oct  5 00:28:38 UTC 2026
 0.0  0.0 grep --color=auto ./cli       1  2288
95.1  1.2 ./cli kernel images/4096x40   0 100776
  PID User     Command                         Swap      USS      PSS      RSS 
 7738 codespace /usr/bin/python3 /usr/bin/s        0    12020    12288    14468 
 7412 codespace ./cli kernel images/4096x40        0    99956   100018   101168 
%CPU %MEM ARGS Mon Oct  5 00:28:39 UTC 2026
 0.0  0.0 grep --color=auto ./cli       0  2196
95.1  1.2 ./cli kernel images/4096x40   0 103100
  PID User     Command                         Swap      USS      PSS      RSS 
 7749 codespace /usr/bin/python3 /usr/bin/s        0    12024    12304    14524 
 7412 codespace ./cli kernel images/4096x40        0   102320   102382   103532 
%CPU %MEM ARGS Mon Oct  5 00:28:39 UTC 2026
 0.0  0.0 grep --color=auto ./cli       1  2344
95.1  1.2 ./cli kernel images/4096x40   1 105600
  PID User     Command                         Swap      USS      PSS      RSS 
 7754 codespace /usr/bin/python3 /usr/bin/s        0    12036    12313    14540 
 7412 codespace ./cli kernel images/4096x40        0   104784   104846   105996 
%CPU %MEM ARGS Mon Oct  5 00:28:39 UTC 2026
 0.0  0.0 grep --color=auto ./cli       0  2180
95.2  1.3 ./cli kernel images/4096x40   1 108192
  PID User     Command                         Swap      USS      PSS      RSS 
 7759 codespace /usr/bin/python3 /usr/bin/s        0    12032    12306    14548 
 7412 codespace ./cli kernel images/4096x40        0   107536   107598   108748 
%CPU %MEM ARGS Mon Oct  5 00:28:40 UTC 2026
 0.0  0.0 grep --color=auto ./cli       1  2156
95.3  1.3 ./cli kernel images/4096x40   1 110848
  PID User     Command                         Swap      USS      PSS      RSS 
 7765 codespace /usr/bin/python3 /usr/bin/s        0    12016    12279    14500 
 7412 codespace ./cli kernel images/4096x40        0   110084   110145   111296 
%CPU %MEM ARGS Mon Oct  5 00:28:40 UTC 2026
 0.0  0.0 grep --color=auto ./cli       1  2176
94.6  1.3 ./cli kernel images/4096x40   0 113012
  PID User     Command                         Swap      USS      PSS      RSS 
 7776 codespace /usr/bin/python3 /usr/bin/s        0    12020    12274    14420 
 7412 codespace ./cli kernel images/4096x40        0   112076   112138   113288 
%CPU %MEM ARGS Mon Oct  5 00:28:40 UTC 2026
 0.0  0.0 grep --color=auto ./cli       0  2184
93.9  1.4 ./cli kernel images/4096x40   1 114656
  PID User     Command                         Swap      USS      PSS      RSS 
 7798 codespace /usr/bin/python3 /usr/bin/s        0    12068    12341    14584 
 7412 codespace ./cli kernel images/4096x40        0   113840   113901   115052 
%CPU %MEM ARGS Mon Oct  5 00:28:41 UTC 2026
 0.0  0.0 grep --color=auto ./cli       0  2160
94.0  1.4 ./cli kernel images/4096x40   1 117208
  PID User     Command                         Swap      USS      PSS      RSS 
 7804 codespace /usr/bin/python3 /usr/bin/s        0    12016    12261    14436 
 7412 codespace ./cli kernel images/4096x40        0   116516   116577   117728 
%CPU %MEM ARGS Mon Oct  5 00:28:41 UTC 2026
 0.0  0.0 grep --color=auto ./cli       1  2252
94.1  1.4 ./cli kernel images/4096x40   0 119828
  PID User     Command                         Swap      USS      PSS      RSS 
 7809 codespace /usr/bin/python3 /usr/bin/s        0    12032    12310    14580 
 7412 codespace ./cli kernel images/4096x40        0   119016   119077   120228 
%CPU %MEM ARGS Mon Oct  5 00:28:41 UTC 2026
 0.0  0.0 grep --color=auto ./cli       1  2168
94.1  1.5 ./cli kernel images/4096x40   0 122324
  PID User     Command                         Swap      USS      PSS      RSS 
 7814 codespace /usr/bin/python3 /usr/bin/s        0    12040    12314    14544 
 7412 codespace ./cli kernel images/4096x40        0   121520   121581   122732 
%CPU %MEM ARGS Mon Oct  5 00:28:42 UTC 2026
 0.0  0.0 grep --color=auto ./cli       1  2292
94.2  1.5 ./cli kernel images/4096x40   0 124860
  PID User     Command                         Swap      USS      PSS      RSS 
 7820 codespace /usr/bin/python3 /usr/bin/s        0    12016    12262    14468 
 7412 codespace ./cli kernel images/4096x40        0   124056   124118   125268 
%CPU %MEM ARGS Mon Oct  5 00:28:42 UTC 2026
 0.0  0.0 grep --color=auto ./cli       0  2176
94.3  1.5 ./cli kernel images/4096x40   1 127344
  PID User     Command                         Swap      USS      PSS      RSS 
 7825 codespace /usr/bin/python3 /usr/bin/s        0    12020    12273    14436 
 7412 codespace ./cli kernel images/4096x40        0   126528   126589   127740 
%CPU %MEM ARGS Mon Oct  5 00:28:42 UTC 2026
 0.0  0.0 grep --color=auto ./cli       1  2164
94.4  1.5 ./cli kernel images/4096x40   0 129884
  PID User     Command                         Swap      USS      PSS      RSS 
 7830 codespace /usr/bin/python3 /usr/bin/s        0    12016    12255    14400 
 7412 codespace ./cli kernel images/4096x40        0   129076   129137   130288 
%CPU %MEM ARGS Mon Oct  5 00:28:42 UTC 2026
 0.0  0.0 grep --color=auto ./cli       0  2164
94.4  1.6 ./cli kernel images/4096x40   1 132180
  PID User     Command                         Swap      USS      PSS      RSS 
 7842 codespace /usr/bin/python3 /usr/bin/s        0    12012    12278    14496 
 7412 codespace ./cli kernel images/4096x40        0   131304   131365   132516 
%CPU %MEM ARGS Mon Oct  5 00:28:43 UTC 2026
 0.0  0.0 grep --color=auto ./cli       1  2164
94.3  1.6 ./cli kernel images/4096x40   0 134648
  PID User     Command                         Swap      USS      PSS      RSS 
 7847 codespace /usr/bin/python3 /usr/bin/s        0    12020    12271    14436 
 7412 codespace ./cli kernel images/4096x40        0   133824   133885   135036 
%CPU %MEM ARGS Mon Oct  5 00:28:43 UTC 2026
 0.0  0.0 grep --color=auto ./cli       0  2212
94.3  1.6 ./cli kernel images/4096x40   1 137172
  PID User     Command                         Swap      USS      PSS      RSS 
 7852 codespace /usr/bin/python3 /usr/bin/s        0    12016    12264    14472 
 7412 codespace ./cli kernel images/4096x40        0   136356   136418   137568 
%CPU %MEM ARGS Mon Oct  5 00:28:43 UTC 2026
 0.0  0.0 grep --color=auto ./cli       1  2292
94.4  1.7 ./cli kernel images/4096x40   0 139748
  PID User     Command                         Swap      USS      PSS      RSS 
 7857 codespace /usr/bin/python3 /usr/bin/s        0    12016    12277    14496 
 7412 codespace ./cli kernel images/4096x40        0   139124   139185   140336 
%CPU %MEM ARGS Mon Oct  5 00:28:44 UTC 2026
 0.0  0.0 grep --color=auto ./cli       0  2192
94.4  1.7 ./cli kernel images/4096x40   1 142464
  PID User     Command                         Swap      USS      PSS      RSS 
 7863 codespace /usr/bin/python3 /usr/bin/s        0    12016    12268    14460 
 7412 codespace ./cli kernel images/4096x40        0   141788   141849   143000 
%CPU %MEM ARGS Mon Oct  5 00:28:44 UTC 2026
 0.0  0.0 grep --color=auto ./cli       1  2320
94.4  1.7 ./cli kernel images/4096x40   1 144988
  PID User     Command                         Swap      USS      PSS      RSS 
 7868 codespace /usr/bin/python3 /usr/bin/s        0    12012    12247    14500 
 7412 codespace ./cli kernel images/4096x40        0   144152   144210   145364 
%CPU %MEM ARGS Mon Oct  5 00:28:44 UTC 2026
 0.0  0.0 grep --color=auto ./cli       1  2156
94.1  1.8 ./cli kernel images/4096x40   1 147400
  PID User     Command                         Swap      USS      PSS      RSS 
 7879 codespace /usr/bin/python3 /usr/bin/s        0    12016    12261    14468 
 7412 codespace ./cli kernel images/4096x40        0   146960   147021   148172 
%CPU %MEM ARGS Mon Oct  5 00:28:45 UTC 2026
 0.0  0.0 grep --color=auto ./cli       0  2172
94.1  1.8 ./cli kernel images/4096x40   1 150184
  PID User     Command                         Swap      USS      PSS      RSS 
 7891 codespace /usr/bin/python3 /usr/bin/s        0    12016    12263    14468 
 7412 codespace ./cli kernel images/4096x40        0   149512   149574   150724 
%CPU %MEM ARGS Mon Oct  5 00:28:45 UTC 2026
 0.0  0.0 grep --color=auto ./cli       0  2252
94.1  1.8 ./cli kernel images/4096x40   1 152752
  PID User     Command                         Swap      USS      PSS      RSS 
 7896 codespace /usr/bin/python3 /usr/bin/s        0    12016    12268    14432 
 7412 codespace ./cli kernel images/4096x40        0   151932   151993   153144 
%CPU %MEM ARGS Mon Oct  5 00:28:45 UTC 2026
 0.0  0.0 grep --color=auto ./cli       0  2168
94.2  1.9 ./cli kernel images/4096x40   1 155260
  PID User     Command                         Swap      USS      PSS      RSS 
 7901 codespace /usr/bin/python3 /usr/bin/s        0    12020    12289    14468 
 7412 codespace ./cli kernel images/4096x40        0   154456   154518   155668 
%CPU %MEM ARGS Mon Oct  5 00:28:46 UTC 2026
 0.0  0.0 grep --color=auto ./cli       0  2180
94.3  1.9 ./cli kernel images/4096x40   1 157836
  PID User     Command                         Swap      USS      PSS      RSS 
 7907 codespace /usr/bin/python3 /usr/bin/s        0    12016    12297    14524 
 7412 codespace ./cli kernel images/4096x40        0   156944   157006   158156 
%CPU %MEM ARGS Mon Oct  5 00:28:46 UTC 2026
 0.0  0.0 grep --color=auto ./cli       1  2308
94.2  1.9 ./cli kernel images/4096x40   1 160220
  PID User     Command                         Swap      USS      PSS      RSS 
 7912 codespace /usr/bin/python3 /usr/bin/s        0    12016    12282    14484 
 7412 codespace ./cli kernel images/4096x40        0   159460   159522   160672 
%CPU %MEM ARGS Mon Oct  5 00:28:46 UTC 2026
 0.0  0.0 grep --color=auto ./cli       0  2164
94.3  2.0 ./cli kernel images/4096x40   1 162800
  PID User     Command                         Swap      USS      PSS      RSS 
 7917 codespace /usr/bin/python3 /usr/bin/s        0    12016    12283    14468 
 7412 codespace ./cli kernel images/4096x40        0   161988   162050   163200 
%CPU %MEM ARGS Mon Oct  5 00:28:46 UTC 2026
 0.0  0.0 grep --color=auto ./cli       0  2288
94.4  2.0 ./cli kernel images/4096x40   1 165444
  PID User     Command                         Swap      USS      PSS      RSS 
 7923 codespace /usr/bin/python3 /usr/bin/s        0    12012    12218    14436 
 7412 codespace ./cli kernel images/4096x40        0   164604   164656   165816 
%CPU %MEM ARGS Mon Oct  5 00:28:47 UTC 2026
 0.0  0.0 grep --color=auto ./cli       0  2192
94.2  2.0 ./cli kernel images/4096x40   1 167828
  PID User     Command                         Swap      USS      PSS      RSS 
 7934 codespace /usr/bin/python3 /usr/bin/s        0    12020    12285    14504 
 7412 codespace ./cli kernel images/4096x40        0   167020   167081   168232 
%CPU %MEM ARGS Mon Oct  5 00:28:47 UTC 2026
 0.0  0.0 grep --color=auto ./cli       1  2172
94.3  2.0 ./cli kernel images/4096x40   0 170408
  PID User     Command                         Swap      USS      PSS      RSS 
 7939 codespace /usr/bin/python3 /usr/bin/s        0    12016    12271    14432 
 7412 codespace ./cli kernel images/4096x40        0   169592   169653   170804 
%CPU %MEM ARGS Mon Oct  5 00:28:47 UTC 2026
 0.0  0.0 grep --color=auto ./cli       0  2160
94.3  2.1 ./cli kernel images/4096x40   1 172932
  PID User     Command                         Swap      USS      PSS      RSS 
 7945 codespace /usr/bin/python3 /usr/bin/s        0    12000    12255    14416 
 7412 codespace ./cli kernel images/4096x40        0   172108   172169   173320 
%CPU %MEM ARGS Mon Oct  5 00:28:48 UTC 2026
 0.0  0.0 grep --color=auto ./cli       0  2248
94.3  2.1 ./cli kernel images/4096x40   1 175236
  PID User     Command                         Swap      USS      PSS      RSS 
 7950 codespace /usr/bin/python3 /usr/bin/s        0    12016    12262    14436 
 7412 codespace ./cli kernel images/4096x40        0   174416   174477   175628 
%CPU %MEM ARGS Mon Oct  5 00:28:48 UTC 2026
 0.0  0.0 grep --color=auto ./cli       0  2192
94.4  2.1 ./cli kernel images/4096x40   1 177776
  PID User     Command                         Swap      USS      PSS      RSS 
 7955 codespace /usr/bin/python3 /usr/bin/s        0    12016    12269    14472 
 7412 codespace ./cli kernel images/4096x40        0   177040   177102   178252 
%CPU %MEM ARGS Mon Oct  5 00:28:48 UTC 2026
 0.0  0.0 grep --color=auto ./cli       0  2160
94.5  2.2 ./cli kernel images/4096x40   1 180384
  PID User     Command                         Swap      USS      PSS      RSS 
 7960 codespace /usr/bin/python3 /usr/bin/s        0    12016    12267    14468 
 7412 codespace ./cli kernel images/4096x40        0   179572   179634   180784 
%CPU %MEM ARGS Mon Oct  5 00:28:49 UTC 2026
 0.0  0.0 grep --color=auto ./cli       1  2288
94.6  2.2 ./cli kernel images/4096x40   0 182736
  PID User     Command                         Swap      USS      PSS      RSS 
 7966 codespace /usr/bin/python3 /usr/bin/s        0    12028    12309    14576 
 7412 codespace ./cli kernel images/4096x40        0   181864   181926   183076 
%CPU %MEM ARGS Mon Oct  5 00:28:49 UTC 2026
 0.0  0.0 grep --color=auto ./cli       0  2176
94.5  2.2 ./cli kernel images/4096x40   1 185156
  PID User     Command                         Swap      USS      PSS      RSS 
 7977 codespace /usr/bin/python3 /usr/bin/s        0    12016    12264    14472 
 7412 codespace ./cli kernel images/4096x40        0   184344   184406   185556 
%CPU %MEM ARGS Mon Oct  5 00:28:49 UTC 2026
 0.0  0.0 grep --color=auto ./cli       0  2176
94.6  2.3 ./cli kernel images/4096x40   1 187724
  PID User     Command                         Swap      USS      PSS      RSS 
 7982 codespace /usr/bin/python3 /usr/bin/s        0    12016    12267    14432 
 7412 codespace ./cli kernel images/4096x40        0   186916   186977   188128 
%CPU %MEM ARGS Mon Oct  5 00:28:49 UTC 2026
 0.0  0.0 grep --color=auto ./cli       0  2296
94.6  2.3 ./cli kernel images/4096x40   1 190272
  PID User     Command                         Swap      USS      PSS      RSS 
 7988 codespace /usr/bin/python3 /usr/bin/s        0    12016    12268    14432 
 7412 codespace ./cli kernel images/4096x40        0   189452   189513   190664 
%CPU %MEM ARGS Mon Oct  5 00:28:50 UTC 2026
 0.0  0.0 grep --color=auto ./cli       1  2196
94.5  2.3 ./cli kernel images/4096x40   1 192768
  PID User     Command                         Swap      USS      PSS      RSS 
 7999 codespace /usr/bin/python3 /usr/bin/s        0    12016    12264    14468 
 7412 codespace ./cli kernel images/4096x40        0   191956   192018   193168 
%CPU %MEM ARGS Mon Oct  5 00:28:50 UTC 2026
 0.0  0.0 grep --color=auto ./cli       1  2160
94.5  2.4 ./cli kernel images/4096x40   1 195204
  PID User     Command                         Swap      USS      PSS      RSS 
 8004 codespace /usr/bin/python3 /usr/bin/s        0    12016    12269    14432 
 7412 codespace ./cli kernel images/4096x40        0   194420   194481   195632 
%CPU %MEM ARGS Mon Oct  5 00:28:50 UTC 2026
 0.0  0.0 grep --color=auto ./cli       0  2172
94.4  2.4 ./cli kernel images/4096x40   1 197072
  PID User     Command                         Swap      USS      PSS      RSS 
 8022 codespace /usr/bin/python3 /usr/bin/s        0    12040    12316    14544 
 7412 codespace ./cli kernel images/4096x40        0   196296   196358   197508 
%CPU %MEM ARGS Mon Oct  5 00:28:51 UTC 2026
 0.0  0.0 grep --color=auto ./cli       1  2200
94.3  2.5 ./cli kernel images/4096x40   1 207132
  PID User     Command                         Swap      USS      PSS      RSS 
 8036 codespace /usr/bin/python3 /usr/bin/s        0    12028    12308    14576 
 7412 codespace ./cli kernel images/4096x40        0   208132   208197   209408 
%CPU %MEM ARGS Mon Oct  5 00:28:51 UTC 2026
 0.0  0.0 grep --color=auto ./cli       1  2248
94.3  2.7 ./cli kernel images/4096x40   0 221044
  PID User     Command                         Swap      USS      PSS      RSS 
 8044 codespace /usr/bin/python3 /usr/bin/s        0    12016    12278    14488 
 7412 codespace ./cli kernel images/4096x40        0   222136   222201   223412 
%CPU %MEM ARGS Mon Oct  5 00:28:51 UTC 2026
 0.0  0.0 grep --color=auto ./cli       1  2340
94.3  2.8 ./cli kernel images/4096x40   0 235332
  PID User     Command                         Swap      USS      PSS      RSS 
 8049 codespace /usr/bin/python3 /usr/bin/s        0    12016    12267    14432 
 7412 codespace ./cli kernel images/4096x40        0   236488   236553   237764 
%CPU %MEM ARGS Mon Oct  5 00:28:52 UTC 2026
 0.0  0.0 grep --color=auto ./cli       1  2296
94.4  3.0 ./cli kernel images/4096x40   0 249860
  PID User     Command                         Swap      USS      PSS      RSS 
 8055 codespace /usr/bin/python3 /usr/bin/s        0    12016    12277    14496 
 7412 codespace ./cli kernel images/4096x40        0   250956   251021   252232 
%CPU %MEM ARGS Mon Oct  5 00:28:52 UTC 2026
 0.0  0.0 grep --color=auto ./cli       0  2176
94.4  3.2 ./cli kernel images/4096x40   1 264024
  PID User     Command                         Swap      USS      PSS      RSS 
 8060 codespace /usr/bin/python3 /usr/bin/s        0    12020    12271    14436 
 7412 codespace ./cli kernel images/4096x40        0   265136   265201   266412 
%CPU %MEM ARGS Mon Oct  5 00:28:52 UTC 2026
 0.0  0.0 grep --color=auto ./cli       0  2252
94.5  3.4 ./cli kernel images/4096x40   1 278516
  PID User     Command                         Swap      USS      PSS      RSS 
 8065 codespace /usr/bin/python3 /usr/bin/s        0    12000    12261    14480 
 7412 codespace ./cli kernel images/4096x40        0   279672   279737   280948 
%CPU %MEM ARGS Mon Oct  5 00:28:53 UTC 2026
 0.0  0.0 grep --color=auto ./cli       0  2192
94.5  3.6 ./cli kernel images/4096x40   1 292968
  PID User     Command                         Swap      USS      PSS      RSS 
 8071 codespace /usr/bin/python3 /usr/bin/s        0    12020    12272    14436 
 7412 codespace ./cli kernel images/4096x40        0   294892   294957   296168 
%CPU %MEM ARGS Mon Oct  5 00:28:53 UTC 2026
 0.0  0.0 grep --color=auto ./cli       1  2172
94.5  3.7 ./cli kernel images/4096x40   1 308212
  PID User     Command                         Swap      USS      PSS      RSS 
 8079 codespace /usr/bin/python3 /usr/bin/s        0    12048    12299    14504 
 7412 codespace ./cli kernel images/4096x40        0   309484   309549   310760 
%CPU %MEM ARGS Mon Oct  5 00:28:53 UTC 2026
 0.0  0.0 grep --color=auto ./cli       1  2180
94.5  3.9 ./cli kernel images/4096x40   1 322248
  PID User     Command                         Swap      USS      PSS      RSS 
 8087 codespace /usr/bin/python3 /usr/bin/s        0    12016    12260    14436 
 7412 codespace ./cli kernel images/4096x40        0   323396   323461   324672 
%CPU %MEM ARGS Mon Oct  5 00:28:53 UTC 2026
 0.0  0.0 grep --color=auto ./cli       0  2152
94.5  4.1 ./cli kernel images/4096x40   1 336812
  PID User     Command                         Swap      USS      PSS      RSS 
 8093 codespace /usr/bin/python3 /usr/bin/s        0    12032    12311    14544 
 7412 codespace ./cli kernel images/4096x40        0   338516   338581   339792 
%CPU %MEM ARGS Mon Oct  5 00:28:54 UTC 2026
 0.0  0.0 grep --color=auto ./cli       1  2180
94.5  4.3 ./cli kernel images/4096x40   1 352656
  PID User     Command                         Swap      USS      PSS      RSS 
 8098 codespace /usr/bin/python3 /usr/bin/s        0    12016    12270    14432 
 7412 codespace ./cli kernel images/4096x40        0   353900   353964   355176 
%CPU %MEM ARGS Mon Oct  5 00:28:54 UTC 2026
 0.0  0.0 grep --color=auto ./cli       0  2288
94.6  4.5 ./cli kernel images/4096x40   1 367660
  PID User     Command                         Swap      USS      PSS      RSS 
 8103 codespace /usr/bin/python3 /usr/bin/s        0    12032    12308    14492 
 7412 codespace ./cli kernel images/4096x40        0   368892   368957   370168 
%CPU %MEM ARGS Mon Oct  5 00:28:54 UTC 2026
 0.0  0.0 grep --color=auto ./cli       1  2156
94.6  4.6 ./cli kernel images/4096x40   1 382144
  PID User     Command                         Swap      USS      PSS      RSS 
 8109 codespace /usr/bin/python3 /usr/bin/s        0    12016    12280    14476 
 7412 codespace ./cli kernel images/4096x40        0   383456   383521   384732 
%CPU %MEM ARGS Mon Oct  5 00:28:55 UTC 2026
 0.0  0.0 grep --color=auto ./cli       1  2196
94.6  4.8 ./cli kernel images/4096x40   0 394608
  PID User     Command                         Swap      USS      PSS      RSS 
 8114 codespace /usr/bin/python3 /usr/bin/s        0    12016    12266    14468 
 7412 codespace ./cli kernel images/4096x40        0   393332   393397   394608 
%CPU %MEM ARGS Mon Oct  5 00:28:55 UTC 2026
 0.0  0.0 grep --color=auto ./cli       0  2288
94.0  4.8 ./cli kernel images/4096x40   0 394608
  PID User     Command                         Swap      USS      PSS      RSS 
 8127 codespace /usr/bin/python3 /usr/bin/s        0    12012    12240    14432 
 7412 codespace ./cli kernel images/4096x40        0   393332   393393   394608 
%CPU %MEM ARGS Mon Oct  5 00:28:56 UTC 2026
 0.0  0.0 grep --color=auto ./cli       1  2156
93.8  4.8 ./cli kernel images/4096x40   1 394608
  PID User     Command                         Swap      USS      PSS      RSS 
 8137 codespace /usr/bin/python3 /usr/bin/s        0    12000    12253    14416 
 7412 codespace ./cli kernel images/4096x40        0   393332   393397   394608 
%CPU %MEM ARGS Mon Oct  5 00:28:56 UTC 2026
 0.0  0.0 grep --color=auto ./cli       0  2204
93.4  4.8 ./cli kernel images/4096x40   1 394608
  PID User     Command                         Swap      USS      PSS      RSS 
 8142 codespace /usr/bin/python3 /usr/bin/s        0    12024    12305    14524 
 7412 codespace ./cli kernel images/4096x40        0   393332   393397   394608 
%CPU %MEM ARGS Mon Oct  5 00:28:56 UTC 2026
 0.0  0.0 grep --color=auto ./cli       1  2304
93.2  4.8 ./cli kernel images/4096x40   0 394608
  PID User     Command                         Swap      USS      PSS      RSS 
 8147 codespace /usr/bin/python3 /usr/bin/s        0    12016    12277    14496 
 7412 codespace ./cli kernel images/4096x40        0   393332   393397   394608 
%CPU %MEM ARGS Mon Oct  5 00:28:57 UTC 2026
 0.0  0.0 grep --color=auto ./cli       1  2344
93.0  4.8 ./cli kernel images/4096x40   0 394608
  PID User     Command                         Swap      USS      PSS      RSS 
 8153 codespace /usr/bin/python3 /usr/bin/s        0    11992    12256    14468 
 7412 codespace ./cli kernel images/4096x40        0   393332   393397   394608 
%CPU %MEM ARGS Mon Oct  5 00:28:57 UTC 2026
 0.0  0.0 grep --color=auto ./cli       1  2180
92.7  4.8 ./cli kernel images/4096x40   1 394608
  PID User     Command                         Swap      USS      PSS      RSS 
 8158 codespace /usr/bin/python3 /usr/bin/s        0    12016    12260    14436 
 7412 codespace ./cli kernel images/4096x40        0   393332   393397   394608 
%CPU %MEM ARGS Mon Oct  5 00:28:57 UTC 2026
 0.0  0.0 grep --color=auto ./cli       1  2208
92.4  4.8 ./cli kernel images/4096x40   0 394608
  PID User     Command                         Swap      USS      PSS      RSS 
 8170 codespace /usr/bin/python3 /usr/bin/s        0    12016    12269    14432 
 7412 codespace ./cli kernel images/4096x40        0   393332   393396   394608 
%CPU %MEM ARGS Mon Oct  5 00:28:58 UTC 2026
 0.0  0.0 grep --color=auto ./cli       1  2168
92.1  4.8 ./cli kernel images/4096x40   0 394608
  PID User     Command                         Swap      USS      PSS      RSS 
 8175 codespace /usr/bin/python3 /usr/bin/s        0    12016    12255    14412 
 7412 codespace ./cli kernel images/4096x40        0   393332   393397   394608 
%CPU %MEM ARGS Mon Oct  5 00:28:58 UTC 2026
 0.0  0.0 grep --color=auto ./cli       0  2184
91.8  4.8 ./cli kernel images/4096x40   1 394608
  PID User     Command                         Swap      USS      PSS      RSS 
 8180 codespace /usr/bin/python3 /usr/bin/s        0    12016    12282    14468 
 7412 codespace ./cli kernel images/4096x40        0   393332   393397   394608 
%CPU %MEM ARGS Mon Oct  5 00:28:59 UTC 2026
 0.0  0.0 grep --color=auto ./cli       0  2156
91.6  4.8 ./cli kernel images/4096x40   0 394608
  PID User     Command                         Swap      USS      PSS      RSS 
 8188 codespace /usr/bin/python3 /usr/bin/s        0    12012    12260    14384 
 7412 codespace ./cli kernel images/4096x40        0   393332   393397   394608 
%CPU %MEM ARGS Mon Oct  5 00:28:59 UTC 2026
 0.0  0.0 grep --color=auto ./cli       0  2248
91.2  4.8 ./cli kernel images/4096x40   0 394608
  PID User     Command                         Swap      USS      PSS      RSS 
 8193 codespace /usr/bin/python3 /usr/bin/s        0    12012    12278    14480 
 7412 codespace ./cli kernel images/4096x40        0   393332   393397   394608 
%CPU %MEM ARGS Mon Oct  5 00:28:59 UTC 2026
 0.0  0.0 grep --color=auto ./cli       0  2252
90.9  4.8 ./cli kernel images/4096x40   1 394608
  PID User     Command                         Swap      USS      PSS      RSS 
 8201 codespace /usr/bin/python3 /usr/bin/s        0    12024    12304    14524 
 7412 codespace ./cli kernel images/4096x40        0   393332   393397   394608 
%CPU %MEM ARGS Mon Oct  5 00:29:00 UTC 2026
 0.0  0.0 grep --color=auto ./cli       0  2340
90.7  4.8 ./cli kernel images/4096x40   0 394608
  PID User     Command                         Swap      USS      PSS      RSS 
 8210 codespace /usr/bin/python3 /usr/bin/s        0    12016    12284    14484 
 7412 codespace ./cli kernel images/4096x40        0   393332   393397   394608 
%CPU %MEM ARGS Mon Oct  5 00:29:00 UTC 2026
 0.0  0.0 grep --color=auto ./cli       1  2296
90.4  4.8 ./cli kernel images/4096x40   0 394608
  PID User     Command                         Swap      USS      PSS      RSS 
 8215 codespace /usr/bin/python3 /usr/bin/s        0    12016    12280    14492 
 7412 codespace ./cli kernel images/4096x40        0   393332   393397   394608 
%CPU %MEM ARGS Mon Oct  5 00:29:01 UTC 2026
 0.0  0.0 grep --color=auto ./cli       1  2304
90.1  4.8 ./cli kernel images/4096x40   0 394608
  PID User     Command                         Swap      USS      PSS      RSS 
 8221 codespace /usr/bin/python3 /usr/bin/s        0    12020    12276    14544 
 7412 codespace ./cli kernel images/4096x40        0   393332   393394   394608 
%CPU %MEM ARGS Mon Oct  5 00:29:01 UTC 2026
 0.0  0.0 grep --color=auto ./cli       0  2160
89.6  4.8 ./cli kernel images/4096x40   1 394608
  PID User     Command                         Swap      USS      PSS      RSS 
 8250 codespace /usr/bin/python3 /usr/bin/s        0    12020    12273    14436 
 7412 codespace ./cli kernel images/4096x40        0   393332   393397   394608 
%CPU %MEM ARGS Mon Oct  5 00:29:01 UTC 2026
 0.0  0.0 grep --color=auto ./cli       1  2172
89.3  4.8 ./cli kernel images/4096x40   0 394608
  PID User     Command                         Swap      USS      PSS      RSS 
 8256 codespace /usr/bin/python3 /usr/bin/s        0    12028    12304    14544 
 7412 codespace ./cli kernel images/4096x40        0   393332   393397   394608 
%CPU %MEM ARGS Mon Oct  5 00:29:02 UTC 2026
 0.0  0.0 grep --color=auto ./cli       1  2152
89.0  4.8 ./cli kernel images/4096x40   0 394608
  PID User     Command                         Swap      USS      PSS      RSS 
 8267 codespace /usr/bin/python3 /usr/bin/s        0    12040    12317    14544 
 7412 codespace ./cli kernel images/4096x40        0   393332   393397   394608 
%CPU %MEM ARGS Mon Oct  5 00:29:02 UTC 2026
 0.0  0.0 grep --color=auto ./cli       0  2156
88.9  4.8 ./cli kernel images/4096x40   1 394608
  PID User     Command                         Swap      USS      PSS      RSS 
 8272 codespace /usr/bin/python3 /usr/bin/s        0    12020    12289    14468 
 7412 codespace ./cli kernel images/4096x40        0   393332   393397   394608 
%CPU %MEM ARGS Mon Oct  5 00:29:03 UTC 2026
 0.0  0.0 grep --color=auto ./cli       0  2204
88.6  4.8 ./cli kernel images/4096x40   1 394608
  PID User     Command                         Swap      USS      PSS      RSS 
 8278 codespace /usr/bin/python3 /usr/bin/s        0    12016    12260    14436 
 7412 codespace ./cli kernel images/4096x40        0   393332   393397   394608 
%CPU %MEM ARGS Mon Oct  5 00:29:03 UTC 2026
 0.0  0.0 grep --color=auto ./cli       1  2184
88.5  4.8 ./cli kernel images/4096x40   0 394608
  PID User     Command                         Swap      USS      PSS      RSS 
 8283 codespace /usr/bin/python3 /usr/bin/s        0    12016    12267    14472 
 7412 codespace ./cli kernel images/4096x40        0   393332   393397   394608 
%CPU %MEM ARGS Mon Oct  5 00:29:03 UTC 2026
 0.0  0.0 grep --color=auto ./cli       0  2212
88.3  4.8 ./cli kernel images/4096x40   1 394608
  PID User     Command                         Swap      USS      PSS      RSS 
 8288 codespace /usr/bin/python3 /usr/bin/s        0    12016    12268    14432 
 7412 codespace ./cli kernel images/4096x40        0   393332   393397   394608 
%CPU %MEM ARGS Mon Oct  5 00:29:04 UTC 2026
 0.0  0.0 grep --color=auto ./cli       1  2308
88.2  4.8 ./cli kernel images/4096x40   0 394608
  PID User     Command                         Swap      USS      PSS      RSS 
 8294 codespace /usr/bin/python3 /usr/bin/s        0    12016    12285    14484 
 7412 codespace ./cli kernel images/4096x40        0   393332   393396   394608 
%CPU %MEM ARGS Mon Oct  5 00:29:04 UTC 2026
 0.0  0.0 grep --color=auto ./cli       1  2296
87.9  4.8 ./cli kernel images/4096x40   0 394608
  PID User     Command                         Swap      USS      PSS      RSS 
 8305 codespace /usr/bin/python3 /usr/bin/s        0    12012    12278    14488 
 7412 codespace ./cli kernel images/4096x40        0   393332   393397   394608 
%CPU %MEM ARGS Mon Oct  5 00:29:04 UTC 2026
 0.0  0.0 grep --color=auto ./cli       0  2156
87.6  4.8 ./cli kernel images/4096x40   1 394608
  PID User     Command                         Swap      USS      PSS      RSS 
 8310 codespace /usr/bin/python3 /usr/bin/s        0    12016    12270    14432 
 7412 codespace ./cli kernel images/4096x40        0   393332   393397   394608 
%CPU %MEM ARGS Mon Oct  5 00:29:05 UTC 2026
 0.0  0.0 grep --color=auto ./cli       0  2176
87.5  4.8 ./cli kernel images/4096x40   1 394608
  PID User     Command                         Swap      USS      PSS      RSS 
 8316 codespace /usr/bin/python3 /usr/bin/s        0    12016    12297    14524 
 7412 codespace ./cli kernel images/4096x40        0   393332   393397   394608 
%CPU %MEM ARGS Mon Oct  5 00:29:05 UTC 2026
 0.0  0.0 grep --color=auto ./cli       1  2188
87.3  4.8 ./cli kernel images/4096x40   1 394608
  PID User     Command                         Swap      USS      PSS      RSS 
 8321 codespace /usr/bin/python3 /usr/bin/s        0    12016    12262    14436 
 7412 codespace ./cli kernel images/4096x40        0   393332   393397   394608 
%CPU %MEM ARGS Mon Oct  5 00:29:05 UTC 2026
 0.0  0.0 grep --color=auto ./cli       0  2248
87.2  4.8 ./cli kernel images/4096x40   0 394608
  PID User     Command                         Swap      USS      PSS      RSS 
 8326 codespace /usr/bin/python3 /usr/bin/s        0    12016    12278    14492 
 7412 codespace ./cli kernel images/4096x40        0   393332   393396   394608 
%CPU %MEM ARGS Mon Oct  5 00:29:06 UTC 2026
 0.0  0.0 grep --color=auto ./cli       1  2296
87.0  4.8 ./cli kernel images/4096x40   1 394608
  PID User     Command                         Swap      USS      PSS      RSS 
 8335 codespace /usr/bin/python3 /usr/bin/s        0    12016    12268    14432 
 7412 codespace ./cli kernel images/4096x40        0   393332   393396   394608 
%CPU %MEM ARGS Mon Oct  5 00:29:06 UTC 2026
 0.0  0.0 grep --color=auto ./cli       0  2320
86.7  4.8 ./cli kernel images/4096x40   0 394608
  PID User     Command                         Swap      USS      PSS      RSS 
 8343 codespace /usr/bin/python3 /usr/bin/s        0    12028    12275    14548 
 7412 codespace ./cli kernel images/4096x40        0   393332   393394   394608 
%CPU %MEM ARGS Mon Oct  5 00:29:07 UTC 2026
 0.0  0.0 grep --color=auto ./cli       0  2300
86.5  4.8 ./cli kernel images/4096x40   1 394608
  PID User     Command                         Swap      USS      PSS      RSS 
 8355 codespace /usr/bin/python3 /usr/bin/s        0    12016    12267    14432 
 7412 codespace ./cli kernel images/4096x40        0   393332   393397   394608 
%CPU %MEM ARGS Mon Oct  5 00:29:07 UTC 2026
 0.0  0.0 grep --color=auto ./cli       0  2304
86.3  4.8 ./cli kernel images/4096x40   1 394608
  PID User     Command                         Swap      USS      PSS      RSS 
 8360 codespace /usr/bin/python3 /usr/bin/s        0    12016    12268    14432 
 7412 codespace ./cli kernel images/4096x40        0   393332   393397   394608 
%CPU %MEM ARGS Mon Oct  5 00:29:07 UTC 2026
 0.0  0.0 grep --color=auto ./cli       0  2140
86.2  4.8 ./cli kernel images/4096x40   1 394608
  PID User     Command                         Swap      USS      PSS      RSS 
 8366 codespace /usr/bin/python3 /usr/bin/s        0    12016    12283    14468 
 7412 codespace ./cli kernel images/4096x40        0   393332   393397   394608 
%CPU %MEM ARGS Mon Oct  5 00:29:08 UTC 2026
 0.0  0.0 grep --color=auto ./cli       1  2164
86.0  4.8 ./cli kernel images/4096x40   0 394608
  PID User     Command                         Swap      USS      PSS      RSS 
 8371 codespace /usr/bin/python3 /usr/bin/s        0    12016    12277    14496 
 7412 codespace ./cli kernel images/4096x40        0   393332   393396   394608 
%CPU %MEM ARGS Mon Oct  5 00:29:08 UTC 2026
 0.0  0.0 grep --color=auto ./cli       1  2204
85.8  4.8 ./cli kernel images/4096x40   0 394608
  PID User     Command                         Swap      USS      PSS      RSS 
 8382 codespace /usr/bin/python3 /usr/bin/s        0    12016    12267    14468 
 7412 codespace ./cli kernel images/4096x40        0   393332   393397   394608 
%CPU %MEM ARGS Mon Oct  5 00:29:09 UTC 2026
 0.0  0.0 grep --color=auto ./cli       1  2300
85.7  4.8 ./cli kernel images/4096x40   0 394608
  PID User     Command                         Swap      USS      PSS      RSS 
 8388 codespace /usr/bin/python3 /usr/bin/s        0    12016    12268    14432 
 7412 codespace ./cli kernel images/4096x40        0   393332   393396   394608 
%CPU %MEM ARGS Mon Oct  5 00:29:09 UTC 2026
 0.0  0.0 grep --color=auto ./cli       1  2300
85.6  4.8 ./cli kernel images/4096x40   0 394608
  PID User     Command                         Swap      USS      PSS      RSS 
 8393 codespace /usr/bin/python3 /usr/bin/s        0    12016    12276    14496 
 7412 codespace ./cli kernel images/4096x40        0   393332   393396   394608 
%CPU %MEM ARGS Mon Oct  5 00:29:09 UTC 2026
 0.0  0.0 grep --color=auto ./cli       1  2304
85.5  4.8 ./cli kernel images/4096x40   0 394608
  PID User     Command                         Swap      USS      PSS      RSS 
 8398 codespace /usr/bin/python3 /usr/bin/s        0    12016    12270    14432 
 7412 codespace ./cli kernel images/4096x40        0   393332   393397   394608 
%CPU %MEM ARGS Mon Oct  5 00:29:10 UTC 2026
 0.0  0.0 grep --color=auto ./cli       0  2344
85.3  4.8 ./cli kernel images/4096x40   0 394608
  PID User     Command                         Swap      USS      PSS      RSS 
 8404 codespace /usr/bin/python3 /usr/bin/s        0    12020    12300    14552 
 7412 codespace ./cli kernel images/4096x40        0   393332   393397   394608 
%CPU %MEM ARGS Mon Oct  5 00:29:10 UTC 2026
 0.0  0.0 grep --color=auto ./cli       1  2184
85.2  4.8 ./cli kernel images/4096x40   0 394608
  PID User     Command                         Swap      USS      PSS      RSS 
 8415 codespace /usr/bin/python3 /usr/bin/s        0    12016    12268    14468 
 7412 codespace ./cli kernel images/4096x40        0   393332   393397   394608 
%CPU %MEM ARGS Mon Oct  5 00:29:11 UTC 2026
 0.0  0.0 grep --color=auto ./cli       0  2192
85.0  4.8 ./cli kernel images/4096x40   0 394608
  PID User     Command                         Swap      USS      PSS      RSS 
 8421 codespace /usr/bin/python3 /usr/bin/s        0    12016    12270    14432 
 7412 codespace ./cli kernel images/4096x40        0   393332   393396   394608 
%CPU %MEM ARGS Mon Oct  5 00:29:11 UTC 2026
 0.0  0.0 grep --color=auto ./cli       0  2180
84.8  4.8 ./cli kernel images/4096x40   1 394608
  PID User     Command                         Swap      USS      PSS      RSS 
 8432 codespace /usr/bin/python3 /usr/bin/s        0    12016    12261    14436 
 7412 codespace ./cli kernel images/4096x40        0   393332   393396   394608 
%CPU %MEM ARGS Mon Oct  5 00:29:11 UTC 2026
 0.0  0.0 grep --color=auto ./cli       0  2172
84.7  4.8 ./cli kernel images/4096x40   1 394608
  PID User     Command                         Swap      USS      PSS      RSS 
 8449 codespace /usr/bin/python3 /usr/bin/s        0    12020    12274    14436 
 7412 codespace ./cli kernel images/4096x40        0   393332   393397   394608 
%CPU %MEM ARGS Mon Oct  5 00:29:12 UTC 2026
 0.0  0.0 grep --color=auto ./cli       1  2156
84.5  4.8 ./cli kernel images/4096x40   0 394608
  PID User     Command                         Swap      USS      PSS      RSS 
 8455 codespace /usr/bin/python3 /usr/bin/s        0    12020    12268    14548 
 7412 codespace ./cli kernel images/4096x40        0   393332   393394   394608 
%CPU %MEM ARGS Mon Oct  5 00:29:12 UTC 2026
 0.0  0.0 grep --color=auto ./cli       1  2180
84.2  4.8 ./cli kernel images/4096x40   0 394608
  PID User     Command                         Swap      USS      PSS      RSS 
 8469 codespace /usr/bin/python3 /usr/bin/s        0    12016    12259    14456 
 7412 codespace ./cli kernel images/4096x40        0   393332   393397   394608 
%CPU %MEM ARGS Mon Oct  5 00:29:13 UTC 2026
 0.0  0.0 grep --color=auto ./cli       0  2184
84.1  4.8 ./cli kernel images/4096x40   1 394608
  PID User     Command                         Swap      USS      PSS      RSS 
 8478 codespace /usr/bin/python3 /usr/bin/s        0    12020    12265    14468 
 7412 codespace ./cli kernel images/4096x40        0   393332   393397   394608 
%CPU %MEM ARGS Mon Oct  5 00:29:13 UTC 2026
 0.0  0.0 grep --color=auto ./cli       1  2248
84.0  4.8 ./cli kernel images/4096x40   0 394608
  PID User     Command                         Swap      USS      PSS      RSS 
 8483 codespace /usr/bin/python3 /usr/bin/s        0    12020    12271    14436 
 7412 codespace ./cli kernel images/4096x40        0   393332   393397   394608 
%CPU %MEM ARGS Mon Oct  5 00:29:13 UTC 2026
 0.0  0.0 grep --color=auto ./cli       0  2248
83.9  4.8 ./cli kernel images/4096x40   1 394608
  PID User     Command                         Swap      USS      PSS      RSS 
 8488 codespace /usr/bin/python3 /usr/bin/s        0    12024    12303    14524 
 7412 codespace ./cli kernel images/4096x40        0   393332   393397   394608 
%CPU %MEM ARGS Mon Oct  5 00:29:14 UTC 2026
 0.0  0.0 grep --color=auto ./cli       1  2372
83.9  4.8 ./cli kernel images/4096x40   0 394608
  PID User     Command                         Swap      USS      PSS      RSS 
 8494 codespace /usr/bin/python3 /usr/bin/s        0    12016    12271    14432 
 7412 codespace ./cli kernel images/4096x40        0   393332   393397   394608 
%CPU %MEM ARGS Mon Oct  5 00:29:14 UTC 2026
 0.0  0.0 grep --color=auto ./cli       0  2200
83.8  4.8 ./cli kernel images/4096x40   1 394608
  PID User     Command                         Swap      USS      PSS      RSS 
 8499 codespace /usr/bin/python3 /usr/bin/s        0    12028    12308    14576 
 7412 codespace ./cli kernel images/4096x40        0   393332   393397   394608 
%CPU %MEM ARGS Mon Oct  5 00:29:14 UTC 2026
 0.0  0.0 grep --color=auto ./cli       0  2192
83.6  4.8 ./cli kernel images/4096x40   0 394608
  PID User     Command                         Swap      USS      PSS      RSS 
 8510 codespace /usr/bin/python3 /usr/bin/s        0    12024    12303    14524 
 7412 codespace ./cli kernel images/4096x40        0   393332   393397   394608 
%CPU %MEM ARGS Mon Oct  5 00:29:15 UTC 2026
 0.0  0.0 grep --color=auto ./cli       0  2212
83.5  4.8 ./cli kernel images/4096x40   1 394608
  PID User     Command                         Swap      USS      PSS      RSS 
 8516 codespace /usr/bin/python3 /usr/bin/s        0    12016    12276    14496 
 7412 codespace ./cli kernel images/4096x40        0   393332   393397   394608 
%CPU %MEM ARGS Mon Oct  5 00:29:15 UTC 2026
 0.0  0.0 grep --color=auto ./cli       1  2212
83.4  4.8 ./cli kernel images/4096x40   1 394608
  PID User     Command                         Swap      USS      PSS      RSS 
 8521 codespace /usr/bin/python3 /usr/bin/s        0    12032    12306    14548 
 7412 codespace ./cli kernel images/4096x40        0   393332   393397   394608 
%CPU %MEM ARGS Mon Oct  5 00:29:16 UTC 2026
 0.0  0.0 grep --color=auto ./cli       0  2156
83.3  4.8 ./cli kernel images/4096x40   1 394608
  PID User     Command                         Swap      USS      PSS      RSS 
 8527 codespace /usr/bin/python3 /usr/bin/s        0    12020    12283    14504 
 7412 codespace ./cli kernel images/4096x40        0   393332   393396   394608 
%CPU %MEM ARGS Mon Oct  5 00:29:16 UTC 2026
 0.0  0.0 grep --color=auto ./cli       0  2344
83.1  4.8 ./cli kernel images/4096x40   1 394608
  PID User     Command                         Swap      USS      PSS      RSS 
 8532 codespace /usr/bin/python3 /usr/bin/s        0    12016    12281    14484 
 7412 codespace ./cli kernel images/4096x40        0   393332   393397   394608 
%CPU %MEM ARGS Mon Oct  5 00:29:16 UTC 2026
 0.0  0.0 grep --color=auto ./cli       1  2252
82.9  4.8 ./cli kernel images/4096x40   1 394608
  PID User     Command                         Swap      USS      PSS      RSS 
 8537 codespace /usr/bin/python3 /usr/bin/s        0    12016    12271    14432 
 7412 codespace ./cli kernel images/4096x40        0   393332   393397   394608 
%CPU %MEM ARGS Mon Oct  5 00:29:17 UTC 2026
 0.0  0.0 grep --color=auto ./cli       0  2344
82.6  4.8 ./cli kernel images/4096x40   1 394608
  PID User     Command                         Swap      USS      PSS      RSS 
 8549 codespace /usr/bin/python3 /usr/bin/s        0    12020    12286    14472 
 7412 codespace ./cli kernel images/4096x40        0   393332   393397   394608 
%CPU %MEM ARGS Mon Oct  5 00:29:17 UTC 2026
 0.0  0.0 grep --color=auto ./cli       1  2204
82.5  4.8 ./cli kernel images/4096x40   0 394608
  PID User     Command                         Swap      USS      PSS      RSS 
 8554 codespace /usr/bin/python3 /usr/bin/s        0    12008    12262    14424 
 7412 codespace ./cli kernel images/4096x40        0   393332   393397   394608 
%CPU %MEM ARGS Mon Oct  5 00:29:18 UTC 2026
 0.0  0.0 grep --color=auto ./cli       1  2324
82.4  4.8 ./cli kernel images/4096x40   0 394608
  PID User     Command                         Swap      USS      PSS      RSS 
 8560 codespace /usr/bin/python3 /usr/bin/s        0    12012    12245    14496 
 7412 codespace ./cli kernel images/4096x40        0   393332   393393   394608 
%CPU %MEM ARGS Mon Oct  5 00:29:18 UTC 2026
 0.0  0.0 grep --color=auto ./cli       0  2252
82.2  4.8 ./cli kernel images/4096x40   0 394608
  PID User     Command                         Swap      USS      PSS      RSS 
 8571 codespace /usr/bin/python3 /usr/bin/s        0    12016    12281    14484 
 7412 codespace ./cli kernel images/4096x40        0   393332   393397   394608 
%CPU %MEM ARGS Mon Oct  5 00:29:18 UTC 2026
 0.0  0.0 grep --color=auto ./cli       0  2160
82.1  4.8 ./cli kernel images/4096x40   1 394608
  PID User     Command                         Swap      USS      PSS      RSS 
 8576 codespace /usr/bin/python3 /usr/bin/s        0    12016    12276    14496 
 7412 codespace ./cli kernel images/4096x40        0   393332   393396   394608 
%CPU %MEM ARGS Mon Oct  5 00:29:19 UTC 2026
 0.0  0.0 grep --color=auto ./cli       1  2172
82.0  4.8 ./cli kernel images/4096x40   1 394608
  PID User     Command                         Swap      USS      PSS      RSS 
 8588 codespace /usr/bin/python3 /usr/bin/s        0    12024    12291    14472 
 7412 codespace ./cli kernel images/4096x40        0   393332   393397   394608 
%CPU %MEM ARGS Mon Oct  5 00:29:19 UTC 2026
 0.0  0.0 grep --color=auto ./cli       0  2156
81.8  4.8 ./cli kernel images/4096x40   0 394608
  PID User     Command                         Swap      USS      PSS      RSS 
 8593 codespace /usr/bin/python3 /usr/bin/s        0    12020    12272    14436 
 7412 codespace ./cli kernel images/4096x40        0   393332   393397   394608 
%CPU %MEM ARGS Mon Oct  5 00:29:19 UTC 2026
 0.0  0.0 grep --color=auto ./cli       1  2340
81.7  4.8 ./cli kernel images/4096x40   0 394608
  PID User     Command                         Swap      USS      PSS      RSS 
 8598 codespace /usr/bin/python3 /usr/bin/s        0    12016    12277    14496 
 7412 codespace ./cli kernel images/4096x40        0   393332   393397   394608 
%CPU %MEM ARGS Mon Oct  5 00:29:20 UTC 2026
 0.0  0.0 grep --color=auto ./cli       0  2292
81.6  4.8 ./cli kernel images/4096x40   1 394608
  PID User     Command                         Swap      USS      PSS      RSS 
 8604 codespace /usr/bin/python3 /usr/bin/s        0    12016    12267    14432 
 7412 codespace ./cli kernel images/4096x40        0   393332   393397   394608 
%CPU %MEM ARGS Mon Oct  5 00:29:20 UTC 2026
 0.0  0.0 grep --color=auto ./cli       0  2172
81.6  4.8 ./cli kernel images/4096x40   1 394608
  PID User     Command                         Swap      USS      PSS      RSS 
 8609 codespace /usr/bin/python3 /usr/bin/s        0    12040    12317    14544 
 7412 codespace ./cli kernel images/4096x40        0   393332   393397   394608 
%CPU %MEM ARGS Mon Oct  5 00:29:21 UTC 2026
 0.0  0.0 grep --color=auto ./cli       0  2304
81.5  4.8 ./cli kernel images/4096x40   1 394608
  PID User     Command                         Swap      USS      PSS      RSS 
 8615 codespace /usr/bin/python3 /usr/bin/s        0    12020    12289    14468 
 7412 codespace ./cli kernel images/4096x40        0   393332   393397   394608 
%CPU %MEM ARGS Mon Oct  5 00:29:21 UTC 2026
 0.0  0.0 grep --color=auto ./cli       0  2208
81.4  4.8 ./cli kernel images/4096x40   0 394608
  PID User     Command                         Swap      USS      PSS      RSS 
 8626 codespace /usr/bin/python3 /usr/bin/s        0    12016    12291    14532 
 7412 codespace ./cli kernel images/4096x40        0   393332   393397   394608 
%CPU %MEM ARGS Mon Oct  5 00:29:21 UTC 2026
 0.0  0.0 grep --color=auto ./cli       1  2164
81.3  4.8 ./cli kernel images/4096x40   0 394608
  PID User     Command                         Swap      USS      PSS      RSS 
 8631 codespace /usr/bin/python3 /usr/bin/s        0    12028    12307    14528 
 7412 codespace ./cli kernel images/4096x40        0   393332   393397   394608 
%CPU %MEM ARGS Mon Oct  5 00:29:22 UTC 2026
 0.0  0.0 grep --color=auto ./cli       0  2156
81.1  4.8 ./cli kernel images/4096x40   1 394608
  PID User     Command                         Swap      USS      PSS      RSS 
 8654 codespace /usr/bin/python3 /usr/bin/s        0    12016    12259    14436 
 7412 codespace ./cli kernel images/4096x40        0   393332   393397   394608 
%CPU %MEM ARGS Mon Oct  5 00:29:22 UTC 2026
 0.0  0.0 grep --color=auto ./cli       1  2152
81.0  4.8 ./cli kernel images/4096x40   0 394608
  PID User     Command                         Swap      USS      PSS      RSS 
 8659 codespace /usr/bin/python3 /usr/bin/s        0    12012    12278    14488 
 7412 codespace ./cli kernel images/4096x40        0   393332   393397   394608 
%CPU %MEM ARGS Mon Oct  5 00:29:23 UTC 2026
 0.0  0.0 grep --color=auto ./cli       1  2176
80.9  4.8 ./cli kernel images/4096x40   1 394608
  PID User     Command                         Swap      USS      PSS      RSS 
 8665 codespace /usr/bin/python3 /usr/bin/s        0    12016    12269    14432 
 7412 codespace ./cli kernel images/4096x40        0   393332   393396   394608 
%CPU %MEM ARGS Mon Oct  5 00:29:23 UTC 2026
 0.0  0.0 grep --color=auto ./cli       1  2172
80.8  4.8 ./cli kernel images/4096x40   1 394608
  PID User     Command                         Swap      USS      PSS      RSS 
 8676 codespace /usr/bin/python3 /usr/bin/s        0    12016    12268    14432 
 7412 codespace ./cli kernel images/4096x40        0   393332   393396   394608 
%CPU %MEM ARGS Mon Oct  5 00:29:23 UTC 2026
 0.0  0.0 grep --color=auto ./cli       0  2160
80.7  4.8 ./cli kernel images/4096x40   0 394608
  PID User     Command                         Swap      USS      PSS      RSS 
 8687 codespace /usr/bin/python3 /usr/bin/s        0    12024    12298    14544 
 7412 codespace ./cli kernel images/4096x40        0   393332   393397   394608 
%CPU %MEM ARGS Mon Oct  5 00:29:24 UTC 2026
 0.0  0.0 grep --color=auto ./cli       0  2252
80.6  4.8 ./cli kernel images/4096x40   1 394608
  PID User     Command                         Swap      USS      PSS      RSS 
 8693 codespace /usr/bin/python3 /usr/bin/s        0    12020    12299    14524 
 7412 codespace ./cli kernel images/4096x40        0   393332   393397   394608 
%CPU %MEM ARGS Mon Oct  5 00:29:24 UTC 2026
 0.0  0.0 grep --color=auto ./cli       1  2172
80.5  4.8 ./cli kernel images/4096x40   0 394608
  PID User     Command                         Swap      USS      PSS      RSS 
 8698 codespace /usr/bin/python3 /usr/bin/s        0    12024    12304    14576 
 7412 codespace ./cli kernel images/4096x40        0   393332   393397   394608 
%CPU %MEM ARGS Mon Oct  5 00:29:25 UTC 2026
 0.0  0.0 grep --color=auto ./cli       1  2156
80.4  4.8 ./cli kernel images/4096x40   0 394608
  PID User     Command                         Swap      USS      PSS      RSS 
 8703 codespace /usr/bin/python3 /usr/bin/s        0    12016    12269    14472 
 7412 codespace ./cli kernel images/4096x40        0   393332   393397   394608 
%CPU %MEM ARGS Mon Oct  5 00:29:25 UTC 2026
 0.0  0.0 grep --color=auto ./cli       0  2196
80.4  4.8 ./cli kernel images/4096x40   1 394608
  PID User     Command                         Swap      USS      PSS      RSS 
 8709 codespace /usr/bin/python3 /usr/bin/s        0    12016    12259    14428 
 7412 codespace ./cli kernel images/4096x40        0   393332   393397   394608 
%CPU %MEM ARGS Mon Oct  5 00:29:25 UTC 2026
 0.0  0.0 grep --color=auto ./cli       1  2156
80.3  4.8 ./cli kernel images/4096x40   0 394608
  PID User     Command                         Swap      USS      PSS      RSS 
 8720 codespace /usr/bin/python3 /usr/bin/s        0    12012    12267    14428 
 7412 codespace ./cli kernel images/4096x40        0   393332   393397   394608 
%CPU %MEM ARGS Mon Oct  5 00:29:26 UTC 2026
 0.0  0.0 grep --color=auto ./cli       0  2300
80.2  4.8 ./cli kernel images/4096x40   0 394608
  PID User     Command                         Swap      USS      PSS      RSS 
 8726 codespace /usr/bin/python3 /usr/bin/s        0    12024    12298    14544 
 7412 codespace ./cli kernel images/4096x40        0   393332   393397   394608 
%CPU %MEM ARGS Mon Oct  5 00:29:26 UTC 2026
 0.0  0.0 grep --color=auto ./cli       1  2208
80.2  4.8 ./cli kernel images/4096x40   1 394608
  PID User     Command                         Swap      USS      PSS      RSS 
 8731 codespace /usr/bin/python3 /usr/bin/s        0    12016    12280    14500 
 7412 codespace ./cli kernel images/4096x40        0   393332   393396   394608 
%CPU %MEM ARGS Mon Oct  5 00:29:26 UTC 2026
 0.0  0.0 grep --color=auto ./cli       1  2192
80.1  4.8 ./cli kernel images/4096x40   0 394608
  PID User     Command                         Swap      USS      PSS      RSS 
 8736 codespace /usr/bin/python3 /usr/bin/s        0    12016    12279    14492 
 7412 codespace ./cli kernel images/4096x40        0   393332   393396   394608 
%CPU %MEM ARGS Mon Oct  5 00:29:27 UTC 2026
 0.0  0.0 grep --color=auto ./cli       0  2176
80.0  4.8 ./cli kernel images/4096x40   1 394608
  PID User     Command                         Swap      USS      PSS      RSS 
 8742 codespace /usr/bin/python3 /usr/bin/s        0    12024    12304    14576 
 7412 codespace ./cli kernel images/4096x40        0   393332   393397   394608 
%CPU %MEM ARGS Mon Oct  5 00:29:27 UTC 2026
 0.0  0.0 grep --color=auto ./cli       1  2248
80.0  4.8 ./cli kernel images/4096x40   0 394608
  PID User     Command                         Swap      USS      PSS      RSS 
 8747 codespace /usr/bin/python3 /usr/bin/s        0    12016    12269    14432 
 7412 codespace ./cli kernel images/4096x40        0   393332   393396   394608 
%CPU %MEM ARGS Mon Oct  5 00:29:27 UTC 2026
 0.0  0.0 grep --color=auto ./cli       0  2148
79.9  4.8 ./cli kernel images/4096x40   0 394608
  PID User     Command                         Swap      USS      PSS      RSS 
 8758 codespace /usr/bin/python3 /usr/bin/s        0    12016    12269    14432 
 7412 codespace ./cli kernel images/4096x40        0   393332   393396   394608 
%CPU %MEM ARGS Mon Oct  5 00:29:28 UTC 2026
 0.0  0.0 grep --color=auto ./cli       0  2184
79.8  4.8 ./cli kernel images/4096x40   1 394608
  PID User     Command                         Swap      USS      PSS      RSS 
 8764 codespace /usr/bin/python3 /usr/bin/s        0    12020    12304    14544 
 7412 codespace ./cli kernel images/4096x40        0   393332   393397   394608 
%CPU %MEM ARGS Mon Oct  5 00:29:28 UTC 2026
 0.0  0.0 grep --color=auto ./cli       1  2192
79.8  4.8 ./cli kernel images/4096x40   0 394608
  PID User     Command                         Swap      USS      PSS      RSS 
 8769 codespace /usr/bin/python3 /usr/bin/s        0    12016    12281    14500 
 7412 codespace ./cli kernel images/4096x40        0   393332   393397   394608 
%CPU %MEM ARGS Mon Oct  5 00:29:29 UTC 2026
 0.0  0.0 grep --color=auto ./cli       0  2200
79.7  4.8 ./cli kernel images/4096x40   1 394608
  PID User     Command                         Swap      USS      PSS      RSS 
 8774 codespace /usr/bin/python3 /usr/bin/s        0    12016    12266    14432 
 7412 codespace ./cli kernel images/4096x40        0   393332   393397   394608 
%CPU %MEM ARGS Mon Oct  5 00:29:29 UTC 2026
 0.0  0.0 grep --color=auto ./cli       0  2192
79.6  4.8 ./cli kernel images/4096x40   0 394608
  PID User     Command                         Swap      USS      PSS      RSS 
 8786 codespace /usr/bin/python3 /usr/bin/s        0    11984    12252    14536 
 7412 codespace ./cli kernel images/4096x40        0   393332   393394   394608 
%CPU %MEM ARGS Mon Oct  5 00:29:29 UTC 2026
 0.0  0.0 grep --color=auto ./cli       0  2196
79.4  4.8 ./cli kernel images/4096x40   1 394608
  PID User     Command                         Swap      USS      PSS      RSS 
 8791 codespace /usr/bin/python3 /usr/bin/s        0    12040    12317    14544 
 7412 codespace ./cli kernel images/4096x40        0   393332   393397   394608 
%CPU %MEM ARGS Mon Oct  5 00:29:30 UTC 2026
 0.0  0.0 grep --color=auto ./cli       0  2300
79.3  4.8 ./cli kernel images/4096x40   0 394608
  PID User     Command                         Swap      USS      PSS      RSS 
 8803 codespace /usr/bin/python3 /usr/bin/s        0    12020    12271    14436 
 7412 codespace ./cli kernel images/4096x40        0   393332   393397   394608 
%CPU %MEM ARGS Mon Oct  5 00:29:30 UTC 2026
 0.0  0.0 grep --color=auto ./cli       1  2248
79.3  4.8 ./cli kernel images/4096x40   1 394608
  PID User     Command                         Swap      USS      PSS      RSS 
 8808 codespace /usr/bin/python3 /usr/bin/s        0    12016    12267    14432 
 7412 codespace ./cli kernel images/4096x40        0   393332   393397   394608 
%CPU %MEM ARGS Mon Oct  5 00:29:31 UTC 2026
 0.0  0.0 grep --color=auto ./cli       0  2160
79.1  4.8 ./cli kernel images/4096x40   1 394608
  PID User     Command                         Swap      USS      PSS      RSS 
 8813 codespace /usr/bin/python3 /usr/bin/s        0    12028    12308    14576 
 7412 codespace ./cli kernel images/4096x40        0   393332   393397   394608 
%CPU %MEM ARGS Mon Oct  5 00:29:31 UTC 2026
 0.0  0.0 grep --color=auto ./cli       0  2184
79.0  4.8 ./cli kernel images/4096x40   1 394608
  PID User     Command                         Swap      USS      PSS      RSS 
 8819 codespace /usr/bin/python3 /usr/bin/s        0    12016    12279    14492 
 7412 codespace ./cli kernel images/4096x40        0   393332   393397   394608 
%CPU %MEM ARGS Mon Oct  5 00:29:31 UTC 2026
 0.0  0.0 grep --color=auto ./cli       1  2176
79.0  4.8 ./cli kernel images/4096x40   0 394608
  PID User     Command                         Swap      USS      PSS      RSS 
 8824 codespace /usr/bin/python3 /usr/bin/s        0    12016    12268    14432 
 7412 codespace ./cli kernel images/4096x40        0   393332   393397   394608 
%CPU %MEM ARGS Mon Oct  5 00:29:32 UTC 2026
 0.0  0.0 grep --color=auto ./cli       1  2300
78.9  4.8 ./cli kernel images/4096x40   0 394608
  PID User     Command                         Swap      USS      PSS      RSS 
 8832 codespace /usr/bin/python3 /usr/bin/s        0    12020    12289    14468 
 7412 codespace ./cli kernel images/4096x40        0   393332   393397   394608 
%CPU %MEM ARGS Mon Oct  5 00:29:32 UTC 2026
 0.0  0.0 grep --color=auto ./cli       1  2248
78.7  4.8 ./cli kernel images/4096x40   0 394608
  PID User     Command                         Swap      USS      PSS      RSS 
 8853 codespace /usr/bin/python3 /usr/bin/s        0    12016    12282    14492 
 7412 codespace ./cli kernel images/4096x40        0   393332   393397   394608 
%CPU %MEM ARGS Mon Oct  5 00:29:32 UTC 2026
 0.0  0.0 grep --color=auto ./cli       1  2252
78.7  4.8 ./cli kernel images/4096x40   0 394608
  PID User     Command                         Swap      USS      PSS      RSS 
 8864 codespace /usr/bin/python3 /usr/bin/s        0    12016    12259    14436 
 7412 codespace ./cli kernel images/4096x40        0   393332   393397   394608 
%CPU %MEM ARGS Mon Oct  5 00:29:33 UTC 2026
 0.0  0.0 grep --color=auto ./cli       1  2200
78.7  4.8 ./cli kernel images/4096x40   1 394608
  PID User     Command                         Swap      USS      PSS      RSS 
 8870 codespace /usr/bin/python3 /usr/bin/s        0    12016    12300    14576 
 7412 codespace ./cli kernel images/4096x40        0   393332   393397   394608 
%CPU %MEM ARGS Mon Oct  5 00:29:33 UTC 2026
 0.0  0.0 grep --color=auto ./cli       1  2252
78.6  4.8 ./cli kernel images/4096x40   0 394608
  PID User     Command                         Swap      USS      PSS      RSS 
 8875 codespace /usr/bin/python3 /usr/bin/s        0    12016    12271    14432 
 7412 codespace ./cli kernel images/4096x40        0   393332   393397   394608 
%CPU %MEM ARGS Mon Oct  5 00:29:33 UTC 2026
 0.0  0.0 grep --color=auto ./cli       1  2192
78.6  4.8 ./cli kernel images/4096x40   0 394608
  PID User     Command                         Swap      USS      PSS      RSS 
 8880 codespace /usr/bin/python3 /usr/bin/s        0    12016    12270    14432 
 7412 codespace ./cli kernel images/4096x40        0   393332   393397   394608 
%CPU %MEM ARGS Mon Oct  5 00:29:34 UTC 2026
 0.0  0.0 grep --color=auto ./cli       0  2168
78.5  4.8 ./cli kernel images/4096x40   0 394608
  PID User     Command                         Swap      USS      PSS      RSS 
 8887 codespace /usr/bin/python3 /usr/bin/s        0    12016    12281    14484 
 7412 codespace ./cli kernel images/4096x40        0   393332   393397   394608 
%CPU %MEM ARGS Mon Oct  5 00:29:34 UTC 2026
 0.0  0.0 grep --color=auto ./cli       1  2172
78.5  4.8 ./cli kernel images/4096x40   0 394608
  PID User     Command                         Swap      USS      PSS      RSS 
 8897 codespace /usr/bin/python3 /usr/bin/s        0    12016    12278    14492 
 7412 codespace ./cli kernel images/4096x40        0   393332   393396   394608 
%CPU %MEM ARGS Mon Oct  5 00:29:34 UTC 2026
 0.0  0.0 grep --color=auto ./cli       1  2288
78.4  4.8 ./cli kernel images/4096x40   1 394608
  PID User     Command                         Swap      USS      PSS      RSS 
 8907 codespace /usr/bin/python3 /usr/bin/s        0    12012    12240    14432 
 7412 codespace ./cli kernel images/4096x40        0   393332   393393   394608 
%CPU %MEM ARGS Mon Oct  5 00:29:35 UTC 2026
 0.0  0.0 grep --color=auto ./cli       0  2344
78.3  4.8 ./cli kernel images/4096x40   1 394608
  PID User     Command                         Swap      USS      PSS      RSS 
 8914 codespace /usr/bin/python3 /usr/bin/s        0    12020    12286    14472 
 7412 codespace ./cli kernel images/4096x40        0   393332   393397   394608 
%CPU %MEM ARGS Mon Oct  5 00:29:35 UTC 2026
 0.0  0.0 grep --color=auto ./cli       1  2340
78.2  4.8 ./cli kernel images/4096x40   0 394608
  PID User     Command                         Swap      USS      PSS      RSS 
 8919 codespace /usr/bin/python3 /usr/bin/s        0    12060    12340    14576 
 7412 codespace ./cli kernel images/4096x40        0   393332   393397   394608 
%CPU %MEM ARGS Mon Oct  5 00:29:36 UTC 2026
 0.0  0.0 grep --color=auto ./cli       1  2248
78.1  4.8 ./cli kernel images/4096x40   0 394608
  PID User     Command                         Swap      USS      PSS      RSS 
 8924 codespace /usr/bin/python3 /usr/bin/s        0    12016    12270    14432 
 7412 codespace ./cli kernel images/4096x40        0   393332   393397   394608 
%CPU %MEM ARGS Mon Oct  5 00:29:36 UTC 2026
 0.0  0.0 grep --color=auto ./cli       0  2208
78.1  4.8 ./cli kernel images/4096x40   0 394608
  PID User     Command                         Swap      USS      PSS      RSS 
 8933 codespace /usr/bin/python3 /usr/bin/s        0    12020    12304    14580 
 7412 codespace ./cli kernel images/4096x40        0   393332   393397   394608 
%CPU %MEM ARGS Mon Oct  5 00:29:36 UTC 2026
 0.0  0.0 grep --color=auto ./cli       0  2212
78.0  4.8 ./cli kernel images/4096x40   1 394608
  PID User     Command                         Swap      USS      PSS      RSS 
 8941 codespace /usr/bin/python3 /usr/bin/s        0    12016    12271    14432 
 7412 codespace ./cli kernel images/4096x40        0   393332   393397   394608 
%CPU %MEM ARGS Mon Oct  5 00:29:37 UTC 2026
 0.0  0.0 grep --color=auto ./cli       1  2288
78.0  4.8 ./cli kernel images/4096x40   0 394608
  PID User     Command                         Swap      USS      PSS      RSS 
 8946 codespace /usr/bin/python3 /usr/bin/s        0    12032    12283    14448 
 7412 codespace ./cli kernel images/4096x40        0   393332   393397   394608 
%CPU %MEM ARGS Mon Oct  5 00:29:37 UTC 2026
 0.0  0.0 grep --color=auto ./cli       1  2344
78.0  4.8 ./cli kernel images/4096x40   0 394608
  PID User     Command                         Swap      USS      PSS      RSS 
 8952 codespace /usr/bin/python3 /usr/bin/s        0    12040    12317    14544 
 7412 codespace ./cli kernel images/4096x40        0   393332   393397   394608 
%CPU %MEM ARGS Mon Oct  5 00:29:37 UTC 2026
 0.0  0.0 grep --color=auto ./cli       1  2164
77.9  4.8 ./cli kernel images/4096x40   0 394608
  PID User     Command                         Swap      USS      PSS      RSS 
 8957 codespace /usr/bin/python3 /usr/bin/s        0    12020    12288    14468 
 7412 codespace ./cli kernel images/4096x40        0   393332   393397   394608 
%CPU %MEM ARGS Mon Oct  5 00:29:38 UTC 2026
 0.0  0.0 grep --color=auto ./cli       1  2168
77.9  4.8 ./cli kernel images/4096x40   1 394608
  PID User     Command                         Swap      USS      PSS      RSS 
 8963 codespace /usr/bin/python3 /usr/bin/s        0    12016    12257    14404 
 7412 codespace ./cli kernel images/4096x40        0   393332   393397   394608 
%CPU %MEM ARGS Mon Oct  5 00:29:38 UTC 2026
 0.0  0.0 grep --color=auto ./cli       1  2340
77.8  4.8 ./cli kernel images/4096x40   0 394608
  PID User     Command                         Swap      USS      PSS      RSS 
 8974 codespace /usr/bin/python3 /usr/bin/s        0    12016    12269    14472 
 7412 codespace ./cli kernel images/4096x40        0   393332   393397   394608 
%CPU %MEM ARGS Mon Oct  5 00:29:39 UTC 2026
 0.0  0.0 grep --color=auto ./cli       1  2248
77.8  4.8 ./cli kernel images/4096x40   0 394608
  PID User     Command                         Swap      USS      PSS      RSS 
 8979 codespace /usr/bin/python3 /usr/bin/s        0    11988    12262    14508 
 7412 codespace ./cli kernel images/4096x40        0   393332   393397   394608 
%CPU %MEM ARGS Mon Oct  5 00:29:39 UTC 2026
 0.0  0.0 grep --color=auto ./cli       0  2196
77.8  4.8 ./cli kernel images/4096x40   1 394608
  PID User     Command                         Swap      USS      PSS      RSS 
 8985 codespace /usr/bin/python3 /usr/bin/s        0    12028    12308    14580 
 7412 codespace ./cli kernel images/4096x40        0   393332   393397   394608 
%CPU %MEM ARGS Mon Oct  5 00:29:39 UTC 2026
 0.0  0.0 grep --color=auto ./cli       1  2344
77.8  4.8 ./cli kernel images/4096x40   1 394608
  PID User     Command                         Swap      USS      PSS      RSS 
 8990 codespace /usr/bin/python3 /usr/bin/s        0    12012    12278    14464 
 7412 codespace ./cli kernel images/4096x40        0   393332   393397   394608 
%CPU %MEM ARGS Mon Oct  5 00:29:40 UTC 2026
 0.0  0.0 grep --color=auto ./cli       1  2304
77.7  4.8 ./cli kernel images/4096x40   1 394608
  PID User     Command                         Swap      USS      PSS      RSS 
 8996 codespace /usr/bin/python3 /usr/bin/s        0    12016    12271    14432 
 7412 codespace ./cli kernel images/4096x40        0   393332   393397   394608 
%CPU %MEM ARGS Mon Oct  5 00:29:40 UTC 2026
 0.0  0.0 grep --color=auto ./cli       0  2196
77.6  4.8 ./cli kernel images/4096x40   1 394608
  PID User     Command                         Swap      USS      PSS      RSS 
 9007 codespace /usr/bin/python3 /usr/bin/s        0    12012    12231    14432 
 7412 codespace ./cli kernel images/4096x40        0   393332   393392   394608 
%CPU %MEM ARGS Mon Oct  5 00:29:41 UTC 2026
 0.0  0.0 grep --color=auto ./cli       0  2164
77.5  4.8 ./cli kernel images/4096x40   1 394608
  PID User     Command                         Swap      USS      PSS      RSS 
 9018 codespace /usr/bin/python3 /usr/bin/s        0    12016    12263    14468 
 7412 codespace ./cli kernel images/4096x40        0   393332   393397   394608 
%CPU %MEM ARGS Mon Oct  5 00:29:41 UTC 2026
 0.0  0.0 grep --color=auto ./cli       1  2248
77.5  4.8 ./cli kernel images/4096x40   0 394608
  PID User     Command                         Swap      USS      PSS      RSS 
 9024 codespace /usr/bin/python3 /usr/bin/s        0    12012    12251    14404 
 7412 codespace ./cli kernel images/4096x40        0   393332   393397   394608 
%CPU %MEM ARGS Mon Oct  5 00:29:41 UTC 2026
 0.0  0.0 grep --color=auto ./cli       0  2288
77.5  4.8 ./cli kernel images/4096x40   0 394608
  PID User     Command                         Swap      USS      PSS      RSS 
 9029 codespace /usr/bin/python3 /usr/bin/s        0    12016    12281    14500 
 7412 codespace ./cli kernel images/4096x40        0   393332   393397   394608 
%CPU %MEM ARGS Mon Oct  5 00:29:42 UTC 2026
 0.0  0.0 grep --color=auto ./cli       0  2160
77.5  4.8 ./cli kernel images/4096x40   1 394608
  PID User     Command                         Swap      USS      PSS      RSS 
 9035 codespace /usr/bin/python3 /usr/bin/s        0    12016    12282    14484 
 7412 codespace ./cli kernel images/4096x40        0   393332   393397   394608 
%CPU %MEM ARGS Mon Oct  5 00:29:42 UTC 2026
 0.0  0.0 grep --color=auto ./cli       1  1884
77.4  4.8 ./cli kernel images/4096x40   1 394608
  PID User     Command                         Swap      USS      PSS      RSS 
 9040 codespace /usr/bin/python3 /usr/bin/s        0    12016    12269    14472 
 7412 codespace ./cli kernel images/4096x40        0   393332   393397   394608 
%CPU %MEM ARGS Mon Oct  5 00:29:43 UTC 2026
 0.0  0.0 grep --color=auto ./cli       0  2236
77.3  4.8 ./cli kernel images/4096x40   0 394608
  PID User     Command                         Swap      USS      PSS      RSS 
 9067 codespace /usr/bin/python3 /usr/bin/s        0    12016    12262    14436 
 7412 codespace ./cli kernel images/4096x40        0   393332   393397   394608 
%CPU %MEM ARGS Mon Oct  5 00:29:43 UTC 2026
 0.0  0.0 grep --color=auto ./cli       0  2156
77.3  4.8 ./cli kernel images/4096x40   1 394608
  PID User     Command                         Swap      USS      PSS      RSS 
 9076 codespace /usr/bin/python3 /usr/bin/s        0    12032    12308    14548 
 7412 codespace ./cli kernel images/4096x40        0   393332   393397   394608 
%CPU %MEM ARGS Mon Oct  5 00:29:43 UTC 2026
 0.0  0.0 grep --color=auto ./cli       1  2300
77.2  4.8 ./cli kernel images/4096x40   0 394608
  PID User     Command                         Swap      USS      PSS      RSS 
 9081 codespace /usr/bin/python3 /usr/bin/s        0    12016    12269    14432 
 7412 codespace ./cli kernel images/4096x40        0   393332   393397   394608 
%CPU %MEM ARGS Mon Oct  5 00:29:44 UTC 2026
 0.0  0.0 grep --color=auto ./cli       0  2160
77.2  4.8 ./cli kernel images/4096x40   1 394608
  PID User     Command                         Swap      USS      PSS      RSS 
 9086 codespace /usr/bin/python3 /usr/bin/s        0    12016    12261    14464 
 7412 codespace ./cli kernel images/4096x40        0   393332   393397   394608 
%CPU %MEM ARGS Mon Oct  5 00:29:44 UTC 2026
 0.0  0.0 grep --color=auto ./cli       0  2160
77.1  4.8 ./cli kernel images/4096x40   1 394608
  PID User     Command                         Swap      USS      PSS      RSS 
 9092 codespace /usr/bin/python3 /usr/bin/s        0    12020    12272    14436 
 7412 codespace ./cli kernel images/4096x40        0   393332   393397   394608 
%CPU %MEM ARGS Mon Oct  5 00:29:44 UTC 2026
 0.0  0.0 grep --color=auto ./cli       0  2300
77.1  4.8 ./cli kernel images/4096x40   1 394608
  PID User     Command                         Swap      USS      PSS      RSS 
 9097 codespace /usr/bin/python3 /usr/bin/s        0    12040    12316    14544 
 7412 codespace ./cli kernel images/4096x40        0   393332   393397   394608 
%CPU %MEM ARGS Mon Oct  5 00:29:45 UTC 2026
 0.0  0.0 grep --color=auto ./cli       0  2196
77.1  4.8 ./cli kernel images/4096x40   1 394608
  PID User     Command                         Swap      USS      PSS      RSS 
 9102 codespace /usr/bin/python3 /usr/bin/s        0    12016    12297    14524 
 7412 codespace ./cli kernel images/4096x40        0   393332   393397   394608 
%CPU %MEM ARGS Mon Oct  5 00:29:45 UTC 2026
 0.0  0.0 grep --color=auto ./cli       0  2252
77.0  4.8 ./cli kernel images/4096x40   1 394608
  PID User     Command                         Swap      USS      PSS      RSS 
 9114 codespace /usr/bin/python3 /usr/bin/s        0    12016    12297    14524 
 7412 codespace ./cli kernel images/4096x40        0   393332   393397   394608 
%CPU %MEM ARGS Mon Oct  5 00:29:45 UTC 2026
 0.0  0.0 grep --color=auto ./cli       1  2180
77.0  4.8 ./cli kernel images/4096x40   0 394608
  PID User     Command                         Swap      USS      PSS      RSS 
 9119 codespace /usr/bin/python3 /usr/bin/s        0    12016    12279    14492 
 7412 codespace ./cli kernel images/4096x40        0   393332   393397   394608 
%CPU %MEM ARGS Mon Oct  5 00:29:46 UTC 2026
 0.0  0.0 grep --color=auto ./cli       0  2288
76.9  4.8 ./cli kernel images/4096x40   1 394608
  PID User     Command                         Swap      USS      PSS      RSS 
 9130 codespace /usr/bin/python3 /usr/bin/s        0    12016    12242    14436 
 7412 codespace ./cli kernel images/4096x40        0   393332   393393   394608 
%CPU %MEM ARGS Mon Oct  5 00:29:46 UTC 2026
 0.0  0.0 grep --color=auto ./cli       1  2160
76.9  4.8 ./cli kernel images/4096x40   0 394608
  PID User     Command                         Swap      USS      PSS      RSS 
 9136 codespace /usr/bin/python3 /usr/bin/s        0    12016    12267    14472 
 7412 codespace ./cli kernel images/4096x40        0   393332   393397   394608 
%CPU %MEM ARGS Mon Oct  5 00:29:46 UTC 2026
 0.0  0.0 grep --color=auto ./cli       0  2172
76.8  4.8 ./cli kernel images/4096x40   1 394608
  PID User     Command                         Swap      USS      PSS      RSS 
 9141 codespace /usr/bin/python3 /usr/bin/s        0    12028    12302    14544 
 7412 codespace ./cli kernel images/4096x40        0   393332   393397   394608 
%CPU %MEM ARGS Mon Oct  5 00:29:47 UTC 2026
 0.0  0.0 grep --color=auto ./cli       0  2172
76.8  4.8 ./cli kernel images/4096x40   1 394608
  PID User     Command                         Swap      USS      PSS      RSS 
 9147 codespace /usr/bin/python3 /usr/bin/s        0    12024    12302    14524 
 7412 codespace ./cli kernel images/4096x40        0   393332   393397   394608 
%CPU %MEM ARGS Mon Oct  5 00:29:47 UTC 2026
 0.0  0.0 grep --color=auto ./cli       1  2168
76.7  4.8 ./cli kernel images/4096x40   0 394608
  PID User     Command                         Swap      USS      PSS      RSS 
 9158 codespace /usr/bin/python3 /usr/bin/s        0    12016    12264    14472 
 7412 codespace ./cli kernel images/4096x40        0   393332   393397   394608 
%CPU %MEM ARGS Mon Oct  5 00:29:48 UTC 2026
 0.0  0.0 grep --color=auto ./cli       1  2340
76.7  4.8 ./cli kernel images/4096x40   0 394608
  PID User     Command                         Swap      USS      PSS      RSS 
 9163 codespace /usr/bin/python3 /usr/bin/s        0    12016    12282    14492 
 7412 codespace ./cli kernel images/4096x40        0   393332   393397   394608 
%CPU %MEM ARGS Mon Oct  5 00:29:48 UTC 2026
 0.0  0.0 grep --color=auto ./cli       0  2172
76.7  4.8 ./cli kernel images/4096x40   0 394608
  PID User     Command                         Swap      USS      PSS      RSS 
 9169 codespace /usr/bin/python3 /usr/bin/s        0    12016    12262    14436 
 7412 codespace ./cli kernel images/4096x40        0   393332   393396   394608 
%CPU %MEM ARGS Mon Oct  5 00:29:48 UTC 2026
 0.0  0.0 grep --color=auto ./cli       1  2184
76.6  4.8 ./cli kernel images/4096x40   0 394608
  PID User     Command                         Swap      USS      PSS      RSS 
 9174 codespace /usr/bin/python3 /usr/bin/s        0    12016    12270    14432 
 7412 codespace ./cli kernel images/4096x40        0   393332   393396   394608 
%CPU %MEM ARGS Mon Oct  5 00:29:49 UTC 2026
 0.0  0.0 grep --color=auto ./cli       1  2248
76.6  4.8 ./cli kernel images/4096x40   0 394608
  PID User     Command                         Swap      USS      PSS      RSS 
 9179 codespace /usr/bin/python3 /usr/bin/s        0    12040    12317    14544 
 7412 codespace ./cli kernel images/4096x40        0   393332   393397   394608 
%CPU %MEM ARGS Mon Oct  5 00:29:49 UTC 2026
 0.0  0.0 grep --color=auto ./cli       1  2164
76.6  4.8 ./cli kernel images/4096x40   0 394608
  PID User     Command                         Swap      USS      PSS      RSS 
 9191 codespace /usr/bin/python3 /usr/bin/s        0    12016    12281    14500 
 7412 codespace ./cli kernel images/4096x40        0   393332   393397   394608 
%CPU %MEM ARGS Mon Oct  5 00:29:50 UTC 2026
 0.0  0.0 grep --color=auto ./cli       1  2176
76.5  4.8 ./cli kernel images/4096x40   0 394608
  PID User     Command                         Swap      USS      PSS      RSS 
 9196 codespace /usr/bin/python3 /usr/bin/s        0    12012    12255    14432 
 7412 codespace ./cli kernel images/4096x40        0   393332   393397   394608 
%CPU %MEM ARGS Mon Oct  5 00:29:50 UTC 2026
 0.0  0.0 grep --color=auto ./cli       1  2164
76.5  4.8 ./cli kernel images/4096x40   0 394608
  PID User     Command                         Swap      USS      PSS      RSS 
 9202 codespace /usr/bin/python3 /usr/bin/s        0    12016    12264    14472 
 7412 codespace ./cli kernel images/4096x40        0   393332   393397   394608 
%CPU %MEM ARGS Mon Oct  5 00:29:50 UTC 2026
 0.0  0.0 grep --color=auto ./cli       0  2216
76.4  4.8 ./cli kernel images/4096x40   0 394608
  PID User     Command                         Swap      USS      PSS      RSS 
 9207 codespace /usr/bin/python3 /usr/bin/s        0    12016    12262    14468 
 7412 codespace ./cli kernel images/4096x40        0   393332   393397   394608 
%CPU %MEM ARGS Mon Oct  5 00:29:51 UTC 2026
 0.0  0.0 grep --color=auto ./cli       0  2152
76.4  4.8 ./cli kernel images/4096x40   1 394608
  PID User     Command                         Swap      USS      PSS      RSS 
 9212 codespace /usr/bin/python3 /usr/bin/s        0    12016    12266    14468 
 7412 codespace ./cli kernel images/4096x40        0   393332   393397   394608 
%CPU %MEM ARGS Mon Oct  5 00:29:51 UTC 2026
 0.0  0.0 grep --color=auto ./cli       1  2296
76.4  4.8 ./cli kernel images/4096x40   0 394608
  PID User     Command                         Swap      USS      PSS      RSS 
 9218 codespace /usr/bin/python3 /usr/bin/s        0    12028    12292    14512 
 7412 codespace ./cli kernel images/4096x40        0   393332   393396   394608 
%CPU %MEM ARGS Mon Oct  5 00:29:51 UTC 2026
 0.0  0.0 grep --color=auto ./cli       0  2160
76.2  4.8 ./cli kernel images/4096x40   1 394608
  PID User     Command                         Swap      USS      PSS      RSS 
 9235 codespace /usr/bin/python3 /usr/bin/s        0    12020    12261    14520 
 7412 codespace ./cli kernel images/4096x40        0   393332   393394   394608 
%CPU %MEM ARGS Mon Oct  5 00:29:52 UTC 2026
 0.0  0.0 grep --color=auto ./cli       1  2252
76.2  4.8 ./cli kernel images/4096x40   1 394608
  PID User     Command                         Swap      USS      PSS      RSS 
 9240 codespace /usr/bin/python3 /usr/bin/s        0    12016    12269    14432 
 7412 codespace ./cli kernel images/4096x40        0   393332   393397   394608 
%CPU %MEM ARGS Mon Oct  5 00:29:52 UTC 2026
 0.0  0.0 grep --color=auto ./cli       1  2184
76.2  4.8 ./cli kernel images/4096x40   0 394608
  PID User     Command                         Swap      USS      PSS      RSS 
 9246 codespace /usr/bin/python3 /usr/bin/s        0    12028    12303    14544 
 7412 codespace ./cli kernel images/4096x40        0   393332   393397   394608 
%CPU %MEM ARGS Mon Oct  5 00:29:52 UTC 2026
 0.0  0.0 grep --color=auto ./cli       1  2156
76.2  4.8 ./cli kernel images/4096x40   1 394608
  PID User     Command                         Swap      USS      PSS      RSS 
 9251 codespace /usr/bin/python3 /usr/bin/s        0    12016    12283    14464 
 7412 codespace ./cli kernel images/4096x40        0   393332   393397   394608 
%CPU %MEM ARGS Mon Oct  5 00:29:53 UTC 2026
 0.0  0.0 grep --color=auto ./cli       0  2180
76.0  4.8 ./cli kernel images/4096x40   1 394608
  PID User     Command                         Swap      USS      PSS      RSS 
 9266 codespace /usr/bin/python3 /usr/bin/s        0    12028    12308    14576 
 7412 codespace ./cli kernel images/4096x40        0   393332   393397   394608 
%CPU %MEM ARGS Mon Oct  5 00:29:53 UTC 2026
 0.0  0.0 grep --color=auto ./cli       0  2252
76.0  4.8 ./cli kernel images/4096x40   1 394608
  PID User     Command                         Swap      USS      PSS      RSS 
 9278 codespace /usr/bin/python3 /usr/bin/s        0    12016    12269    14432 
 7412 codespace ./cli kernel images/4096x40        0   393332   393396   394608 
%CPU %MEM ARGS Mon Oct  5 00:29:54 UTC 2026
 0.0  0.0 grep --color=auto ./cli       0  2160
76.0  4.8 ./cli kernel images/4096x40   1 394608
  PID User     Command                         Swap      USS      PSS      RSS 
 9289 codespace /usr/bin/python3 /usr/bin/s        0    12016    12267    14432 
 7412 codespace ./cli kernel images/4096x40        0   393332   393397   394608 
%CPU %MEM ARGS Mon Oct  5 00:29:54 UTC 2026
 0.0  0.0 grep --color=auto ./cli       0  2200
75.9  4.8 ./cli kernel images/4096x40   1 394608
  PID User     Command                         Swap      USS      PSS      RSS 
 9295 codespace /usr/bin/python3 /usr/bin/s        0    12024    12289    14472 
 7412 codespace ./cli kernel images/4096x40        0   393332   393397   394608 
%CPU %MEM ARGS Mon Oct  5 00:29:54 UTC 2026
 0.0  0.0 grep --color=auto ./cli       0  2160
75.9  4.8 ./cli kernel images/4096x40   0 394608
  PID User     Command                         Swap      USS      PSS      RSS 
 9300 codespace /usr/bin/python3 /usr/bin/s        0    12016    12268    14432 
 7412 codespace ./cli kernel images/4096x40        0   393332   393396   394608 
%CPU %MEM ARGS Mon Oct  5 00:29:55 UTC 2026
 0.0  0.0 grep --color=auto ./cli       1  2288
75.9  4.8 ./cli kernel images/4096x40   0 394608
  PID User     Command                         Swap      USS      PSS      RSS 
 9305 codespace /usr/bin/python3 /usr/bin/s        0    12024    12301    14524 
 7412 codespace ./cli kernel images/4096x40        0   393332   393397   394608 
%CPU %MEM ARGS Mon Oct  5 00:29:55 UTC 2026
 0.0  0.0 grep --color=auto ./cli       1  2152
75.9  4.8 ./cli kernel images/4096x40   1 394608
  PID User     Command                         Swap      USS      PSS      RSS 
 9311 codespace /usr/bin/python3 /usr/bin/s        0    12020    12273    14436 
 7412 codespace ./cli kernel images/4096x40        0   393332   393396   394608 
%CPU %MEM ARGS Mon Oct  5 00:29:56 UTC 2026
 0.0  0.0 grep --color=auto ./cli       1  2340
75.8  4.8 ./cli kernel images/4096x40   0 394608
  PID User     Command                         Swap      USS      PSS      RSS 
 9317 codespace /usr/bin/python3 /usr/bin/s        0    11980    12233    14396 
 7412 codespace ./cli kernel images/4096x40        0   393332   393396   394608 
%CPU %MEM ARGS Mon Oct  5 00:29:56 UTC 2026
 0.0  0.0 grep --color=auto ./cli       0  2200
75.8  4.8 ./cli kernel images/4096x40   1 394608
  PID User     Command                         Swap      USS      PSS      RSS 
 9328 codespace /usr/bin/python3 /usr/bin/s        0    12040    12317    14544 
 7412 codespace ./cli kernel images/4096x40        0   393332   393397   394608 
%CPU %MEM ARGS Mon Oct  5 00:29:56 UTC 2026
 0.0  0.0 grep --color=auto ./cli       1  2252
75.8  4.8 ./cli kernel images/4096x40   0 394608
  PID User     Command                         Swap      USS      PSS      RSS 
 9333 codespace /usr/bin/python3 /usr/bin/s        0    12040    12317    14544 
 7412 codespace ./cli kernel images/4096x40        0   393332   393397   394608 
%CPU %MEM ARGS Mon Oct  5 00:29:57 UTC 2026
 0.0  0.0 grep --color=auto ./cli       1  2252
75.8  4.8 ./cli kernel images/4096x40   1 394608
  PID User     Command                         Swap      USS      PSS      RSS 
 9338 codespace /usr/bin/python3 /usr/bin/s        0    12024    12304    14524 
 7412 codespace ./cli kernel images/4096x40        0   393332   393397   394608 
%CPU %MEM ARGS Mon Oct  5 00:29:57 UTC 2026
 0.0  0.0 grep --color=auto ./cli       0  2204
75.7  4.8 ./cli kernel images/4096x40   1 394608
  PID User     Command                         Swap      USS      PSS      RSS 
 9350 codespace /usr/bin/python3 /usr/bin/s        0    12028    12278    14548 
 7412 codespace ./cli kernel images/4096x40        0   393332   393394   394608 
%CPU %MEM ARGS Mon Oct  5 00:29:57 UTC 2026
 0.0  0.0 grep --color=auto ./cli       0  2340
75.7  4.8 ./cli kernel images/4096x40   0 394608
  PID User     Command                         Swap      USS      PSS      RSS 
 9355 codespace /usr/bin/python3 /usr/bin/s        0    12032    12307    14548 
 7412 codespace ./cli kernel images/4096x40        0   393332   393397   394608 
%CPU %MEM ARGS Mon Oct  5 00:29:58 UTC 2026
 0.0  0.0 grep --color=auto ./cli       1  2160
75.7  4.8 ./cli kernel images/4096x40   0 394608
  PID User     Command                         Swap      USS      PSS      RSS 
 9360 codespace /usr/bin/python3 /usr/bin/s        0    12060    12341    14568 
 7412 codespace ./cli kernel images/4096x40        0   393332   393397   394608 
%CPU %MEM ARGS Mon Oct  5 00:29:58 UTC 2026
 0.0  0.0 grep --color=auto ./cli       0  2184
75.6  4.8 ./cli kernel images/4096x40   0 394608
  PID User     Command                         Swap      USS      PSS      RSS 
 9372 codespace /usr/bin/python3 /usr/bin/s        0    11964    12227    14440 
 7412 codespace ./cli kernel images/4096x40        0   393332   393397   394608 
%CPU %MEM ARGS Mon Oct  5 00:29:58 UTC 2026
 0.0  0.0 grep --color=auto ./cli       0  2160
75.6  4.8 ./cli kernel images/4096x40   1 394608
  PID User     Command                         Swap      USS      PSS      RSS 
 9377 codespace /usr/bin/python3 /usr/bin/s        0    12016    12267    14468 
 7412 codespace ./cli kernel images/4096x40        0   393332   393397   394608 
%CPU %MEM ARGS Mon Oct  5 00:29:59 UTC 2026
 0.0  0.0 grep --color=auto ./cli       0  2212
75.5  4.8 ./cli kernel images/4096x40   1 394608
  PID User     Command                         Swap      USS      PSS      RSS 
 9382 codespace /usr/bin/python3 /usr/bin/s        0    12028    12279    14444 
 7412 codespace ./cli kernel images/4096x40        0   393332   393397   394608 
%CPU %MEM ARGS Mon Oct  5 00:29:59 UTC 2026
 0.0  0.0 grep --color=auto ./cli       1  2164
75.5  4.8 ./cli kernel images/4096x40   0 394608
  PID User     Command                         Swap      USS      PSS      RSS 
 9388 codespace /usr/bin/python3 /usr/bin/s        0    12036    12313    14540 
 7412 codespace ./cli kernel images/4096x40        0   393332   393397   394608 
%CPU %MEM ARGS Mon Oct  5 00:29:59 UTC 2026
 0.0  0.0 grep --color=auto ./cli       0  2156
75.5  4.8 ./cli kernel images/4096x40   0 394608
  PID User     Command                         Swap      USS      PSS      RSS 
 9393 codespace /usr/bin/python3 /usr/bin/s        0    12024    12303    14524 
 7412 codespace ./cli kernel images/4096x40        0   393332   393397   394608 
%CPU %MEM ARGS Mon Oct  5 00:30:00 UTC 2026
 0.0  0.0 grep --color=auto ./cli       1  2172
75.5  4.8 ./cli kernel images/4096x40   1 394608
  PID User     Command                         Swap      USS      PSS      RSS 
 9399 codespace /usr/bin/python3 /usr/bin/s        0    12016    12269    14432 
 7412 codespace ./cli kernel images/4096x40        0   393332   393397   394608 
%CPU %MEM ARGS Mon Oct  5 00:30:00 UTC 2026
 0.0  0.0 grep --color=auto ./cli       0  2160
75.4  4.8 ./cli kernel images/4096x40   1 394608
  PID User     Command                         Swap      USS      PSS      RSS 
 9410 codespace /usr/bin/python3 /usr/bin/s        0    12016    12279    14500 
 7412 codespace ./cli kernel images/4096x40        0   393332   393397   394608 
%CPU %MEM ARGS Mon Oct  5 00:30:01 UTC 2026
 0.0  0.0 grep --color=auto ./cli       0  2208
75.3  4.8 ./cli kernel images/4096x40   0 394608
  PID User     Command                         Swap      USS      PSS      RSS 
 9415 codespace /usr/bin/python3 /usr/bin/s        0    12016    12279    14496 
 7412 codespace ./cli kernel images/4096x40        0   393332   393397   394608 
%CPU %MEM ARGS Mon Oct  5 00:30:01 UTC 2026
 0.0  0.0 grep --color=auto ./cli       0  2168
75.3  4.8 ./cli kernel images/4096x40   0 394608
  PID User     Command                         Swap      USS      PSS      RSS 
 9421 codespace /usr/bin/python3 /usr/bin/s        0    12016    12279    14496 
 7412 codespace ./cli kernel images/4096x40        0   393332   393397   394608 
%CPU %MEM ARGS Mon Oct  5 00:30:02 UTC 2026
 0.0  0.0 grep --color=auto ./cli       1  2196
75.2  4.8 ./cli kernel images/4096x40   1 394608
  PID User     Command                         Swap      USS      PSS      RSS 
 9426 codespace /usr/bin/python3 /usr/bin/s        0    12016    12279    14496 
 7412 codespace ./cli kernel images/4096x40        0   393332   393397   394608 
%CPU %MEM ARGS Mon Oct  5 00:30:02 UTC 2026
 0.0  0.0 grep --color=auto ./cli       0  2284
75.2  4.8 ./cli kernel images/4096x40   1 394608
  PID User     Command                         Swap      USS      PSS      RSS 
 9432 codespace /usr/bin/python3 /usr/bin/s        0    12024    12287    14504 
 7412 codespace ./cli kernel images/4096x40        0   393332   393397   394608 
%CPU %MEM ARGS Mon Oct  5 00:30:02 UTC 2026
 0.0  0.0 grep --color=auto ./cli       1  2152
75.2  4.8 ./cli kernel images/4096x40   0 394608
  PID User     Command                         Swap      USS      PSS      RSS 
 9448 codespace /usr/bin/python3 /usr/bin/s        0    12012    12236    14432 
 7412 codespace ./cli kernel images/4096x40        0   393332   393394   394608 
%CPU %MEM ARGS Mon Oct  5 00:30:03 UTC 2026
 0.0  0.0 grep --color=auto ./cli       1  2168
75.1  4.8 ./cli kernel images/4096x40   0 394608
  PID User     Command                         Swap      USS      PSS      RSS 
 9453 codespace /usr/bin/python3 /usr/bin/s        0    12016    12268    14432 
 7412 codespace ./cli kernel images/4096x40        0   393332   393397   394608 
%CPU %MEM ARGS Mon Oct  5 00:30:03 UTC 2026
 0.0  0.0 grep --color=auto ./cli       0  2172
75.0  4.8 ./cli kernel images/4096x40   1 394608
  PID User     Command                         Swap      USS      PSS      RSS 
 9477 codespace /usr/bin/python3 /usr/bin/s        0    12016    12276    14496 
 7412 codespace ./cli kernel images/4096x40        0   393332   393397   394608 
%CPU %MEM ARGS Mon Oct  5 00:30:04 UTC 2026
 0.0  0.0 grep --color=auto ./cli       0  2180
75.0  4.8 ./cli kernel images/4096x40   1 394608
  PID User     Command                         Swap      USS      PSS      RSS 
 9482 codespace /usr/bin/python3 /usr/bin/s        0    12016    12268    14432 
 7412 codespace ./cli kernel images/4096x40        0   393332   393397   394608 
%CPU %MEM ARGS Mon Oct  5 00:30:04 UTC 2026
 0.0  0.0 grep --color=auto ./cli       1  2340
74.9  4.8 ./cli kernel images/4096x40   0 394608
  PID User     Command                         Swap      USS      PSS      RSS 
 9488 codespace /usr/bin/python3 /usr/bin/s        0    11988    12261    14504 
 7412 codespace ./cli kernel images/4096x40        0   393332   393397   394608 
%CPU %MEM ARGS Mon Oct  5 00:30:04 UTC 2026
 0.0  0.0 grep --color=auto ./cli       0  2288
74.9  4.8 ./cli kernel images/4096x40   0 394608
  PID User     Command                         Swap      USS      PSS      RSS 
 9497 codespace /usr/bin/python3 /usr/bin/s        0    12016    12281    14464 
 7412 codespace ./cli kernel images/4096x40        0   393332   393397   394608 
%CPU %MEM ARGS Mon Oct  5 00:30:05 UTC 2026
 0.0  0.0 grep --color=auto ./cli       1  2308
74.9  4.8 ./cli kernel images/4096x40   0 394608
  PID User     Command                         Swap      USS      PSS      RSS 
 9504 codespace /usr/bin/python3 /usr/bin/s        0    12032    12312    14580 
 7412 codespace ./cli kernel images/4096x40        0   393332   393400   394608 
%CPU %MEM ARGS Mon Oct  5 00:30:05 UTC 2026
 0.0  0.0 grep --color=auto ./cli       1  2164
74.9  4.8 ./cli kernel images/4096x40   1 394608
  PID User     Command                         Swap      USS      PSS      RSS 
 9510 codespace /usr/bin/python3 /usr/bin/s        0    12040    12316    14544 
 7412 codespace ./cli kernel images/4096x40        0   393332   393397   394608 
%CPU %MEM ARGS Mon Oct  5 00:30:06 UTC 2026
 0.0  0.0 grep --color=auto ./cli       1  2204
74.8  4.8 ./cli kernel images/4096x40   0 394608
  PID User     Command                         Swap      USS      PSS      RSS 
 9515 codespace /usr/bin/python3 /usr/bin/s        0    12020    12264    14440 
 7412 codespace ./cli kernel images/4096x40        0   393332   393397   394608 
%CPU %MEM ARGS Mon Oct  5 00:30:06 UTC 2026
 0.0  0.0 grep --color=auto ./cli       1  2184
74.8  4.8 ./cli kernel images/4096x40   0 394608
  PID User     Command                         Swap      USS      PSS      RSS 
 9521 codespace /usr/bin/python3 /usr/bin/s        0    12016    12268    14432 
 7412 codespace ./cli kernel images/4096x40        0   393332   393397   394608 
%CPU %MEM ARGS Mon Oct  5 00:30:06 UTC 2026
 0.0  0.0 grep --color=auto ./cli       0  2300
74.8  4.8 ./cli kernel images/4096x40   1 394608
  PID User     Command                         Swap      USS      PSS      RSS 
 9526 codespace /usr/bin/python3 /usr/bin/s        0    12016    12279    14492 
 7412 codespace ./cli kernel images/4096x40        0   393332   393397   394608 
%CPU %MEM ARGS Mon Oct  5 00:30:07 UTC 2026
 0.0  0.0 grep --color=auto ./cli       1  2172
74.8  4.8 ./cli kernel images/4096x40   0 394608
  PID User     Command                         Swap      USS      PSS      RSS 
 9538 codespace /usr/bin/python3 /usr/bin/s        0    12004    12256    14420 
 7412 codespace ./cli kernel images/4096x40        0   393332   393396   394608 
%CPU %MEM ARGS Mon Oct  5 00:30:07 UTC 2026
 0.0  0.0 grep --color=auto ./cli       0  2344
74.8  4.8 ./cli kernel images/4096x40   1 394608
  PID User     Command                         Swap      USS      PSS      RSS 
 9543 codespace /usr/bin/python3 /usr/bin/s        0    12036    12309    14552 
 7412 codespace ./cli kernel images/4096x40        0   393332   393397   394608 
%CPU %MEM ARGS Mon Oct  5 00:30:08 UTC 2026
 0.0  0.0 grep --color=auto ./cli       0  2308
74.8  4.8 ./cli kernel images/4096x40   1 394608
  PID User     Command                         Swap      USS      PSS      RSS 
 9548 codespace /usr/bin/python3 /usr/bin/s        0    11992    12236    14412 
 7412 codespace ./cli kernel images/4096x40        0   393332   393396   394608 
%CPU %MEM ARGS Mon Oct  5 00:30:08 UTC 2026
 0.0  0.0 grep --color=auto ./cli       1  2168
74.8  4.8 ./cli kernel images/4096x40   1 394608
  PID User     Command                         Swap      USS      PSS      RSS 
 9554 codespace /usr/bin/python3 /usr/bin/s        0    12008    12234    14428 
 7412 codespace ./cli kernel images/4096x40        0   393332   393393   394608 
%CPU %MEM ARGS Mon Oct  5 00:30:08 UTC 2026
 0.0  0.0 grep --color=auto ./cli       1  2196
74.7  4.8 ./cli kernel images/4096x40   1 394608
  PID User     Command                         Swap      USS      PSS      RSS 
 9565 codespace /usr/bin/python3 /usr/bin/s        0    12016    12299    14576 
 7412 codespace ./cli kernel images/4096x40        0   393332   393397   394608 
%CPU %MEM ARGS Mon Oct  5 00:30:09 UTC 2026
 0.0  0.0 grep --color=auto ./cli       0  2168
74.7  4.8 ./cli kernel images/4096x40   1 394608
  PID User     Command                         Swap      USS      PSS      RSS 
 9574 codespace /usr/bin/python3 /usr/bin/s        0    12024    12304    14572 
 7412 codespace ./cli kernel images/4096x40        0   393332   393397   394608 
%CPU %MEM ARGS Mon Oct  5 00:30:09 UTC 2026
 0.0  0.0 grep --color=auto ./cli       1  2196
74.7  4.8 ./cli kernel images/4096x40   0 394608
  PID User     Command                         Swap      USS      PSS      RSS 
 9582 codespace /usr/bin/python3 /usr/bin/s        0    12016    12261    14388 
 7412 codespace ./cli kernel images/4096x40        0   393332   393397   394608 
%CPU %MEM ARGS Mon Oct  5 00:30:10 UTC 2026
 0.0  0.0 grep --color=auto ./cli       1  2288
74.7  4.8 ./cli kernel images/4096x40   0 394608
  PID User     Command                         Swap      USS      PSS      RSS 
 9587 codespace /usr/bin/python3 /usr/bin/s        0    12016    12267    14432 
 7412 codespace ./cli kernel images/4096x40        0   393332   393397   394608 
%CPU %MEM ARGS Mon Oct  5 00:30:10 UTC 2026
 0.0  0.0 grep --color=auto ./cli       0  2160
74.7  4.8 ./cli kernel images/4096x40   1 394608
  PID User     Command                         Swap      USS      PSS      RSS 
 9592 codespace /usr/bin/python3 /usr/bin/s        0    12028    12309    14576 
 7412 codespace ./cli kernel images/4096x40        0   393332   393397   394608 
%CPU %MEM ARGS Mon Oct  5 00:30:10 UTC 2026
 0.0  0.0 grep --color=auto ./cli       0  2204
74.7  4.8 ./cli kernel images/4096x40   1 394608
  PID User     Command                         Swap      USS      PSS      RSS 
 9598 codespace /usr/bin/python3 /usr/bin/s        0    12016    12267    14432 
 7412 codespace ./cli kernel images/4096x40        0   393332   393397   394608 
%CPU %MEM ARGS Mon Oct  5 00:30:11 UTC 2026
 0.0  0.0 grep --color=auto ./cli       1  2208
74.7  4.8 ./cli kernel images/4096x40   0 394608
  PID User     Command                         Swap      USS      PSS      RSS 
 9603 codespace /usr/bin/python3 /usr/bin/s        0    12016    12275    14496 
 7412 codespace ./cli kernel images/4096x40        0   393332   393397   394608 
%CPU %MEM ARGS Mon Oct  5 00:30:11 UTC 2026
 0.0  0.0 grep --color=auto ./cli       1  2156
74.6  4.8 ./cli kernel images/4096x40   0 394608
  PID User     Command                         Swap      USS      PSS      RSS 
 9615 codespace /usr/bin/python3 /usr/bin/s        0    12016    12264    14472 
 7412 codespace ./cli kernel images/4096x40        0   393332   393397   394608 
%CPU %MEM ARGS Mon Oct  5 00:30:11 UTC 2026
 0.0  0.0 grep --color=auto ./cli       0  2148
74.6  4.8 ./cli kernel images/4096x40   1 394608
  PID User     Command                         Swap      USS      PSS      RSS 
 9620 codespace /usr/bin/python3 /usr/bin/s        0    12016    12264    14472 
 7412 codespace ./cli kernel images/4096x40        0   393332   393397   394608 
%CPU %MEM ARGS Mon Oct  5 00:30:12 UTC 2026
 0.0  0.0 grep --color=auto ./cli       1  2212
74.6  4.8 ./cli kernel images/4096x40   0 394608
  PID User     Command                         Swap      USS      PSS      RSS 
 9625 codespace /usr/bin/python3 /usr/bin/s        0    12016    12262    14468 
 7412 codespace ./cli kernel images/4096x40        0   393332   393397   394608 
%CPU %MEM ARGS Mon Oct  5 00:30:12 UTC 2026
 0.0  0.0 grep --color=auto ./cli       0  2164
74.6  4.8 ./cli kernel images/4096x40   0 394608
  PID User     Command                         Swap      USS      PSS      RSS 
 9631 codespace /usr/bin/python3 /usr/bin/s        0    12028    12308    14576 
 7412 codespace ./cli kernel images/4096x40        0   393332   393397   394608 
%CPU %MEM ARGS Mon Oct  5 00:30:12 UTC 2026
 0.0  0.0 grep --color=auto ./cli       0  2248
74.6  4.8 ./cli kernel images/4096x40   1 394608
  PID User     Command                         Swap      USS      PSS      RSS 
 9636 codespace /usr/bin/python3 /usr/bin/s        0    12040    12318    14544 
 7412 codespace ./cli kernel images/4096x40        0   393332   393397   394608 
%CPU %MEM ARGS Mon Oct  5 00:30:13 UTC 2026
 0.0  0.0 grep --color=auto ./cli       1  2176
74.6  4.8 ./cli kernel images/4096x40   0 394608
  PID User     Command                         Swap      USS      PSS      RSS 
 9641 codespace /usr/bin/python3 /usr/bin/s        0    12012    12264    14428 
 7412 codespace ./cli kernel images/4096x40        0   393332   393397   394608 
%CPU %MEM ARGS Mon Oct  5 00:30:13 UTC 2026
 0.0  0.0 grep --color=auto ./cli       0  2252
74.5  4.8 ./cli kernel images/4096x40   1 394608
  PID User     Command                         Swap      USS      PSS      RSS 
 9653 codespace /usr/bin/python3 /usr/bin/s        0    12024    12299    14540 
 7412 codespace ./cli kernel images/4096x40        0   393332   393397   394608 
%CPU %MEM ARGS Mon Oct  5 00:30:13 UTC 2026
 0.0  0.0 grep --color=auto ./cli       1  2172
74.5  4.8 ./cli kernel images/4096x40   1 394608
  PID User     Command                         Swap      USS      PSS      RSS 
 9669 codespace /usr/bin/python3 /usr/bin/s        0    12016    12267    14432 
 7412 codespace ./cli kernel images/4096x40        0   393332   393397   394608 
%CPU %MEM ARGS Mon Oct  5 00:30:14 UTC 2026
 0.0  0.0 grep --color=auto ./cli       0  2180
74.4  4.8 ./cli kernel images/4096x40   1 394608
  PID User     Command                         Swap      USS      PSS      RSS 
 9686 codespace /usr/bin/python3 /usr/bin/s        0    12020    12297    14548 
 7412 codespace ./cli kernel images/4096x40        0   393332   393397   394608 
%CPU %MEM ARGS Mon Oct  5 00:30:14 UTC 2026
 0.0  0.0 grep --color=auto ./cli       0  2308
74.4  4.8 ./cli kernel images/4096x40   1 394608
  PID User     Command                         Swap      USS      PSS      RSS 
 9692 codespace /usr/bin/python3 /usr/bin/s        0    12020    12270    14472 
 7412 codespace ./cli kernel images/4096x40        0   393332   393397   394608 
%CPU %MEM ARGS Mon Oct  5 00:30:15 UTC 2026
 0.0  0.0 grep --color=auto ./cli       0  2180
74.4  4.8 ./cli kernel images/4096x40   1 394608
  PID User     Command                         Swap      USS      PSS      RSS 
 9697 codespace /usr/bin/python3 /usr/bin/s        0    12016    12263    14384 
 7412 codespace ./cli kernel images/4096x40        0   393332   393396   394608 
%CPU %MEM ARGS Mon Oct  5 00:30:15 UTC 2026
 0.0  0.0 grep --color=auto ./cli       1  2300
74.3  4.8 ./cli kernel images/4096x40   0 394608
  PID User     Command                         Swap      USS      PSS      RSS 
 9703 codespace /usr/bin/python3 /usr/bin/s        0    12040    12317    14544 
 7412 codespace ./cli kernel images/4096x40        0   393332   393397   394608 
%CPU %MEM ARGS Mon Oct  5 00:30:15 UTC 2026
 0.0  0.0 grep --color=auto ./cli       1  2248
74.3  4.8 ./cli kernel images/4096x40   0 394608
  PID User     Command                         Swap      USS      PSS      RSS 
 9714 codespace /usr/bin/python3 /usr/bin/s        0    12012    12278    14496 
 7412 codespace ./cli kernel images/4096x40        0   393332   393397   394608 
%CPU %MEM ARGS Mon Oct  5 00:30:16 UTC 2026
 0.0  0.0 grep --color=auto ./cli       0  2304
74.2  4.8 ./cli kernel images/4096x40   1 394608
  PID User     Command                         Swap      USS      PSS      RSS 
 9719 codespace /usr/bin/python3 /usr/bin/s        0    12016    12267    14432 
 7412 codespace ./cli kernel images/4096x40        0   393332   393397   394608 
%CPU %MEM ARGS Mon Oct  5 00:30:16 UTC 2026
 0.0  0.0 grep --color=auto ./cli       1  2248
74.2  4.8 ./cli kernel images/4096x40   1 394608
  PID User     Command                         Swap      USS      PSS      RSS 
 9725 codespace /usr/bin/python3 /usr/bin/s        0    12020    12267    14472 
 7412 codespace ./cli kernel images/4096x40        0   393332   393397   394608 
%CPU %MEM ARGS Mon Oct  5 00:30:16 UTC 2026
 0.0  0.0 grep --color=auto ./cli       1  2300
74.2  4.8 ./cli kernel images/4096x40   0 394608
  PID User     Command                         Swap      USS      PSS      RSS 
 9730 codespace /usr/bin/python3 /usr/bin/s        0    12016    12259    14436 
 7412 codespace ./cli kernel images/4096x40        0   393332   393397   394608 
%CPU %MEM ARGS Mon Oct  5 00:30:17 UTC 2026
 0.0  0.0 grep --color=auto ./cli       1  2164
74.2  4.8 ./cli kernel images/4096x40   0 394608
  PID User     Command                         Swap      USS      PSS      RSS 
 9735 codespace /usr/bin/python3 /usr/bin/s        0    12032    12308    14548 
 7412 codespace ./cli kernel images/4096x40        0   393332   393397   394608 
%CPU %MEM ARGS Mon Oct  5 00:30:17 UTC 2026
 0.0  0.0 grep --color=auto ./cli       1  2208
74.2  4.8 ./cli kernel images/4096x40   0 394608
  PID User     Command                         Swap      USS      PSS      RSS 
 9741 codespace /usr/bin/python3 /usr/bin/s        0    12016    12270    14432 
 7412 codespace ./cli kernel images/4096x40        0   393332   393396   394608 
%CPU %MEM ARGS Mon Oct  5 00:30:17 UTC 2026
 0.0  0.0 grep --color=auto ./cli       0  2208
74.1  4.8 ./cli kernel images/4096x40   1 394608
  PID User     Command                         Swap      USS      PSS      RSS 
 9752 codespace /usr/bin/python3 /usr/bin/s        0    12012    12261    14408 
 7412 codespace ./cli kernel images/4096x40        0   393332   393396   394608 
%CPU %MEM ARGS Mon Oct  5 00:30:18 UTC 2026
 0.0  0.0 grep --color=auto ./cli       1  2292
74.1  4.8 ./cli kernel images/4096x40   0 394608
  PID User     Command                         Swap      USS      PSS      RSS 
 9757 codespace /usr/bin/python3 /usr/bin/s        0    12016    12269    14432 
 7412 codespace ./cli kernel images/4096x40        0   393332   393396   394608 
%CPU %MEM ARGS Mon Oct  5 00:30:18 UTC 2026
 0.0  0.0 grep --color=auto ./cli       1  2272
74.0  4.8 ./cli kernel images/4096x40   0 394608
  PID User     Command                         Swap      USS      PSS      RSS 
 9763 codespace /usr/bin/python3 /usr/bin/s        0    12016    12270    14432 
 7412 codespace ./cli kernel images/4096x40        0   393332   393396   394608 
%CPU %MEM ARGS Mon Oct  5 00:30:19 UTC 2026
 0.0  0.0 grep --color=auto ./cli       0  2192
74.0  4.8 ./cli kernel images/4096x40   0 394608
  PID User     Command                         Swap      USS      PSS      RSS 
 9768 codespace /usr/bin/python3 /usr/bin/s        0    12016    12279    14492 
 7412 codespace ./cli kernel images/4096x40        0   393332   393396   394608 
%CPU %MEM ARGS Mon Oct  5 00:30:19 UTC 2026
 0.0  0.0 grep --color=auto ./cli       0  2180
74.0  4.8 ./cli kernel images/4096x40   1 394608
  PID User     Command                         Swap      USS      PSS      RSS 
 9774 codespace /usr/bin/python3 /usr/bin/s        0    12040    12317    14544 
 7412 codespace ./cli kernel images/4096x40        0   393332   393397   394608 
%CPU %MEM ARGS Mon Oct  5 00:30:19 UTC 2026
 0.0  0.0 grep --color=auto ./cli       0  2176
73.9  4.8 ./cli kernel images/4096x40   1 394608
  PID User     Command                         Swap      USS      PSS      RSS 
 9788 codespace /usr/bin/python3 /usr/bin/s        0    11988    12269    14536 
 7412 codespace ./cli kernel images/4096x40        0   393332   393397   394608 
%CPU %MEM ARGS Mon Oct  5 00:30:20 UTC 2026
 0.0  0.0 grep --color=auto ./cli       0  2156
73.9  4.8 ./cli kernel images/4096x40   1 394608
  PID User     Command                         Swap      USS      PSS      RSS 
 9796 codespace /usr/bin/python3 /usr/bin/s        0    12016    12282    14500 
 7412 codespace ./cli kernel images/4096x40        0   393332   393397   394608 
%CPU %MEM ARGS Mon Oct  5 00:30:20 UTC 2026
 0.0  0.0 grep --color=auto ./cli       1  2176
73.9  4.8 ./cli kernel images/4096x40   0 394608
  PID User     Command                         Swap      USS      PSS      RSS 
 9802 codespace /usr/bin/python3 /usr/bin/s        0    12024    12290    14472 
 7412 codespace ./cli kernel images/4096x40        0   393332   393397   394608 
%CPU %MEM ARGS Mon Oct  5 00:30:20 UTC 2026
 0.0  0.0 grep --color=auto ./cli       0  2300
73.9  4.8 ./cli kernel images/4096x40   1 394608
  PID User     Command                         Swap      USS      PSS      RSS 
 9807 codespace /usr/bin/python3 /usr/bin/s        0    12016    12268    14432 
 7412 codespace ./cli kernel images/4096x40        0   393332   393397   394608 
%CPU %MEM ARGS Mon Oct  5 00:30:21 UTC 2026
 0.0  0.0 grep --color=auto ./cli       0  2288
73.8  4.8 ./cli kernel images/4096x40   1 394608
  PID User     Command                         Swap      USS      PSS      RSS 
 9812 codespace /usr/bin/python3 /usr/bin/s        0    12012    12265    14468 
 7412 codespace ./cli kernel images/4096x40        0   393332   393397   394608 
%CPU %MEM ARGS Mon Oct  5 00:30:21 UTC 2026
 0.0  0.0 grep --color=auto ./cli       1  2192
73.8  4.8 ./cli kernel images/4096x40   0 394608
  PID User     Command                         Swap      USS      PSS      RSS 
 9818 codespace /usr/bin/python3 /usr/bin/s        0    12012    12277    14496 
 7412 codespace ./cli kernel images/4096x40        0   393332   393397   394608 
%CPU %MEM ARGS Mon Oct  5 00:30:22 UTC 2026
 0.0  0.0 grep --color=auto ./cli       1  2260
73.8  4.8 ./cli kernel images/4096x40   0 394608
  PID User     Command                         Swap      USS      PSS      RSS 
 9829 codespace /usr/bin/python3 /usr/bin/s        0    12016    12297    14524 
 7412 codespace ./cli kernel images/4096x40        0   393332   393397   394608 
%CPU %MEM ARGS Mon Oct  5 00:30:22 UTC 2026
 0.0  0.0 grep --color=auto ./cli       0  2180
73.8  4.8 ./cli kernel images/4096x40   1 394608
  PID User     Command                         Swap      USS      PSS      RSS 
 9835 codespace /usr/bin/python3 /usr/bin/s        0    12032    12307    14548 
 7412 codespace ./cli kernel images/4096x40        0   393332   393397   394608 
%CPU %MEM ARGS Mon Oct  5 00:30:22 UTC 2026
 0.0  0.0 grep --color=auto ./cli       1  2180
73.8  4.8 ./cli kernel images/4096x40   1 394608
  PID User     Command                         Swap      USS      PSS      RSS 
 9840 codespace /usr/bin/python3 /usr/bin/s        0    12016    12285    14484 
 7412 codespace ./cli kernel images/4096x40        0   393332   393397   394608 
%CPU %MEM ARGS Mon Oct  5 00:30:23 UTC 2026
 0.0  0.0 grep --color=auto ./cli       0  2176
73.8  4.8 ./cli kernel images/4096x40   1 394608
  PID User     Command                         Swap      USS      PSS      RSS 
 9845 codespace /usr/bin/python3 /usr/bin/s        0    12016    12270    14432 
 7412 codespace ./cli kernel images/4096x40        0   393332   393397   394608 
%CPU %MEM ARGS Mon Oct  5 00:30:23 UTC 2026
 0.0  0.0 grep --color=auto ./cli       0  2296
73.8  4.8 ./cli kernel images/4096x40   1 394608
  PID User     Command                         Swap      USS      PSS      RSS 
 9851 codespace /usr/bin/python3 /usr/bin/s        0    12016    12271    14432 
 7412 codespace ./cli kernel images/4096x40        0   393332   393397   394608 
%CPU %MEM ARGS Mon Oct  5 00:30:23 UTC 2026
 0.0  0.0 grep --color=auto ./cli       1  2208
73.8  4.8 ./cli kernel images/4096x40   0 394608
  PID User     Command                         Swap      USS      PSS      RSS 
 9856 codespace /usr/bin/python3 /usr/bin/s        0    12016    12262    14436 
 7412 codespace ./cli kernel images/4096x40        0   393332   393397   394608 
%CPU %MEM ARGS Mon Oct  5 00:30:24 UTC 2026
 0.0  0.0 grep --color=auto ./cli       0  2160
73.7  4.8 ./cli kernel images/4096x40   0 394608
  PID User     Command                         Swap      USS      PSS      RSS 
 9872 codespace /usr/bin/python3 /usr/bin/s        0    12016    12300    14576 
 7412 codespace ./cli kernel images/4096x40        0   393332   393397   394608 
%CPU %MEM ARGS Mon Oct  5 00:30:24 UTC 2026
 0.0  0.0 grep --color=auto ./cli       1  2192
73.6  4.8 ./cli kernel images/4096x40   1 394608
  PID User     Command                         Swap      USS      PSS      RSS 
 9892 codespace /usr/bin/python3 /usr/bin/s        0    12016    12268    14480 
 7412 codespace ./cli kernel images/4096x40        0   393332   393397   394608 
%CPU %MEM ARGS Mon Oct  5 00:30:25 UTC 2026
 0.0  0.0 grep --color=auto ./cli       0  2248
73.6  4.8 ./cli kernel images/4096x40   0 394608
  PID User     Command                         Swap      USS      PSS      RSS 
 9897 codespace /usr/bin/python3 /usr/bin/s        0    12020    12272    14476 
 7412 codespace ./cli kernel images/4096x40        0   393332   393397   394608 
%CPU %MEM ARGS Mon Oct  5 00:30:25 UTC 2026
 0.0  0.0 grep --color=auto ./cli       0  2208
73.6  4.8 ./cli kernel images/4096x40   1 394608
  PID User     Command                         Swap      USS      PSS      RSS 
 9908 codespace /usr/bin/python3 /usr/bin/s        0    12024    12278    14576 
 7412 codespace ./cli kernel images/4096x40        0   393332   393394   394608 
%CPU %MEM ARGS Mon Oct  5 00:30:25 UTC 2026
 0.0  0.0 grep --color=auto ./cli       0  2292
73.6  4.8 ./cli kernel images/4096x40   1 394608
  PID User     Command                         Swap      USS      PSS      RSS 
 9914 codespace /usr/bin/python3 /usr/bin/s        0    12016    12262    14468 
 7412 codespace ./cli kernel images/4096x40        0   393332   393397   394608 
%CPU %MEM ARGS Mon Oct  5 00:30:26 UTC 2026
 0.0  0.0 grep --color=auto ./cli       0  2348
73.5  4.8 ./cli kernel images/4096x40   0 394608
  PID User     Command                         Swap      USS      PSS      RSS 
 9919 codespace /usr/bin/python3 /usr/bin/s        0    12016    12258    14436 
 7412 codespace ./cli kernel images/4096x40        0   393332   393397   394608 
%CPU %MEM ARGS Mon Oct  5 00:30:26 UTC 2026
 0.0  0.0 grep --color=auto ./cli       1  2284
73.5  4.8 ./cli kernel images/4096x40   0 394608
  PID User     Command                         Swap      USS      PSS      RSS 
 9931 codespace /usr/bin/python3 /usr/bin/s        0    12016    12259    14436 
 7412 codespace ./cli kernel images/4096x40        0   393332   393397   394608 
%CPU %MEM ARGS Mon Oct  5 00:30:27 UTC 2026
 0.0  0.0 grep --color=auto ./cli       1  2168
73.5  4.8 ./cli kernel images/4096x40   0 394608
  PID User     Command                         Swap      USS      PSS      RSS 
 9936 codespace /usr/bin/python3 /usr/bin/s        0    12020    12273    14436 
 7412 codespace ./cli kernel images/4096x40        0   393332   393397   394608 
%CPU %MEM ARGS Mon Oct  5 00:30:27 UTC 2026
 0.0  0.0 grep --color=auto ./cli       1  2212
73.5  4.8 ./cli kernel images/4096x40   0 394608
  PID User     Command                         Swap      USS      PSS      RSS 
 9941 codespace /usr/bin/python3 /usr/bin/s        0    12028    12309    14576 
 7412 codespace ./cli kernel images/4096x40        0   393332   393397   394608 
%CPU %MEM ARGS Mon Oct  5 00:30:27 UTC 2026
 0.0  0.0 grep --color=auto ./cli       0  2160
73.5  4.8 ./cli kernel images/4096x40   0 394608
  PID User     Command                         Swap      USS      PSS      RSS 
 9947 codespace /usr/bin/python3 /usr/bin/s        0    12020    12264    14440 
 7412 codespace ./cli kernel images/4096x40        0   393332   393397   394608 
%CPU %MEM ARGS Mon Oct  5 00:30:28 UTC 2026
 0.0  0.0 grep --color=auto ./cli       1  2180
73.5  4.8 ./cli kernel images/4096x40   0 394608
  PID User     Command                         Swap      USS      PSS      RSS 
 9952 codespace /usr/bin/python3 /usr/bin/s        0    12016    12280    14500 
 7412 codespace ./cli kernel images/4096x40        0   393332   393397   394608 
%CPU %MEM ARGS Mon Oct  5 00:30:28 UTC 2026
 0.0  0.0 grep --color=auto ./cli       1  2304
73.5  4.8 ./cli kernel images/4096x40   1 394608
  PID User     Command                         Swap      USS      PSS      RSS 
 9957 codespace /usr/bin/python3 /usr/bin/s        0    12016    12267    14432 
 7412 codespace ./cli kernel images/4096x40        0   393332   393397   394608 
%CPU %MEM ARGS Mon Oct  5 00:30:28 UTC 2026
 0.0  0.0 grep --color=auto ./cli       1  2156
73.4  4.8 ./cli kernel images/4096x40   1 394608
  PID User     Command                         Swap      USS      PSS      RSS 
 9969 codespace /usr/bin/python3 /usr/bin/s        0    12020    12274    14436 
 7412 codespace ./cli kernel images/4096x40        0   393332   393397   394608 
%CPU %MEM ARGS Mon Oct  5 00:30:29 UTC 2026
 0.0  0.0 grep --color=auto ./cli       1  2192
73.4  4.8 ./cli kernel images/4096x40   1 394608
  PID User     Command                         Swap      USS      PSS      RSS 
 9974 codespace /usr/bin/python3 /usr/bin/s        0    12012    12263    14428 
 7412 codespace ./cli kernel images/4096x40        0   393332   393397   394608 
%CPU %MEM ARGS Mon Oct  5 00:30:29 UTC 2026
 0.0  0.0 grep --color=auto ./cli       1  2180
73.4  4.8 ./cli kernel images/4096x40   1 394608
  PID User     Command                         Swap      USS      PSS      RSS 
 9980 codespace /usr/bin/python3 /usr/bin/s        0    12016    12278    14492 
 7412 codespace ./cli kernel images/4096x40        0   393332   393396   394608 
%CPU %MEM ARGS Mon Oct  5 00:30:30 UTC 2026
 0.0  0.0 grep --color=auto ./cli       1  2180
73.3  4.8 ./cli kernel images/4096x40   1 394608
  PID User     Command                         Swap      USS      PSS      RSS 
 9985 codespace /usr/bin/python3 /usr/bin/s        0    12016    12288    14532 
 7412 codespace ./cli kernel images/4096x40        0   393332   393397   394608 
%CPU %MEM ARGS Mon Oct  5 00:30:30 UTC 2026
 0.0  0.0 grep --color=auto ./cli       0  2296
73.3  4.8 ./cli kernel images/4096x40   0 394608
  PID User     Command                         Swap      USS      PSS      RSS 
 9990 codespace /usr/bin/python3 /usr/bin/s        0    11988    12241    14404 
 7412 codespace ./cli kernel images/4096x40        0   393332   393396   394608 
%CPU %MEM ARGS Mon Oct  5 00:30:30 UTC 2026
 0.0  0.0 grep --color=auto ./cli       1  2196
73.3  4.8 ./cli kernel images/4096x40   0 394608
  PID User     Command                         Swap      USS      PSS      RSS 
 9999 codespace /usr/bin/python3 /usr/bin/s        0    12016    12239    14476 
 7412 codespace ./cli kernel images/4096x40        0   393332   393394   394608 
%CPU %MEM ARGS Mon Oct  5 00:30:31 UTC 2026
 0.0  0.0 grep --color=auto ./cli       1  2180
73.3  4.8 ./cli kernel images/4096x40   0 394608
  PID User     Command                         Swap      USS      PSS      RSS 
10013 codespace /usr/bin/python3 /usr/bin/s        0    12012    12257    14432 
 7412 codespace ./cli kernel images/4096x40        0   393332   393396   394608 
%CPU %MEM ARGS Mon Oct  5 00:30:31 UTC 2026
 0.0  0.0 grep --color=auto ./cli       1  2212
73.2  4.8 ./cli kernel images/4096x40   1 394608
  PID User     Command                         Swap      USS      PSS      RSS 
10019 codespace /usr/bin/python3 /usr/bin/s        0    12028    12308    14576 
 7412 codespace ./cli kernel images/4096x40        0   393332   393397   394608 
%CPU %MEM ARGS Mon Oct  5 00:30:32 UTC 2026
 0.0  0.0 grep --color=auto ./cli       0  2296
73.2  4.8 ./cli kernel images/4096x40   1 394608
  PID User     Command                         Swap      USS      PSS      RSS 
10024 codespace /usr/bin/python3 /usr/bin/s        0    12012    12272    14492 
 7412 codespace ./cli kernel images/4096x40        0   393332   393397   394608 
%CPU %MEM ARGS Mon Oct  5 00:30:32 UTC 2026
 0.0  0.0 grep --color=auto ./cli       1  2156
73.2  4.8 ./cli kernel images/4096x40   0 394608
  PID User     Command                         Swap      USS      PSS      RSS 
10029 codespace /usr/bin/python3 /usr/bin/s        0    12016    12267    14432 
 7412 codespace ./cli kernel images/4096x40        0   393332   393397   394608 
%CPU %MEM ARGS Mon Oct  5 00:30:32 UTC 2026
 0.0  0.0 grep --color=auto ./cli       1  2168
73.1  4.8 ./cli kernel images/4096x40   0 394608
  PID User     Command                         Swap      USS      PSS      RSS 
10035 codespace /usr/bin/python3 /usr/bin/s        0    12016    12269    14492 
 7412 codespace ./cli kernel images/4096x40        0   393332   393397   394608 
%CPU %MEM ARGS Mon Oct  5 00:30:33 UTC 2026
 0.0  0.0 grep --color=auto ./cli       0  2160
73.1  4.8 ./cli kernel images/4096x40   1 394608
  PID User     Command                         Swap      USS      PSS      RSS 
10046 codespace /usr/bin/python3 /usr/bin/s        0    12016    12259    14436 
 7412 codespace ./cli kernel images/4096x40        0   393332   393397   394608 
%CPU %MEM ARGS Mon Oct  5 00:30:33 UTC 2026
 0.0  0.0 grep --color=auto ./cli       0  2180
73.1  4.8 ./cli kernel images/4096x40   1 394608
  PID User     Command                         Swap      USS      PSS      RSS 
10051 codespace /usr/bin/python3 /usr/bin/s        0    12016    12263    14464 
 7412 codespace ./cli kernel images/4096x40        0   393332   393397   394608 
%CPU %MEM ARGS Mon Oct  5 00:30:33 UTC 2026
 0.0  0.0 grep --color=auto ./cli       1  2208
73.1  4.8 ./cli kernel images/4096x40   0 394608
  PID User     Command                         Swap      USS      PSS      RSS 
10057 codespace /usr/bin/python3 /usr/bin/s        0    12016    12279    14492 
 7412 codespace ./cli kernel images/4096x40        0   393332   393397   394608 
%CPU %MEM ARGS Mon Oct  5 00:30:34 UTC 2026
 0.0  0.0 grep --color=auto ./cli       0  2240
73.1  4.8 ./cli kernel images/4096x40   1 394608
  PID User     Command                         Swap      USS      PSS      RSS 
10062 codespace /usr/bin/python3 /usr/bin/s        0    12016    12279    14492 
 7412 codespace ./cli kernel images/4096x40        0   393332   393397   394608 
%CPU %MEM ARGS Mon Oct  5 00:30:34 UTC 2026
 0.0  0.0 grep --color=auto ./cli       1  2196
73.0  4.8 ./cli kernel images/4096x40   1 394608
  PID User     Command                         Swap      USS      PSS      RSS 
10074 codespace /usr/bin/python3 /usr/bin/s        0    12016    12269    14432 
 7412 codespace ./cli kernel images/4096x40        0   393332   393396   394608 
%CPU %MEM ARGS Mon Oct  5 00:30:35 UTC 2026
 0.0  0.0 grep --color=auto ./cli       0  2340
73.0  4.8 ./cli kernel images/4096x40   1 394608
  PID User     Command                         Swap      USS      PSS      RSS 
10091 codespace /usr/bin/python3 /usr/bin/s        0    12028    12300    14500 
 7412 codespace ./cli kernel images/4096x40        0   393332   393397   394608 
%CPU %MEM ARGS Mon Oct  5 00:30:35 UTC 2026
 0.0  0.0 grep --color=auto ./cli       0  2180
73.0  4.8 ./cli kernel images/4096x40   1 394608
  PID User     Command                         Swap      USS      PSS      RSS 
10102 codespace /usr/bin/python3 /usr/bin/s        0    12016    12260    14428 
 7412 codespace ./cli kernel images/4096x40        0   393332   393396   394608 
%CPU %MEM ARGS Mon Oct  5 00:30:35 UTC 2026
 0.0  0.0 grep --color=auto ./cli       0  2180
73.0  4.8 ./cli kernel images/4096x40   1 394608
  PID User     Command                         Swap      USS      PSS      RSS 
10108 codespace /usr/bin/python3 /usr/bin/s        0    12016    12265    14472 
 7412 codespace ./cli kernel images/4096x40        0   393332   393397   394608 
%CPU %MEM ARGS Mon Oct  5 00:30:36 UTC 2026
 0.0  0.0 grep --color=auto ./cli       0  2156
72.9  4.8 ./cli kernel images/4096x40   0 394608
  PID User     Command                         Swap      USS      PSS      RSS 
10113 codespace /usr/bin/python3 /usr/bin/s        0    12020    12264    14440 
 7412 codespace ./cli kernel images/4096x40        0   393332   393397   394608 
%CPU %MEM ARGS Mon Oct  5 00:30:36 UTC 2026
 0.0  0.0 grep --color=auto ./cli       1  2248
72.9  4.8 ./cli kernel images/4096x40   0 394608
  PID User     Command                         Swap      USS      PSS      RSS 
10118 codespace /usr/bin/python3 /usr/bin/s        0    12012    12237    14432 
 7412 codespace ./cli kernel images/4096x40        0   393332   393394   394608 
%CPU %MEM ARGS Mon Oct  5 00:30:36 UTC 2026
 0.0  0.0 grep --color=auto ./cli       0  2248
72.9  4.8 ./cli kernel images/4096x40   1 394608
  PID User     Command                         Swap      USS      PSS      RSS 
10130 codespace /usr/bin/python3 /usr/bin/s        0    12016    12279    14492 
 7412 codespace ./cli kernel images/4096x40        0   393332   393397   394608 
%CPU %MEM ARGS Mon Oct  5 00:30:37 UTC 2026
 0.0  0.0 grep --color=auto ./cli       1  2308
72.9  4.8 ./cli kernel images/4096x40   0 394608
  PID User     Command                         Swap      USS      PSS      RSS 
10135 codespace /usr/bin/python3 /usr/bin/s        0    12020    12266    14440 
 7412 codespace ./cli kernel images/4096x40        0   393332   393396   394608 
%CPU %MEM ARGS Mon Oct  5 00:30:37 UTC 2026
 0.0  0.0 grep --color=auto ./cli       0  2344
72.8  4.8 ./cli kernel images/4096x40   1 394608
  PID User     Command                         Swap      USS      PSS      RSS 
10147 codespace /usr/bin/python3 /usr/bin/s        0    12016    12279    14496 
 7412 codespace ./cli kernel images/4096x40        0   393332   393397   394608 
%CPU %MEM ARGS Mon Oct  5 00:30:37 UTC 2026
 0.0  0.0 grep --color=auto ./cli       1  2288
72.8  4.8 ./cli kernel images/4096x40   0 394608
  PID User     Command                         Swap      USS      PSS      RSS 
10152 codespace /usr/bin/python3 /usr/bin/s        0    12016    12259    14436 
 7412 codespace ./cli kernel images/4096x40        0   393332   393397   394608 
%CPU %MEM ARGS Mon Oct  5 00:30:38 UTC 2026
 0.0  0.0 grep --color=auto ./cli       0  2192
72.8  4.8 ./cli kernel images/4096x40   1 394608
  PID User     Command                         Swap      USS      PSS      RSS 
10157 codespace /usr/bin/python3 /usr/bin/s        0    12020    12286    14504 
 7412 codespace ./cli kernel images/4096x40        0   393332   393397   394608 
%CPU %MEM ARGS Mon Oct  5 00:30:38 UTC 2026
 0.0  0.0 grep --color=auto ./cli       1  2156
72.8  4.8 ./cli kernel images/4096x40   0 394608
  PID User     Command                         Swap      USS      PSS      RSS 
10163 codespace /usr/bin/python3 /usr/bin/s        0    12016    12269    14432 
 7412 codespace ./cli kernel images/4096x40        0   393332   393396   394608 
%CPU %MEM ARGS Mon Oct  5 00:30:39 UTC 2026
 0.0  0.0 grep --color=auto ./cli       1  2212
72.8  4.8 ./cli kernel images/4096x40   0 394608
  PID User     Command                         Swap      USS      PSS      RSS 
10168 codespace /usr/bin/python3 /usr/bin/s        0    12024    12301    14524 
 7412 codespace ./cli kernel images/4096x40        0   393332   393397   394608 
%CPU %MEM ARGS Mon Oct  5 00:30:39 UTC 2026
 0.0  0.0 grep --color=auto ./cli       1  2208
72.8  4.8 ./cli kernel images/4096x40   0 394608
  PID User     Command                         Swap      USS      PSS      RSS 
10173 codespace /usr/bin/python3 /usr/bin/s        0    12016    12280    14484 
 7412 codespace ./cli kernel images/4096x40        0   393332   393397   394608 
%CPU %MEM ARGS Mon Oct  5 00:30:39 UTC 2026
 0.0  0.0 grep --color=auto ./cli       1  2168
72.8  4.8 ./cli kernel images/4096x40   1 394608
  PID User     Command                         Swap      USS      PSS      RSS 
10185 codespace /usr/bin/python3 /usr/bin/s        0    12076    12353    14580 
 7412 codespace ./cli kernel images/4096x40        0   393332   393397   394608 
%CPU %MEM ARGS Mon Oct  5 00:30:40 UTC 2026
 0.0  0.0 grep --color=auto ./cli       1  2152
72.7  4.8 ./cli kernel images/4096x40   0 394608
  PID User     Command                         Swap      USS      PSS      RSS 
10190 codespace /usr/bin/python3 /usr/bin/s        0    12016    12266    14432 
 7412 codespace ./cli kernel images/4096x40        0   393332   393397   394608 
%CPU %MEM ARGS Mon Oct  5 00:30:40 UTC 2026
 0.0  0.0 grep --color=auto ./cli       0  2296
72.7  4.8 ./cli kernel images/4096x40   0 394608
  PID User     Command                         Swap      USS      PSS      RSS 
10195 codespace /usr/bin/python3 /usr/bin/s        0    12020    12289    14468 
 7412 codespace ./cli kernel images/4096x40        0   393332   393397   394608 
%CPU %MEM ARGS Mon Oct  5 00:30:40 UTC 2026
 0.0  0.0 grep --color=auto ./cli       0  2252
72.7  4.8 ./cli kernel images/4096x40   1 394608
  PID User     Command                         Swap      USS      PSS      RSS 
10201 codespace /usr/bin/python3 /usr/bin/s        0    12016    12266    14432 
 7412 codespace ./cli kernel images/4096x40        0   393332   393397   394608 
%CPU %MEM ARGS Mon Oct  5 00:30:41 UTC 2026
 0.0  0.0 grep --color=auto ./cli       1  2176
72.7  4.8 ./cli kernel images/4096x40   1 394608
  PID User     Command                         Swap      USS      PSS      RSS 
10206 codespace /usr/bin/python3 /usr/bin/s        0    12020    12270    14436 
 7412 codespace ./cli kernel images/4096x40        0   393332   393397   394608 
%CPU %MEM ARGS Mon Oct  5 00:30:41 UTC 2026
 0.0  0.0 grep --color=auto ./cli       0  2304
72.7  4.8 ./cli kernel images/4096x40   0 394608
  PID User     Command                         Swap      USS      PSS      RSS 
10212 codespace /usr/bin/python3 /usr/bin/s        0    12016    12267    14432 
 7412 codespace ./cli kernel images/4096x40        0   393332   393396   394608 
%CPU %MEM ARGS Mon Oct  5 00:30:42 UTC 2026
 0.0  0.0 grep --color=auto ./cli       0  2148
72.6  4.8 ./cli kernel images/4096x40   0 394608
  PID User     Command                         Swap      USS      PSS      RSS 
10224 codespace /usr/bin/python3 /usr/bin/s        0    12020    12256    14472 
 7412 codespace ./cli kernel images/4096x40        0   393332   393394   394608 
%CPU %MEM ARGS Mon Oct  5 00:30:42 UTC 2026
 0.0  0.0 grep --color=auto ./cli       1  2248
72.6  4.8 ./cli kernel images/4096x40   0 394608
  PID User     Command                         Swap      USS      PSS      RSS 
10235 codespace /usr/bin/python3 /usr/bin/s        0    12016    12282    14484 
 7412 codespace ./cli kernel images/4096x40        0   393332   393397   394608 
%CPU %MEM ARGS Mon Oct  5 00:30:43 UTC 2026
 0.0  0.0 grep --color=auto ./cli       1  2340
72.6  4.8 ./cli kernel images/4096x40   0 394608
  PID User     Command                         Swap      USS      PSS      RSS 
10240 codespace /usr/bin/python3 /usr/bin/s        0    12032    12315    14552 
 7412 codespace ./cli kernel images/4096x40        0   393332   393397   394608 
%CPU %MEM ARGS Mon Oct  5 00:30:43 UTC 2026
 0.0  0.0 grep --color=auto ./cli       0  2200
72.6  4.8 ./cli kernel images/4096x40   1 394608
  PID User     Command                         Swap      USS      PSS      RSS 
10245 codespace /usr/bin/python3 /usr/bin/s        0    12016    12279    14492 
 7412 codespace ./cli kernel images/4096x40        0   393332   393397   394608 
%CPU %MEM ARGS Mon Oct  5 00:30:43 UTC 2026
 0.0  0.0 grep --color=auto ./cli       1  2344
72.6  4.8 ./cli kernel images/4096x40   0 394608
  PID User     Command                         Swap      USS      PSS      RSS 
10251 codespace /usr/bin/python3 /usr/bin/s        0    12016    12260    14436 
 7412 codespace ./cli kernel images/4096x40        0   393332   393396   394608 
%CPU %MEM ARGS Mon Oct  5 00:30:44 UTC 2026
 0.0  0.0 grep --color=auto ./cli       1  2308
72.6  4.8 ./cli kernel images/4096x40   0 394608
  PID User     Command                         Swap      USS      PSS      RSS 
10260 codespace /usr/bin/python3 /usr/bin/s        0    12032    12305    14548 
 7412 codespace ./cli kernel images/4096x40        0   393332   393397   394608 
%CPU %MEM ARGS Mon Oct  5 00:30:44 UTC 2026
 0.0  0.0 grep --color=auto ./cli       1  2372
72.5  4.8 ./cli kernel images/4096x40   0 394608
  PID User     Command                         Swap      USS      PSS      RSS 
10267 codespace /usr/bin/python3 /usr/bin/s        0    12032    12307    14548 
 7412 codespace ./cli kernel images/4096x40        0   393332   393397   394608 
%CPU %MEM ARGS Mon Oct  5 00:30:45 UTC 2026
 0.0  0.0 grep --color=auto ./cli       0  2204
72.5  4.8 ./cli kernel images/4096x40   1 394608
  PID User     Command                         Swap      USS      PSS      RSS 
10279 codespace /usr/bin/python3 /usr/bin/s        0    12016    12285    14484 
 7412 codespace ./cli kernel images/4096x40        0   393332   393397   394608 
%CPU %MEM ARGS Mon Oct  5 00:30:45 UTC 2026
 0.0  0.0 grep --color=auto ./cli       0  2160
72.5  4.8 ./cli kernel images/4096x40   0 394608
  PID User     Command                         Swap      USS      PSS      RSS 
10296 codespace /usr/bin/python3 /usr/bin/s        0    12036    12316    14584 
 7412 codespace ./cli kernel images/4096x40        0   393332   393397   394608 
%CPU %MEM ARGS Mon Oct  5 00:30:45 UTC 2026
 0.0  0.0 grep --color=auto ./cli       1  2184
72.5  4.8 ./cli kernel images/4096x40   1 394608
  PID User     Command                         Swap      USS      PSS      RSS 
10302 codespace /usr/bin/python3 /usr/bin/s        0    12020    12289    14468 
 7412 codespace ./cli kernel images/4096x40        0   393332   393397   394608 
%CPU %MEM ARGS Mon Oct  5 00:30:46 UTC 2026
 0.0  0.0 grep --color=auto ./cli       0  2180
72.5  4.8 ./cli kernel images/4096x40   1 394608
  PID User     Command                         Swap      USS      PSS      RSS 
10310 codespace /usr/bin/python3 /usr/bin/s        0    12040    12318    14544 
 7412 codespace ./cli kernel images/4096x40        0   393332   393397   394608 
%CPU %MEM ARGS Mon Oct  5 00:30:46 UTC 2026
 0.0  0.0 grep --color=auto ./cli       0  2204
72.5  4.8 ./cli kernel images/4096x40   1 394608
  PID User     Command                         Swap      USS      PSS      RSS 
10319 codespace /usr/bin/python3 /usr/bin/s        0    12012    12263    14464 
 7412 codespace ./cli kernel images/4096x40        0   393332   393397   394608 
%CPU %MEM ARGS Mon Oct  5 00:30:47 UTC 2026
 0.0  0.0 grep --color=auto ./cli       0  2248
72.4  4.8 ./cli kernel images/4096x40   1 394608
  PID User     Command                         Swap      USS      PSS      RSS 
10324 codespace /usr/bin/python3 /usr/bin/s        0    12016    12281    14500 
 7412 codespace ./cli kernel images/4096x40        0   393332   393397   394608 
%CPU %MEM ARGS Mon Oct  5 00:30:47 UTC 2026
 0.0  0.0 grep --color=auto ./cli       0  2152
72.4  4.8 ./cli kernel images/4096x40   1 394608
  PID User     Command                         Swap      USS      PSS      RSS 
10329 codespace /usr/bin/python3 /usr/bin/s        0    12020    12271    14472 
 7412 codespace ./cli kernel images/4096x40        0   393332   393397   394608 
%CPU %MEM ARGS Mon Oct  5 00:30:47 UTC 2026
 0.0  0.0 grep --color=auto ./cli       1  1812
72.5  4.8 ./cli kernel images/4096x40   1 394608
  PID User     Command                         Swap      USS      PSS      RSS 
10335 codespace /usr/bin/python3 /usr/bin/s        0    12024    12271    14544 
 7412 codespace ./cli kernel images/4096x40        0   393332   393394   394608 
%CPU %MEM ARGS Mon Oct  5 00:30:48 UTC 2026
 0.0  0.0 grep --color=auto ./cli       0  2164
72.5  4.8 ./cli kernel images/4096x40   0 394608
  PID User     Command                         Swap      USS      PSS      RSS 
10346 codespace /usr/bin/python3 /usr/bin/s        0    12012    12279    14496 
 7412 codespace ./cli kernel images/4096x40        0   393332   393397   394608 
%CPU %MEM ARGS Mon Oct  5 00:30:48 UTC 2026
 0.0  0.0 grep --color=auto ./cli       0  2176
72.4  4.8 ./cli kernel images/4096x40   1 394608
  PID User     Command                         Swap      USS      PSS      RSS 
10354 codespace /usr/bin/python3 /usr/bin/s        0    12020    12273    14436 
 7412 codespace ./cli kernel images/4096x40        0   393332   393396   394608 
%CPU %MEM ARGS Mon Oct  5 00:30:48 UTC 2026
 0.0  0.0 grep --color=auto ./cli       1  2156
72.4  4.8 ./cli kernel images/4096x40   1 394608
  PID User     Command                         Swap      USS      PSS      RSS 
10363 codespace /usr/bin/python3 /usr/bin/s        0    12016    12282    14468 
 7412 codespace ./cli kernel images/4096x40        0   393332   393397   394608 
%CPU %MEM ARGS Mon Oct  5 00:30:49 UTC 2026
 0.0  0.0 grep --color=auto ./cli       1  2176
72.4  4.8 ./cli kernel images/4096x40   0 394608
  PID User     Command                         Swap      USS      PSS      RSS 
10368 codespace /usr/bin/python3 /usr/bin/s        0    12016    12295    14520 
 7412 codespace ./cli kernel images/4096x40        0   393332   393397   394608 
%CPU %MEM ARGS Mon Oct  5 00:30:49 UTC 2026
 0.0  0.0 grep --color=auto ./cli       1  2164
72.4  4.8 ./cli kernel images/4096x40   0 394608
  PID User     Command                         Swap      USS      PSS      RSS 
10374 codespace /usr/bin/python3 /usr/bin/s        0    12016    12282    14492 
 7412 codespace ./cli kernel images/4096x40        0   393332   393397   394608 
%CPU %MEM ARGS Mon Oct  5 00:30:50 UTC 2026
 0.0  0.0 grep --color=auto ./cli       1  2344
72.4  4.8 ./cli kernel images/4096x40   1 394608
  PID User     Command                         Swap      USS      PSS      RSS 
10379 codespace /usr/bin/python3 /usr/bin/s        0    12028    12309    14576 
 7412 codespace ./cli kernel images/4096x40        0   393332   393397   394608 
%CPU %MEM ARGS Mon Oct  5 00:30:50 UTC 2026
 0.0  0.0 grep --color=auto ./cli       0  2156
72.4  4.8 ./cli kernel images/4096x40   1 394608
  PID User     Command                         Swap      USS      PSS      RSS 
10384 codespace /usr/bin/python3 /usr/bin/s        0    12036    12310    14556 
 7412 codespace ./cli kernel images/4096x40        0   393332   393397   394608 
%CPU %MEM ARGS Mon Oct  5 00:30:50 UTC 2026
 0.0  0.0 grep --color=auto ./cli       1  2252
72.4  4.8 ./cli kernel images/4096x40   0 394608
  PID User     Command                         Swap      USS      PSS      RSS 
10396 codespace /usr/bin/python3 /usr/bin/s        0    12016    12280    14500 
 7412 codespace ./cli kernel images/4096x40        0   393332   393396   394608 
%CPU %MEM ARGS Mon Oct  5 00:30:51 UTC 2026
 0.0  0.0 grep --color=auto ./cli       1  2212
72.3  4.8 ./cli kernel images/4096x40   0 394608
  PID User     Command                         Swap      USS      PSS      RSS 
10401 codespace /usr/bin/python3 /usr/bin/s        0    12016    12276    14496 
 7412 codespace ./cli kernel images/4096x40        0   393332   393396   394608 
%CPU %MEM ARGS Mon Oct  5 00:30:51 UTC 2026
 0.0  0.0 grep --color=auto ./cli       0  2344
72.3  4.8 ./cli kernel images/4096x40   0 394608
  PID User     Command                         Swap      USS      PSS      RSS 
10406 codespace /usr/bin/python3 /usr/bin/s        0    12016    12280    14500 
 7412 codespace ./cli kernel images/4096x40        0   393332   393397   394608 
%CPU %MEM ARGS Mon Oct  5 00:30:52 UTC 2026
 0.0  0.0 grep --color=auto ./cli       0  2252
72.3  4.8 ./cli kernel images/4096x40   0 394608
  PID User     Command                         Swap      USS      PSS      RSS 
10412 codespace /usr/bin/python3 /usr/bin/s        0    12032    12313    14580 
 7412 codespace ./cli kernel images/4096x40        0   393332   393397   394608 
%CPU %MEM ARGS Mon Oct  5 00:30:52 UTC 2026
 0.0  0.0 grep --color=auto ./cli       0  2156
72.3  4.8 ./cli kernel images/4096x40   1 394608
  PID User     Command                         Swap      USS      PSS      RSS 
10417 codespace /usr/bin/python3 /usr/bin/s        0    12020    12281    14500 
 7412 codespace ./cli kernel images/4096x40        0   393332   393397   394608 
%CPU %MEM ARGS Mon Oct  5 00:30:52 UTC 2026
 0.0  0.0 grep --color=auto ./cli       1  2164
72.3  4.8 ./cli kernel images/4096x40   0 394608
  PID User     Command                         Swap      USS      PSS      RSS 
10423 codespace /usr/bin/python3 /usr/bin/s        0    12040    12317    14544 
 7412 codespace ./cli kernel images/4096x40        0   393332   393397   394608 
%CPU %MEM ARGS Mon Oct  5 00:30:53 UTC 2026
 0.0  0.0 grep --color=auto ./cli       0  2176
72.3  4.8 ./cli kernel images/4096x40   1 394608
  PID User     Command                         Swap      USS      PSS      RSS 
10434 codespace /usr/bin/python3 /usr/bin/s        0    12016    12263    14468 
 7412 codespace ./cli kernel images/4096x40        0   393332   393397   394608 
%CPU %MEM ARGS Mon Oct  5 00:30:53 UTC 2026
 0.0  0.0 grep --color=auto ./cli       0  2204
72.3  4.8 ./cli kernel images/4096x40   1 394608
  PID User     Command                         Swap      USS      PSS      RSS 
10445 codespace /usr/bin/python3 /usr/bin/s        0    12012    12235    14412 
 7412 codespace ./cli kernel images/4096x40        0   393332   393393   394608 
%CPU %MEM ARGS Mon Oct  5 00:30:53 UTC 2026
 0.0  0.0 grep --color=auto ./cli       1  2308
72.3  4.8 ./cli kernel images/4096x40   0 394608
  PID User     Command                         Swap      USS      PSS      RSS 
10451 codespace /usr/bin/python3 /usr/bin/s        0    12016    12266    14468 
 7412 codespace ./cli kernel images/4096x40        0   393332   393397   394608 
%CPU %MEM ARGS Mon Oct  5 00:30:54 UTC 2026
 0.0  0.0 grep --color=auto ./cli       0  2208
72.3  4.8 ./cli kernel images/4096x40   1 394608
  PID User     Command                         Swap      USS      PSS      RSS 
10456 codespace /usr/bin/python3 /usr/bin/s        0    12012    12265    14428 
 7412 codespace ./cli kernel images/4096x40        0   393332   393396   394608 
%CPU %MEM ARGS Mon Oct  5 00:30:54 UTC 2026
 0.0  0.0 grep --color=auto ./cli       0  2248
72.3  4.8 ./cli kernel images/4096x40   1 394608
  PID User     Command                         Swap      USS      PSS      RSS 
10462 codespace /usr/bin/python3 /usr/bin/s        0    12016    12260    14436 
 7412 codespace ./cli kernel images/4096x40        0   393332   393397   394608 
%CPU %MEM ARGS Mon Oct  5 00:30:55 UTC 2026
 0.0  0.0 grep --color=auto ./cli       0  2160
72.3  4.8 ./cli kernel images/4096x40   0 394608
  PID User     Command                         Swap      USS      PSS      RSS 
10467 codespace /usr/bin/python3 /usr/bin/s        0    12020    12286    14468 
 7412 codespace ./cli kernel images/4096x40        0   393332   393397   394608 
%CPU %MEM ARGS Mon Oct  5 00:30:55 UTC 2026
 0.0  0.0 grep --color=auto ./cli       1  2248
72.2  4.8 ./cli kernel images/4096x40   1 394608
  PID User     Command                         Swap      USS      PSS      RSS 
10496 codespace /usr/bin/python3 /usr/bin/s        0    12020    12283    14504 
 7412 codespace ./cli kernel images/4096x40        0   393332   393396   394608 
%CPU %MEM ARGS Mon Oct  5 00:30:55 UTC 2026
 0.0  0.0 grep --color=auto ./cli       1  2180
72.2  4.8 ./cli kernel images/4096x40   0 394608
  PID User     Command                         Swap      USS      PSS      RSS 
10502 codespace /usr/bin/python3 /usr/bin/s        0    12016    12297    14524 
 7412 codespace ./cli kernel images/4096x40        0   393332   393397   394608 
%CPU %MEM ARGS Mon Oct  5 00:30:56 UTC 2026
 0.0  0.0 grep --color=auto ./cli       1  2184
72.2  4.8 ./cli kernel images/4096x40   0 394608
  PID User     Command                         Swap      USS      PSS      RSS 
10507 codespace /usr/bin/python3 /usr/bin/s        0    12012    12274    14488 
 7412 codespace ./cli kernel images/4096x40        0   393332   393396   394608 
%CPU %MEM ARGS Mon Oct  5 00:30:56 UTC 2026
 0.0  0.0 grep --color=auto ./cli       1  2192
72.2  4.8 ./cli kernel images/4096x40   0 394608
  PID User     Command                         Swap      USS      PSS      RSS 
10513 codespace /usr/bin/python3 /usr/bin/s        0    12016    12280    14500 
 7412 codespace ./cli kernel images/4096x40        0   393332   393396   394608 
%CPU %MEM ARGS Mon Oct  5 00:30:57 UTC 2026
 0.0  0.0 grep --color=auto ./cli       1  2180
72.2  4.8 ./cli kernel images/4096x40   0 394608
  PID User     Command                         Swap      USS      PSS      RSS 
10518 codespace /usr/bin/python3 /usr/bin/s        0    12036    12315    14548 
 7412 codespace ./cli kernel images/4096x40        0   393332   393397   394608 
%CPU %MEM ARGS Mon Oct  5 00:30:57 UTC 2026
 0.0  0.0 grep --color=auto ./cli       0  2176
72.2  4.8 ./cli kernel images/4096x40   1 394608
  PID User     Command                         Swap      USS      PSS      RSS 
10523 codespace /usr/bin/python3 /usr/bin/s        0    12016    12248    14432 
 7412 codespace ./cli kernel images/4096x40        0   393332   393395   394608 
%CPU %MEM ARGS Mon Oct  5 00:30:57 UTC 2026
 0.0  0.0 grep --color=auto ./cli       0  2160
72.2  4.8 ./cli kernel images/4096x40   1 394608
  PID User     Command                         Swap      USS      PSS      RSS 
10535 codespace /usr/bin/python3 /usr/bin/s        0    12016    12254    14420 
 7412 codespace ./cli kernel images/4096x40        0   393332   393397   394608 
%CPU %MEM ARGS Mon Oct  5 00:30:58 UTC 2026
 0.0  0.0 grep --color=auto ./cli       1  2296
72.1  4.8 ./cli kernel images/4096x40   0 394608
  PID User     Command                         Swap      USS      PSS      RSS 
10540 codespace /usr/bin/python3 /usr/bin/s        0    12008    12263    14424 
 7412 codespace ./cli kernel images/4096x40        0   393332   393397   394608 
%CPU %MEM ARGS Mon Oct  5 00:30:58 UTC 2026
 0.0  0.0 grep --color=auto ./cli       0  2248
72.1  4.8 ./cli kernel images/4096x40   0 394608
  PID User     Command                         Swap      USS      PSS      RSS 
10545 codespace /usr/bin/python3 /usr/bin/s        0    12016    12282    14492 
 7412 codespace ./cli kernel images/4096x40        0   393332   393397   394608 
%CPU %MEM ARGS Mon Oct  5 00:30:58 UTC 2026
 0.0  0.0 grep --color=auto ./cli       0  2208
72.1  4.8 ./cli kernel images/4096x40   1 394608
  PID User     Command                         Swap      USS      PSS      RSS 
10551 codespace /usr/bin/python3 /usr/bin/s        0    12020    12271    14552 
 7412 codespace ./cli kernel images/4096x40        0   393332   393394   394608 
%CPU %MEM ARGS Mon Oct  5 00:30:59 UTC 2026
 0.0  0.0 grep --color=auto ./cli       0  2156
72.1  4.8 ./cli kernel images/4096x40   1 394608
  PID User     Command                         Swap      USS      PSS      RSS 
10563 codespace /usr/bin/python3 /usr/bin/s        0    12020    12274    14436 
 7412 codespace ./cli kernel images/4096x40        0   393332   393397   394608 
%CPU %MEM ARGS Mon Oct  5 00:30:59 UTC 2026
 0.0  0.0 grep --color=auto ./cli       1  2208
72.1  4.8 ./cli kernel images/4096x40   0 394608
  PID User     Command                         Swap      USS      PSS      RSS 
10569 codespace /usr/bin/python3 /usr/bin/s        0    12016    12261    14428 
 7412 codespace ./cli kernel images/4096x40        0   393332   393397   394608 
%CPU %MEM ARGS Mon Oct  5 00:31:00 UTC 2026
 0.0  0.0 grep --color=auto ./cli       1  2288
72.1  4.8 ./cli kernel images/4096x40   0 394608
  PID User     Command                         Swap      USS      PSS      RSS 
10580 codespace /usr/bin/python3 /usr/bin/s        0    12016    12262    14436 
 7412 codespace ./cli kernel images/4096x40        0   393332   393397   394608 
%CPU %MEM ARGS Mon Oct  5 00:31:00 UTC 2026
 0.0  0.0 grep --color=auto ./cli       1  2212
72.1  4.8 ./cli kernel images/4096x40   0 394608
  PID User     Command                         Swap      USS      PSS      RSS 
10585 codespace /usr/bin/python3 /usr/bin/s        0    12012    12277    14480 
 7412 codespace ./cli kernel images/4096x40        0   393332   393397   394608 
%CPU %MEM ARGS Mon Oct  5 00:31:00 UTC 2026
 0.0  0.0 grep --color=auto ./cli       0  2340
72.0  4.8 ./cli kernel images/4096x40   0 394608
  PID User     Command                         Swap      USS      PSS      RSS 
10590 codespace /usr/bin/python3 /usr/bin/s        0    12016    12267    14468 
 7412 codespace ./cli kernel images/4096x40        0   393332   393397   394608 
%CPU %MEM ARGS Mon Oct  5 00:31:01 UTC 2026
 0.0  0.0 grep --color=auto ./cli       0  2212
72.1  4.8 ./cli kernel images/4096x40   0 394608
  PID User     Command                         Swap      USS      PSS      RSS 
10596 codespace /usr/bin/python3 /usr/bin/s        0    12016    12270    14432 
 7412 codespace ./cli kernel images/4096x40        0   393332   393396   394608 
%CPU %MEM ARGS Mon Oct  5 00:31:01 UTC 2026
 0.0  0.0 grep --color=auto ./cli       0  2340
72.1  4.8 ./cli kernel images/4096x40   1 394608
  PID User     Command                         Swap      USS      PSS      RSS 
10601 codespace /usr/bin/python3 /usr/bin/s        0    12020    12288    14520 
 7412 codespace ./cli kernel images/4096x40        0   393332   393397   394608 
%CPU %MEM ARGS Mon Oct  5 00:31:01 UTC 2026
 0.0  0.0 grep --color=auto ./cli       1  2248
72.0  4.8 ./cli kernel images/4096x40   0 394608
  PID User     Command                         Swap      USS      PSS      RSS 
10607 codespace /usr/bin/python3 /usr/bin/s        0    11964    12226    14440 
 7412 codespace ./cli kernel images/4096x40        0   393332   393396   394608 
%CPU %MEM ARGS Mon Oct  5 00:31:02 UTC 2026
 0.0  0.0 grep --color=auto ./cli       0  2324
72.0  4.8 ./cli kernel images/4096x40   0 394608
  PID User     Command                         Swap      USS      PSS      RSS 
10612 codespace /usr/bin/python3 /usr/bin/s        0    12020    12283    14504 
 7412 codespace ./cli kernel images/4096x40        0   393332   393396   394608 
%CPU %MEM ARGS Mon Oct  5 00:31:02 UTC 2026
 0.0  0.0 grep --color=auto ./cli       0  2180
72.0  4.8 ./cli kernel images/4096x40   1 394608
  PID User     Command                         Swap      USS      PSS      RSS 
10623 codespace /usr/bin/python3 /usr/bin/s        0    12028    12309    14576 
 7412 codespace ./cli kernel images/4096x40        0   393332   393397   394608 
%CPU %MEM ARGS Mon Oct  5 00:31:03 UTC 2026
 0.0  0.0 grep --color=auto ./cli       1  2248
72.0  4.8 ./cli kernel images/4096x40   0 394608
  PID User     Command                         Swap      USS      PSS      RSS 
10629 codespace /usr/bin/python3 /usr/bin/s        0    12032    12305    14532 
 7412 codespace ./cli kernel images/4096x40        0   393332   393397   394608 
%CPU %MEM ARGS Mon Oct  5 00:31:03 UTC 2026
 0.0  0.0 grep --color=auto ./cli       1  2164
72.0  4.8 ./cli kernel images/4096x40   0 394608
  PID User     Command                         Swap      USS      PSS      RSS 
10634 codespace /usr/bin/python3 /usr/bin/s        0    12016    12280    14500 
 7412 codespace ./cli kernel images/4096x40        0   393332   393397   394608 
%CPU %MEM ARGS Mon Oct  5 00:31:03 UTC 2026
 0.0  0.0 grep --color=auto ./cli       0  2252
72.0  4.8 ./cli kernel images/4096x40   1 394608
  PID User     Command                         Swap      USS      PSS      RSS 
10640 codespace /usr/bin/python3 /usr/bin/s        0    12016    12268    14432 
 7412 codespace ./cli kernel images/4096x40        0   393332   393396   394608 
%CPU %MEM ARGS Mon Oct  5 00:31:04 UTC 2026
 0.0  0.0 grep --color=auto ./cli       1  2156
72.0  4.8 ./cli kernel images/4096x40   1 394608
  PID User     Command                         Swap      USS      PSS      RSS 
10645 codespace /usr/bin/python3 /usr/bin/s        0    12016    12278    14492 
 7412 codespace ./cli kernel images/4096x40        0   393332   393396   394608 
%CPU %MEM ARGS Mon Oct  5 00:31:04 UTC 2026
 0.0  0.0 grep --color=auto ./cli       1  2196
72.0  4.8 ./cli kernel images/4096x40   0 394608
  PID User     Command                         Swap      USS      PSS      RSS 
10650 codespace /usr/bin/python3 /usr/bin/s        0    12012    12231    14456 
 7412 codespace ./cli kernel images/4096x40        0   393332   393394   394608 
%CPU %MEM ARGS Mon Oct  5 00:31:04 UTC 2026
 0.0  0.0 grep --color=auto ./cli       0  2200
72.0  4.8 ./cli kernel images/4096x40   1 394608
  PID User     Command                         Swap      USS      PSS      RSS 
10668 codespace /usr/bin/python3 /usr/bin/s        0    12028    12308    14576 
 7412 codespace ./cli kernel images/4096x40        0   393332   393397   394608 
%CPU %MEM ARGS Mon Oct  5 00:31:05 UTC 2026
 0.0  0.0 grep --color=auto ./cli       0  2180
72.0  4.8 ./cli kernel images/4096x40   1 394608
  PID User     Command                         Swap      USS      PSS      RSS 
10673 codespace /usr/bin/python3 /usr/bin/s        0    12016    12282    14492 
 7412 codespace ./cli kernel images/4096x40        0   393332   393397   394608 
%CPU %MEM ARGS Mon Oct  5 00:31:05 UTC 2026
 0.0  0.0 grep --color=auto ./cli       1  2248
71.9  4.8 ./cli kernel images/4096x40   0 394608
  PID User     Command                         Swap      USS      PSS      RSS 
10686 codespace /usr/bin/python3 /usr/bin/s        0    12016    12267    14432 
 7412 codespace ./cli kernel images/4096x40        0   393332   393397   394608 
%CPU %MEM ARGS Mon Oct  5 00:31:06 UTC 2026
 0.0  0.0 grep --color=auto ./cli       0  2300
71.9  4.8 ./cli kernel images/4096x40   1 394608
  PID User     Command                         Swap      USS      PSS      RSS 
10702 codespace /usr/bin/python3 /usr/bin/s        0    12020    12289    14468 
 7412 codespace ./cli kernel images/4096x40        0   393332   393397   394608 
%CPU %MEM ARGS Mon Oct  5 00:31:06 UTC 2026
 0.0  0.0 grep --color=auto ./cli       1  2200
71.9  4.8 ./cli kernel images/4096x40   1 394608
  PID User     Command                         Swap      USS      PSS      RSS 
10707 codespace /usr/bin/python3 /usr/bin/s        0    12032    12307    14548 
 7412 codespace ./cli kernel images/4096x40        0   393332   393397   394608 
%CPU %MEM ARGS Mon Oct  5 00:31:07 UTC 2026
 0.0  0.0 grep --color=auto ./cli       1  2212
71.9  4.8 ./cli kernel images/4096x40   0 394608
  PID User     Command                         Swap      USS      PSS      RSS 
10719 codespace /usr/bin/python3 /usr/bin/s        0    12032    12307    14548 
 7412 codespace ./cli kernel images/4096x40        0   393332   393397   394608 
%CPU %MEM ARGS Mon Oct  5 00:31:07 UTC 2026
 0.0  0.0 grep --color=auto ./cli       1  2172
71.9  4.8 ./cli kernel images/4096x40   0 394608
  PID User     Command                         Swap      USS      PSS      RSS 
10724 codespace /usr/bin/python3 /usr/bin/s        0    12016    12265    14472 
 7412 codespace ./cli kernel images/4096x40        0   393332   393397   394608 
%CPU %MEM ARGS Mon Oct  5 00:31:07 UTC 2026
 0.0  0.0 grep --color=auto ./cli       0  2304
71.9  4.8 ./cli kernel images/4096x40   1 394608
  PID User     Command                         Swap      USS      PSS      RSS 
10729 codespace /usr/bin/python3 /usr/bin/s        0    12016    12265    14468 
 7412 codespace ./cli kernel images/4096x40        0   393332   393397   394608 
%CPU %MEM ARGS Mon Oct  5 00:31:08 UTC 2026
 0.0  0.0 grep --color=auto ./cli       1  2296
71.9  4.8 ./cli kernel images/4096x40   0 394608
  PID User     Command                         Swap      USS      PSS      RSS 
10735 codespace /usr/bin/python3 /usr/bin/s        0    12016    12267    14472 
 7412 codespace ./cli kernel images/4096x40        0   393332   393397   394608 
%CPU %MEM ARGS Mon Oct  5 00:31:08 UTC 2026
 0.0  0.0 grep --color=auto ./cli       0  2164
71.9  4.8 ./cli kernel images/4096x40   1 394608
  PID User     Command                         Swap      USS      PSS      RSS 
10740 codespace /usr/bin/python3 /usr/bin/s        0    12016    12269    14432 
 7412 codespace ./cli kernel images/4096x40        0   393332   393396   394608 
%CPU %MEM ARGS Mon Oct  5 00:31:08 UTC 2026
 0.0  0.0 grep --color=auto ./cli       1  2308
71.9  4.8 ./cli kernel images/4096x40   1 394608
  PID User     Command                         Swap      USS      PSS      RSS 
10746 codespace /usr/bin/python3 /usr/bin/s        0    12020    12280    14500 
 7412 codespace ./cli kernel images/4096x40        0   393332   393397   394608 
%CPU %MEM ARGS Mon Oct  5 00:31:09 UTC 2026
 0.0  0.0 grep --color=auto ./cli       0  2172
71.9  4.8 ./cli kernel images/4096x40   1 394608
  PID User     Command                         Swap      USS      PSS      RSS 
10751 codespace /usr/bin/python3 /usr/bin/s        0    12016    12268    14432 
 7412 codespace ./cli kernel images/4096x40        0   393332   393397   394608 
%CPU %MEM ARGS Mon Oct  5 00:31:09 UTC 2026
 0.0  0.0 grep --color=auto ./cli       0  2196
71.9  4.8 ./cli kernel images/4096x40   0 394608
  PID User     Command                         Swap      USS      PSS      RSS 
10762 codespace /usr/bin/python3 /usr/bin/s        0    12016    12277    14496 
 7412 codespace ./cli kernel images/4096x40        0   393332   393397   394608 
%CPU %MEM ARGS Mon Oct  5 00:31:09 UTC 2026
 0.0  0.0 grep --color=auto ./cli       0  2160
71.9  4.8 ./cli kernel images/4096x40   1 394608
  PID User     Command                         Swap      USS      PSS      RSS 
10768 codespace /usr/bin/python3 /usr/bin/s        0    12020    12266    14440 
 7412 codespace ./cli kernel images/4096x40        0   393332   393397   394608 
%CPU %MEM ARGS Mon Oct  5 00:31:10 UTC 2026
 0.0  0.0 grep --color=auto ./cli       1  2200
71.9  4.8 ./cli kernel images/4096x40   0 394608
  PID User     Command                         Swap      USS      PSS      RSS 
10779 codespace /usr/bin/python3 /usr/bin/s        0    12016    12271    14432 
 7412 codespace ./cli kernel images/4096x40        0   393332   393397   394608 
%CPU %MEM ARGS Mon Oct  5 00:31:10 UTC 2026
 0.0  0.0 grep --color=auto ./cli       0  2200
71.8  4.8 ./cli kernel images/4096x40   0 394608
  PID User     Command                         Swap      USS      PSS      RSS 
10785 codespace /usr/bin/python3 /usr/bin/s        0    12016    12265    14472 
 7412 codespace ./cli kernel images/4096x40        0   393332   393397   394608 
%CPU %MEM ARGS Mon Oct  5 00:31:11 UTC 2026
 0.0  0.0 grep --color=auto ./cli       0  2252
71.8  4.8 ./cli kernel images/4096x40   1 394608
  PID User     Command                         Swap      USS      PSS      RSS 
10790 codespace /usr/bin/python3 /usr/bin/s        0    12016    12260    14436 
 7412 codespace ./cli kernel images/4096x40        0   393332   393397   394608 
%CPU %MEM ARGS Mon Oct  5 00:31:11 UTC 2026
 0.0  0.0 grep --color=auto ./cli       0  2176
71.8  4.8 ./cli kernel images/4096x40   1 394608
  PID User     Command                         Swap      USS      PSS      RSS 
10799 codespace /usr/bin/python3 /usr/bin/s        0    12020    12286    14456 
 7412 codespace ./cli kernel images/4096x40        0   393332   393397   394608 
%CPU %MEM ARGS Mon Oct  5 00:31:12 UTC 2026
 0.0  0.0 grep --color=auto ./cli       1  2308
71.8  4.8 ./cli kernel images/4096x40   0 394608
  PID User     Command                         Swap      USS      PSS      RSS 
10807 codespace /usr/bin/python3 /usr/bin/s        0    12028    12308    14576 
 7412 codespace ./cli kernel images/4096x40        0   393332   393397   394608 
%CPU %MEM ARGS Mon Oct  5 00:31:12 UTC 2026
 0.0  0.0 grep --color=auto ./cli       1  2196
71.8  4.8 ./cli kernel images/4096x40   1 394608
  PID User     Command                         Swap      USS      PSS      RSS 
10812 codespace /usr/bin/python3 /usr/bin/s        0    11960    12228    14408 
 7412 codespace ./cli kernel images/4096x40        0   393332   393397   394608 
%CPU %MEM ARGS Mon Oct  5 00:31:12 UTC 2026
 0.0  0.0 grep --color=auto ./cli       1  2204
71.8  4.8 ./cli kernel images/4096x40   0 394608
  PID User     Command                         Swap      USS      PSS      RSS 
10818 codespace /usr/bin/python3 /usr/bin/s        0    12036    12315    14584 
 7412 codespace ./cli kernel images/4096x40        0   393332   393397   394608 
%CPU %MEM ARGS Mon Oct  5 00:31:13 UTC 2026
 0.0  0.0 grep --color=auto ./cli       0  2180
71.8  4.8 ./cli kernel images/4096x40   1 394608
  PID User     Command                         Swap      USS      PSS      RSS 
10823 codespace /usr/bin/python3 /usr/bin/s        0    12016    12282    14500 
 7412 codespace ./cli kernel images/4096x40        0   393332   393397   394608 
%CPU %MEM ARGS Mon Oct  5 00:31:13 UTC 2026
 0.0  0.0 grep --color=auto ./cli       1  2180
71.8  4.8 ./cli kernel images/4096x40   0 394608
  PID User     Command                         Swap      USS      PSS      RSS 
10828 codespace /usr/bin/python3 /usr/bin/s        0    12016    12279    14496 
 7412 codespace ./cli kernel images/4096x40        0   393332   393397   394608 
%CPU %MEM ARGS Mon Oct  5 00:31:13 UTC 2026
 0.0  0.0 grep --color=auto ./cli       0  2160
71.8  4.8 ./cli kernel images/4096x40   1 394608
  PID User     Command                         Swap      USS      PSS      RSS 
10837 codespace /usr/bin/python3 /usr/bin/s        0    12020    12274    14436 
 7412 codespace ./cli kernel images/4096x40        0   393332   393397   394608 
%CPU %MEM ARGS Mon Oct  5 00:31:14 UTC 2026
 0.0  0.0 grep --color=auto ./cli       0  2296
71.8  4.8 ./cli kernel images/4096x40   1 394608
  PID User     Command                         Swap      USS      PSS      RSS 
10845 codespace /usr/bin/python3 /usr/bin/s        0    12016    12269    14472 
 7412 codespace ./cli kernel images/4096x40        0   393332   393397   394608 
%CPU %MEM ARGS Mon Oct  5 00:31:14 UTC 2026
 0.0  0.0 grep --color=auto ./cli       1  2264
71.8  4.8 ./cli kernel images/4096x40   1 394608
  PID User     Command                         Swap      USS      PSS      RSS 
10850 codespace /usr/bin/python3 /usr/bin/s        0    12016    12260    14448 
 7412 codespace ./cli kernel images/4096x40        0   393332   393397   394608 
%CPU %MEM ARGS Mon Oct  5 00:31:15 UTC 2026
 0.0  0.0 grep --color=auto ./cli       1  2288
71.8  4.8 ./cli kernel images/4096x40   0 394608
  PID User     Command                         Swap      USS      PSS      RSS 
10856 codespace /usr/bin/python3 /usr/bin/s        0    12016    12282    14500 
 7412 codespace ./cli kernel images/4096x40        0   393332   393397   394608 
%CPU %MEM ARGS Mon Oct  5 00:31:15 UTC 2026
 0.0  0.0 grep --color=auto ./cli       1  2200
71.8  4.8 ./cli kernel images/4096x40   0 394608
  PID User     Command                         Swap      USS      PSS      RSS 
10861 codespace /usr/bin/python3 /usr/bin/s        0    12020    12265    14472 
 7412 codespace ./cli kernel images/4096x40        0   393332   393397   394608 
%CPU %MEM ARGS Mon Oct  5 00:31:15 UTC 2026
 0.0  0.0 grep --color=auto ./cli       0  2288
71.8  4.8 ./cli kernel images/4096x40   1 394608
  PID User     Command                         Swap      USS      PSS      RSS 
10873 codespace /usr/bin/python3 /usr/bin/s        0    12020    12270    14552 
 7412 codespace ./cli kernel images/4096x40        0   393332   393394   394608 
%CPU %MEM ARGS Mon Oct  5 00:31:16 UTC 2026
 0.0  0.0 grep --color=auto ./cli       1  2176
71.8  4.8 ./cli kernel images/4096x40   0 394608
  PID User     Command                         Swap      USS      PSS      RSS 
10885 codespace /usr/bin/python3 /usr/bin/s        0    12012    12246    14428 
 7412 codespace ./cli kernel images/4096x40        0   393332   393387   394608 
%CPU %MEM ARGS Mon Oct  5 00:31:16 UTC 2026
 0.0  0.0 grep --color=auto ./cli       0  2304
71.7  4.8 ./cli kernel images/4096x40   1 394608
  PID User     Command                         Swap      USS      PSS      RSS 
10908 codespace /usr/bin/python3 /usr/bin/s        0    12012    12266    14428 
 7412 codespace ./cli kernel images/4096x40        0   393332   393396   394608 
%CPU %MEM ARGS Mon Oct  5 00:31:17 UTC 2026
 0.0  0.0 grep --color=auto ./cli       0  2296
71.7  4.8 ./cli kernel images/4096x40   1 394608
  PID User     Command                         Swap      USS      PSS      RSS 
10914 codespace /usr/bin/python3 /usr/bin/s        0    12012    12266    14428 
 7412 codespace ./cli kernel images/4096x40        0   393332   393396   394608 
%CPU %MEM ARGS Mon Oct  5 00:31:17 UTC 2026
 0.0  0.0 grep --color=auto ./cli       0  2208
71.7  4.8 ./cli kernel images/4096x40   0 394608
  PID User     Command                         Swap      USS      PSS      RSS 
10919 codespace /usr/bin/python3 /usr/bin/s        0    12016    12297    14524 
 7412 codespace ./cli kernel images/4096x40        0   393332   393397   394608 
%CPU %MEM ARGS Mon Oct  5 00:31:17 UTC 2026
 0.0  0.0 grep --color=auto ./cli       0  2172
71.7  4.8 ./cli kernel images/4096x40   1 394608
  PID User     Command                         Swap      USS      PSS      RSS 
10925 codespace /usr/bin/python3 /usr/bin/s        0    12016    12262    14436 
 7412 codespace ./cli kernel images/4096x40        0   393332   393397   394608 
%CPU %MEM ARGS Mon Oct  5 00:31:18 UTC 2026
 0.0  0.0 grep --color=auto ./cli       1  2208
71.7  4.8 ./cli kernel images/4096x40   0 394608
  PID User     Command                         Swap      USS      PSS      RSS 
10930 codespace /usr/bin/python3 /usr/bin/s        0    12056    12340    14580 
 7412 codespace ./cli kernel images/4096x40        0   393332   393397   394608 
%CPU %MEM ARGS Mon Oct  5 00:31:18 UTC 2026
 0.0  0.0 grep --color=auto ./cli       1  2200
71.7  4.8 ./cli kernel images/4096x40   0 394608
  PID User     Command                         Swap      USS      PSS      RSS 
10938 codespace /usr/bin/python3 /usr/bin/s        0    12036    12309    14536 
 7412 codespace ./cli kernel images/4096x40        0   393332   393397   394608 
%CPU %MEM ARGS Mon Oct  5 00:31:19 UTC 2026
 0.0  0.0 grep --color=auto ./cli       0  2196
71.7  4.8 ./cli kernel images/4096x40   0 394608
  PID User     Command                         Swap      USS      PSS      RSS 
10947 codespace /usr/bin/python3 /usr/bin/s        0    12016    12260    14436 
 7412 codespace ./cli kernel images/4096x40        0   393332   393397   394608 
%CPU %MEM ARGS Mon Oct  5 00:31:19 UTC 2026
 0.0  0.0 grep --color=auto ./cli       0  2176
71.7  4.8 ./cli kernel images/4096x40   0 394608
  PID User     Command                         Swap      USS      PSS      RSS 
10952 codespace /usr/bin/python3 /usr/bin/s        0    12036    12311    14552 
 7412 codespace ./cli kernel images/4096x40        0   393332   393397   394608 
%CPU %MEM ARGS Mon Oct  5 00:31:20 UTC 2026
 0.0  0.0 grep --color=auto ./cli       1  2160
71.7  4.8 ./cli kernel images/4096x40   1 394608
  PID User     Command                         Swap      USS      PSS      RSS 
10958 codespace /usr/bin/python3 /usr/bin/s        0    12016    12269    14432 
 7412 codespace ./cli kernel images/4096x40        0   393332   393397   394608 
%CPU %MEM ARGS Mon Oct  5 00:31:20 UTC 2026
 0.0  0.0 grep --color=auto ./cli       0  2320
71.7  4.8 ./cli kernel images/4096x40   0 394608
  PID User     Command                         Swap      USS      PSS      RSS 
10963 codespace /usr/bin/python3 /usr/bin/s        0    12016    12279    14500 
 7412 codespace ./cli kernel images/4096x40        0   393332   393397   394608 
%CPU %MEM ARGS Mon Oct  5 00:31:20 UTC 2026
 0.0  0.0 grep --color=auto ./cli       1  2308
71.7  4.8 ./cli kernel images/4096x40   0 394608
  PID User     Command                         Swap      USS      PSS      RSS 
10969 codespace /usr/bin/python3 /usr/bin/s        0    12016    12276    14496 
 7412 codespace ./cli kernel images/4096x40        0   393332   393397   394608 
%CPU %MEM ARGS Mon Oct  5 00:31:21 UTC 2026
 0.0  0.0 grep --color=auto ./cli       1  2340
71.7  4.8 ./cli kernel images/4096x40   0 394608
  PID User     Command                         Swap      USS      PSS      RSS 
10980 codespace /usr/bin/python3 /usr/bin/s        0    12024    12303    14524 
 7412 codespace ./cli kernel images/4096x40        0   393332   393397   394608 
%CPU %MEM ARGS Mon Oct  5 00:31:21 UTC 2026
 0.0  0.0 grep --color=auto ./cli       1  2300
71.7  4.8 ./cli kernel images/4096x40   0 394608
  PID User     Command                         Swap      USS      PSS      RSS 
10991 codespace /usr/bin/python3 /usr/bin/s        0    12020    12280    14500 
 7412 codespace ./cli kernel images/4096x40        0   393332   393397   394608 
%CPU %MEM ARGS Mon Oct  5 00:31:22 UTC 2026
 0.0  0.0 grep --color=auto ./cli       1  2184
71.6  4.8 ./cli kernel images/4096x40   1 394608
  PID User     Command                         Swap      USS      PSS      RSS 
10997 codespace /usr/bin/python3 /usr/bin/s        0    12040    12316    14544 
 7412 codespace ./cli kernel images/4096x40        0   393332   393397   394608 
%CPU %MEM ARGS Mon Oct  5 00:31:22 UTC 2026
 0.0  0.0 grep --color=auto ./cli       1  2252
71.7  4.8 ./cli kernel images/4096x40   0 394608
  PID User     Command                         Swap      USS      PSS      RSS 
11002 codespace /usr/bin/python3 /usr/bin/s        0    12016    12260    14436 
 7412 codespace ./cli kernel images/4096x40        0   393332   393397   394608 
%CPU %MEM ARGS Mon Oct  5 00:31:22 UTC 2026
 0.0  0.0 grep --color=auto ./cli       0  2196
71.7  4.8 ./cli kernel images/4096x40   1 394608
  PID User     Command                         Swap      USS      PSS      RSS 
11008 codespace /usr/bin/python3 /usr/bin/s        0    12016    12256    14400 
 7412 codespace ./cli kernel images/4096x40        0   393332   393397   394608 
%CPU %MEM ARGS Mon Oct  5 00:31:23 UTC 2026
 0.0  0.0 grep --color=auto ./cli       1  2168
71.7  4.8 ./cli kernel images/4096x40   0 394608
  PID User     Command                         Swap      USS      PSS      RSS 
11013 codespace /usr/bin/python3 /usr/bin/s        0    12016    12297    14524 
 7412 codespace ./cli kernel images/4096x40        0   393332   393397   394608 
%CPU %MEM ARGS Mon Oct  5 00:31:23 UTC 2026
 0.0  0.0 grep --color=auto ./cli       0  2172
71.6  4.8 ./cli kernel images/4096x40   1 394608
  PID User     Command                         Swap      USS      PSS      RSS 
11021 codespace /usr/bin/python3 /usr/bin/s        0    12016    12270    14432 
 7412 codespace ./cli kernel images/4096x40        0   393332   393397   394608 
%CPU %MEM ARGS Mon Oct  5 00:31:24 UTC 2026
 0.0  0.0 grep --color=auto ./cli       0  2176
71.6  4.8 ./cli kernel images/4096x40   1 394608
  PID User     Command                         Swap      USS      PSS      RSS 
11030 codespace /usr/bin/python3 /usr/bin/s        0    12032    12304    14548 
 7412 codespace ./cli kernel images/4096x40        0   393332   393397   394608 
%CPU %MEM ARGS Mon Oct  5 00:31:24 UTC 2026
 0.0  0.0 grep --color=auto ./cli       1  2172
71.6  4.8 ./cli kernel images/4096x40   0 394608
  PID User     Command                         Swap      USS      PSS      RSS 
11035 codespace /usr/bin/python3 /usr/bin/s        0    12016    12278    14492 
 7412 codespace ./cli kernel images/4096x40        0   393332   393396   394608 
%CPU %MEM ARGS Mon Oct  5 00:31:24 UTC 2026
 0.0  0.0 grep --color=auto ./cli       0  2296
71.6  4.8 ./cli kernel images/4096x40   1 394608
  PID User     Command                         Swap      USS      PSS      RSS 
11040 codespace /usr/bin/python3 /usr/bin/s        0    12020    12284    14468 
 7412 codespace ./cli kernel images/4096x40        0   393332   393397   394608 
%CPU %MEM ARGS Mon Oct  5 00:31:24 UTC 2026
 0.0  0.0 grep --color=auto ./cli       0  2208
71.6  4.8 ./cli kernel images/4096x40   0 394608
  PID User     Command                         Swap      USS      PSS      RSS 
11046 codespace /usr/bin/python3 /usr/bin/s        0    12016    12279    14492 
 7412 codespace ./cli kernel images/4096x40        0   393332   393397   394608 
%CPU %MEM ARGS Mon Oct  5 00:31:25 UTC 2026
 0.0  0.0 grep --color=auto ./cli       0  2156
71.6  4.8 ./cli kernel images/4096x40   1 394608
  PID User     Command                         Swap      USS      PSS      RSS 
11051 codespace /usr/bin/python3 /usr/bin/s        0    12020    12299    14520 
 7412 codespace ./cli kernel images/4096x40        0   393332   393397   394608 
%CPU %MEM ARGS Mon Oct  5 00:31:25 UTC 2026
 0.0  0.0 grep --color=auto ./cli       0  2156
71.6  4.8 ./cli kernel images/4096x40   1 394608
  PID User     Command                         Swap      USS      PSS      RSS 
11056 codespace /usr/bin/python3 /usr/bin/s        0    12016    12269    14452 
 7412 codespace ./cli kernel images/4096x40        0   393332   393397   394608 
%CPU %MEM ARGS Mon Oct  5 00:31:25 UTC 2026
 0.0  0.0 grep --color=auto ./cli       0  2248
71.6  4.8 ./cli kernel images/4096x40   1 394608
  PID User     Command                         Swap      USS      PSS      RSS 
11068 codespace /usr/bin/python3 /usr/bin/s        0    12016    12281    14500 
 7412 codespace ./cli kernel images/4096x40        0   393332   393397   394608 
%CPU %MEM ARGS Mon Oct  5 00:31:26 UTC 2026
 0.0  0.0 grep --color=auto ./cli       0  2128
71.6  4.8 ./cli kernel images/4096x40   1 394608
  PID User     Command                         Swap      USS      PSS      RSS 
11073 codespace /usr/bin/python3 /usr/bin/s        0    12020    12304    14544 
 7412 codespace ./cli kernel images/4096x40        0   393332   393397   394608 
%CPU %MEM ARGS Mon Oct  5 00:31:26 UTC 2026
 0.0  0.0 grep --color=auto ./cli       0  2160
71.6  4.8 ./cli kernel images/4096x40   1 394608
  PID User     Command                         Swap      USS      PSS      RSS 
11084 codespace /usr/bin/python3 /usr/bin/s        0    12020    12287    14472 
 7412 codespace ./cli kernel images/4096x40        0   393332   393397   394608 
%CPU %MEM ARGS Mon Oct  5 00:31:27 UTC 2026
 0.0  0.0 grep --color=auto ./cli       1  2176
71.5  4.8 ./cli kernel images/4096x40   0 394608
  PID User     Command                         Swap      USS      PSS      RSS 
11108 codespace /usr/bin/python3 /usr/bin/s        0    12016    12252    14496 
 7412 codespace ./cli kernel images/4096x40        0   393332   393393   394608 
%CPU %MEM ARGS Mon Oct  5 00:31:27 UTC 2026
 0.0  0.0 grep --color=auto ./cli       0  2300
71.5  4.8 ./cli kernel images/4096x40   1 394608
  PID User     Command                         Swap      USS      PSS      RSS 
11113 codespace /usr/bin/python3 /usr/bin/s        0    12016    12269    14472 
 7412 codespace ./cli kernel images/4096x40        0   393332   393397   394608 
%CPU %MEM ARGS Mon Oct  5 00:31:27 UTC 2026
 0.0  0.0 grep --color=auto ./cli       1  2208
71.5  4.8 ./cli kernel images/4096x40   1 394608
  PID User     Command                         Swap      USS      PSS      RSS 
11118 codespace /usr/bin/python3 /usr/bin/s        0    12016    12285    14484 
 7412 codespace ./cli kernel images/4096x40        0   393332   393397   394608 
%CPU %MEM ARGS Mon Oct  5 00:31:28 UTC 2026
 0.0  0.0 grep --color=auto ./cli       0  2252
71.5  4.8 ./cli kernel images/4096x40   1 394608
  PID User     Command                         Swap      USS      PSS      RSS 
11124 codespace /usr/bin/python3 /usr/bin/s        0    12036    12305    14536 
 7412 codespace ./cli kernel images/4096x40        0   393332   393396   394608 
%CPU %MEM ARGS Mon Oct  5 00:31:28 UTC 2026
 0.0  0.0 grep --color=auto ./cli       0  2288
71.5  4.8 ./cli kernel images/4096x40   1 394608
  PID User     Command                         Swap      USS      PSS      RSS 
11135 codespace /usr/bin/python3 /usr/bin/s        0    12020    12289    14468 
 7412 codespace ./cli kernel images/4096x40        0   393332   393397   394608 
%CPU %MEM ARGS Mon Oct  5 00:31:28 UTC 2026
 0.0  0.0 grep --color=auto ./cli       1  2340
71.5  4.8 ./cli kernel images/4096x40   1 394608
  PID User     Command                         Swap      USS      PSS      RSS 
11141 codespace /usr/bin/python3 /usr/bin/s        0    12016    12262    14436 
 7412 codespace ./cli kernel images/4096x40        0   393332   393397   394608 
%CPU %MEM ARGS Mon Oct  5 00:31:29 UTC 2026
 0.0  0.0 grep --color=auto ./cli       1  2308
71.5  4.8 ./cli kernel images/4096x40   0 394608
  PID User     Command                         Swap      USS      PSS      RSS 
11146 codespace /usr/bin/python3 /usr/bin/s        0    12032    12310    14548 
 7412 codespace ./cli kernel images/4096x40        0   393332   393397   394608 
%CPU %MEM ARGS Mon Oct  5 00:31:29 UTC 2026
 0.0  0.0 grep --color=auto ./cli       1  2168
71.4  4.8 ./cli kernel images/4096x40   0 394608
  PID User     Command                         Swap      USS      PSS      RSS 
11151 codespace /usr/bin/python3 /usr/bin/s        0    12016    12270    14432 
 7412 codespace ./cli kernel images/4096x40        0   393332   393397   394608 
%CPU %MEM ARGS Mon Oct  5 00:31:29 UTC 2026
 0.0  0.0 grep --color=auto ./cli       0  2160
71.5  4.8 ./cli kernel images/4096x40   1 394608
  PID User     Command                         Swap      USS      PSS      RSS 
11157 codespace /usr/bin/python3 /usr/bin/s        0    12016    12270    14432 
 7412 codespace ./cli kernel images/4096x40        0   393332   393396   394608 
%CPU %MEM ARGS Mon Oct  5 00:31:30 UTC 2026
 0.0  0.0 grep --color=auto ./cli       1  2248
71.4  4.8 ./cli kernel images/4096x40   0 394608
  PID User     Command                         Swap      USS      PSS      RSS 
11162 codespace /usr/bin/python3 /usr/bin/s        0    12012    12265    14428 
 7412 codespace ./cli kernel images/4096x40        0   393332   393396   394608 
%CPU %MEM ARGS Mon Oct  5 00:31:30 UTC 2026
 0.0  0.0 grep --color=auto ./cli       0  2340
71.4  4.8 ./cli kernel images/4096x40   1 394608
  PID User     Command                         Swap      USS      PSS      RSS 
11171 codespace /usr/bin/python3 /usr/bin/s        0    12016    12260    14436 
 7412 codespace ./cli kernel images/4096x40        0   393332   393397   394608 
%CPU %MEM ARGS Mon Oct  5 00:31:31 UTC 2026
 0.0  0.0 grep --color=auto ./cli       0  2160
71.4  4.8 ./cli kernel images/4096x40   0 394608
  PID User     Command                         Swap      USS      PSS      RSS 
11179 codespace /usr/bin/python3 /usr/bin/s        0    12016    12264    14468 
 7412 codespace ./cli kernel images/4096x40        0   393332   393397   394608 
%CPU %MEM ARGS Mon Oct  5 00:31:31 UTC 2026
 0.0  0.0 grep --color=auto ./cli       1  2304
71.4  4.8 ./cli kernel images/4096x40   1 394608
  PID User     Command                         Swap      USS      PSS      RSS 
11184 codespace /usr/bin/python3 /usr/bin/s        0    12016    12264    14468 
 7412 codespace ./cli kernel images/4096x40        0   393332   393397   394608 
%CPU %MEM ARGS Mon Oct  5 00:31:31 UTC 2026
 0.0  0.0 grep --color=auto ./cli       1  2372
71.4  4.8 ./cli kernel images/4096x40   1 394608
  PID User     Command                         Swap      USS      PSS      RSS 
11190 codespace /usr/bin/python3 /usr/bin/s        0    12016    12281    14492 
 7412 codespace ./cli kernel images/4096x40        0   393332   393397   394608 
%CPU %MEM ARGS Mon Oct  5 00:31:32 UTC 2026
 0.0  0.0 grep --color=auto ./cli       1  2168
71.4  4.8 ./cli kernel images/4096x40   0 394608
  PID User     Command                         Swap      USS      PSS      RSS 
11195 codespace /usr/bin/python3 /usr/bin/s        0    12040    12317    14544 
 7412 codespace ./cli kernel images/4096x40        0   393332   393397   394608 
%CPU %MEM ARGS Mon Oct  5 00:31:32 UTC 2026
 0.0  0.0 grep --color=auto ./cli       0  2180
71.4  4.8 ./cli kernel images/4096x40   1 394608
  PID User     Command                         Swap      USS      PSS      RSS 
11206 codespace /usr/bin/python3 /usr/bin/s        0    12016    12264    14472 
 7412 codespace ./cli kernel images/4096x40        0   393332   393397   394608 
%CPU %MEM ARGS Mon Oct  5 00:31:33 UTC 2026
 0.0  0.0 grep --color=auto ./cli       0  2200
71.3  4.8 ./cli kernel images/4096x40   1 394608
  PID User     Command                         Swap      USS      PSS      RSS 
11218 codespace /usr/bin/python3 /usr/bin/s        0    12036    12313    14540 
 7412 codespace ./cli kernel images/4096x40        0   393332   393397   394608 
%CPU %MEM ARGS Mon Oct  5 00:31:33 UTC 2026
 0.0  0.0 grep --color=auto ./cli       0  2128
71.3  4.8 ./cli kernel images/4096x40   1 394608
  PID User     Command                         Swap      USS      PSS      RSS 
11223 codespace /usr/bin/python3 /usr/bin/s        0    12020    12277    14420 
 7412 codespace ./cli kernel images/4096x40        0   393332   393397   394608 
%CPU %MEM ARGS Mon Oct  5 00:31:33 UTC 2026
 0.0  0.0 grep --color=auto ./cli       1  2200
71.3  4.8 ./cli kernel images/4096x40   1 394608
  PID User     Command                         Swap      USS      PSS      RSS 
11229 codespace /usr/bin/python3 /usr/bin/s        0    12016    12262    14468 
 7412 codespace ./cli kernel images/4096x40        0   393332   393397   394608 
%CPU %MEM ARGS Mon Oct  5 00:31:34 UTC 2026
 0.0  0.0 grep --color=auto ./cli       0  2288
71.3  4.8 ./cli kernel images/4096x40   1 394608
  PID User     Command                         Swap      USS      PSS      RSS 
11234 codespace /usr/bin/python3 /usr/bin/s        0    12016    12281    14500 
 7412 codespace ./cli kernel images/4096x40        0   393332   393397   394608 
%CPU %MEM ARGS Mon Oct  5 00:31:34 UTC 2026
 0.0  0.0 grep --color=auto ./cli       1  2172
71.3  4.8 ./cli kernel images/4096x40   1 394608
  PID User     Command                         Swap      USS      PSS      RSS 
11239 codespace /usr/bin/python3 /usr/bin/s        0    12036    12287    14452 
 7412 codespace ./cli kernel images/4096x40        0   393332   393397   394608 
%CPU %MEM ARGS Mon Oct  5 00:31:34 UTC 2026
 0.0  0.0 grep --color=auto ./cli       0  2344
71.3  4.8 ./cli kernel images/4096x40   1 394608
  PID User     Command                         Swap      USS      PSS      RSS 
11245 codespace /usr/bin/python3 /usr/bin/s        0    12016    12277    14496 
 7412 codespace ./cli kernel images/4096x40        0   393332   393397   394608 
%CPU %MEM ARGS Mon Oct  5 00:31:35 UTC 2026
 0.0  0.0 grep --color=auto ./cli       0  2168
71.3  4.8 ./cli kernel images/4096x40   1 394608
  PID User     Command                         Swap      USS      PSS      RSS 
11250 codespace /usr/bin/python3 /usr/bin/s        0    12016    12241    14432 
 7412 codespace ./cli kernel images/4096x40        0   393332   393387   394608 
%CPU %MEM ARGS Mon Oct  5 00:31:35 UTC 2026
 0.0  0.0 grep --color=auto ./cli       1  2180
71.3  4.8 ./cli kernel images/4096x40   0 394608
  PID User     Command                         Swap      USS      PSS      RSS 
11261 codespace /usr/bin/python3 /usr/bin/s        0    12028    12309    14576 
 7412 codespace ./cli kernel images/4096x40        0   393332   393397   394608 
%CPU %MEM ARGS Mon Oct  5 00:31:36 UTC 2026
 0.0  0.0 grep --color=auto ./cli       1  2180
71.3  4.8 ./cli kernel images/4096x40   0 394608
  PID User     Command                         Swap      USS      PSS      RSS 
11267 codespace /usr/bin/python3 /usr/bin/s        0    12012    12257    14388 
 7412 codespace ./cli kernel images/4096x40        0   393332   393397   394608 
%CPU %MEM ARGS Mon Oct  5 00:31:36 UTC 2026
 0.0  0.0 grep --color=auto ./cli       0  2344
71.3  4.8 ./cli kernel images/4096x40   1 394608
  PID User     Command                         Swap      USS      PSS      RSS 
11272 codespace /usr/bin/python3 /usr/bin/s        0    11992    12235    14412 
 7412 codespace ./cli kernel images/4096x40        0   393332   393397   394608 
%CPU %MEM ARGS Mon Oct  5 00:31:36 UTC 2026
 0.0  0.0 grep --color=auto ./cli       1  2300
71.3  4.8 ./cli kernel images/4096x40   1 394608
  PID User     Command                         Swap      USS      PSS      RSS 
11277 codespace /usr/bin/python3 /usr/bin/s        0    12016    12270    14440 
 7412 codespace ./cli kernel images/4096x40        0   393332   393397   394608 
%CPU %MEM ARGS Mon Oct  5 00:31:37 UTC 2026
 0.0  0.0 grep --color=auto ./cli       1  2248
71.3  4.8 ./cli kernel images/4096x40   1 394608
  PID User     Command                         Swap      USS      PSS      RSS 
11301 codespace /usr/bin/python3 /usr/bin/s        0    12016    12281    14484 
 7412 codespace ./cli kernel images/4096x40        0   393332   393397   394608 
%CPU %MEM ARGS Mon Oct  5 00:31:37 UTC 2026
 0.0  0.0 grep --color=auto ./cli       0  2300
71.3  4.8 ./cli kernel images/4096x40   1 394608
  PID User     Command                         Swap      USS      PSS      RSS 
11306 codespace /usr/bin/python3 /usr/bin/s        0    12016    12270    14432 
 7412 codespace ./cli kernel images/4096x40        0   393332   393396   394608 
%CPU %MEM ARGS Mon Oct  5 00:31:37 UTC 2026
 0.0  0.0 grep --color=auto ./cli       1  2172
71.3  4.8 ./cli kernel images/4096x40   1 394608
  PID User     Command                         Swap      USS      PSS      RSS 
11318 codespace /usr/bin/python3 /usr/bin/s        0    12024    12293    14476 
 7412 codespace ./cli kernel images/4096x40        0   393332   393397   394608 
%CPU %MEM ARGS Mon Oct  5 00:31:38 UTC 2026
 0.0  0.0 grep --color=auto ./cli       0  2156
71.2  4.8 ./cli kernel images/4096x40   1 394608
  PID User     Command                         Swap      USS      PSS      RSS 
11329 codespace /usr/bin/python3 /usr/bin/s        0    12016    12267    14432 
 7412 codespace ./cli kernel images/4096x40        0   393332   393397   394608 
%CPU %MEM ARGS Mon Oct  5 00:31:38 UTC 2026
 0.0  0.0 grep --color=auto ./cli       1  2164
71.2  4.8 ./cli kernel images/4096x40   1 394608
  PID User     Command                         Swap      USS      PSS      RSS 
11334 codespace /usr/bin/python3 /usr/bin/s        0    11984    12235    14400 
 7412 codespace ./cli kernel images/4096x40        0   393332   393397   394608 
%CPU %MEM ARGS Mon Oct  5 00:31:39 UTC 2026
 0.0  0.0 grep --color=auto ./cli       0  2304
71.2  4.8 ./cli kernel images/4096x40   1 394608
  PID User     Command                         Swap      USS      PSS      RSS 
11340 codespace /usr/bin/python3 /usr/bin/s        0    12072    12353    14620 
 7412 codespace ./cli kernel images/4096x40        0   393332   393397   394608 
%CPU %MEM ARGS Mon Oct  5 00:31:39 UTC 2026
 0.0  0.0 grep --color=auto ./cli       1  2292
71.2  4.8 ./cli kernel images/4096x40   1 394608
  PID User     Command                         Swap      USS      PSS      RSS 
11345 codespace /usr/bin/python3 /usr/bin/s        0    12040    12317    14544 
 7412 codespace ./cli kernel images/4096x40        0   393332   393397   394608 
%CPU %MEM ARGS Mon Oct  5 00:31:39 UTC 2026
 0.0  0.0 grep --color=auto ./cli       0  2260
71.2  4.8 ./cli kernel images/4096x40   1 394608
  PID User     Command                         Swap      USS      PSS      RSS 
11350 codespace /usr/bin/python3 /usr/bin/s        0    12040    12317    14544 
 7412 codespace ./cli kernel images/4096x40        0   393332   393400   394608 
%CPU %MEM ARGS Mon Oct  5 00:31:40 UTC 2026
 0.0  0.0 grep --color=auto ./cli       1  2296
71.2  4.8 ./cli kernel images/4096x40   0 394608
  PID User     Command                         Swap      USS      PSS      RSS 
11361 codespace /usr/bin/python3 /usr/bin/s        0    12016    12264    14472 
 7412 codespace ./cli kernel images/4096x40        0   393332   393397   394608 
%CPU %MEM ARGS Mon Oct  5 00:31:40 UTC 2026
 0.0  0.0 grep --color=auto ./cli       0  2244
71.2  4.8 ./cli kernel images/4096x40   0 394608
  PID User     Command                         Swap      USS      PSS      RSS 
11367 codespace /usr/bin/python3 /usr/bin/s        0    12016    12271    14440 
 7412 codespace ./cli kernel images/4096x40        0   393332   393397   394608 
%CPU %MEM ARGS Mon Oct  5 00:31:41 UTC 2026
 0.0  0.0 grep --color=auto ./cli       1  2168
71.2  4.8 ./cli kernel images/4096x40   1 394608
  PID User     Command                         Swap      USS      PSS      RSS 
11373 codespace /usr/bin/python3 /usr/bin/s        0    12016    12267    14432 
 7412 codespace ./cli kernel images/4096x40        0   393332   393397   394608 
%CPU %MEM ARGS Mon Oct  5 00:31:41 UTC 2026
 0.0  0.0 grep --color=auto ./cli       0  2172
71.2  4.8 ./cli kernel images/4096x40   1 394608
  PID User     Command                         Swap      USS      PSS      RSS 
11378 codespace /usr/bin/python3 /usr/bin/s        0    12032    12306    14532 
 7412 codespace ./cli kernel images/4096x40        0   393332   393397   394608 
%CPU %MEM ARGS Mon Oct  5 00:31:41 UTC 2026
 0.0  0.0 grep --color=auto ./cli       0  2152
71.2  4.8 ./cli kernel images/4096x40   1 394608
  PID User     Command                         Swap      USS      PSS      RSS 
11383 codespace /usr/bin/python3 /usr/bin/s        0    12016    12269    14432 
 7412 codespace ./cli kernel images/4096x40        0   393332   393397   394608 
%CPU %MEM ARGS Mon Oct  5 00:31:42 UTC 2026
 0.0  0.0 grep --color=auto ./cli       0  2288
71.2  4.8 ./cli kernel images/4096x40   1 394608
  PID User     Command                         Swap      USS      PSS      RSS 
11389 codespace /usr/bin/python3 /usr/bin/s        0    12020    12262    14440 
 7412 codespace ./cli kernel images/4096x40        0   393332   393397   394608 
%CPU %MEM ARGS Mon Oct  5 00:31:42 UTC 2026
 0.0  0.0 grep --color=auto ./cli       0  2168
71.2  4.8 ./cli kernel images/4096x40   1 394608
  PID User     Command                         Swap      USS      PSS      RSS 
11397 codespace /usr/bin/python3 /usr/bin/s        0    12020    12262    14440 
 7412 codespace ./cli kernel images/4096x40        0   393332   393397   394608 
%CPU %MEM ARGS Mon Oct  5 00:31:42 UTC 2026
 0.0  0.0 grep --color=auto ./cli       0  2160
71.2  4.8 ./cli kernel images/4096x40   1 394608
  PID User     Command                         Swap      USS      PSS      RSS 
11405 codespace /usr/bin/python3 /usr/bin/s        0    12020    12286    14468 
 7412 codespace ./cli kernel images/4096x40        0   393332   393397   394608 
%CPU %MEM ARGS Mon Oct  5 00:31:43 UTC 2026
 0.0  0.0 grep --color=auto ./cli       1  2152
71.2  4.8 ./cli kernel images/4096x40   0 394608
  PID User     Command                         Swap      USS      PSS      RSS 
11411 codespace /usr/bin/python3 /usr/bin/s        0    12068    12342    14584 
 7412 codespace ./cli kernel images/4096x40        0   393332   393397   394608 
%CPU %MEM ARGS Mon Oct  5 00:31:43 UTC 2026
 0.0  0.0 grep --color=auto ./cli       1  2340
71.2  4.8 ./cli kernel images/4096x40   1 394608
  PID User     Command                         Swap      USS      PSS      RSS 
11416 codespace /usr/bin/python3 /usr/bin/s        0    12016    12279    14492 
 7412 codespace ./cli kernel images/4096x40        0   393332   393397   394608 
%CPU %MEM ARGS Mon Oct  5 00:31:44 UTC 2026
 0.0  0.0 grep --color=auto ./cli       1  2180
71.2  4.8 ./cli kernel images/4096x40   1 394608
  PID User     Command                         Swap      USS      PSS      RSS 
11428 codespace /usr/bin/python3 /usr/bin/s        0    12028    12308    14576 
 7412 codespace ./cli kernel images/4096x40        0   393332   393397   394608 
%CPU %MEM ARGS Mon Oct  5 00:31:44 UTC 2026
 0.0  0.0 grep --color=auto ./cli       1  2340
71.2  4.8 ./cli kernel images/4096x40   0 394608
  PID User     Command                         Swap      USS      PSS      RSS 
11433 codespace /usr/bin/python3 /usr/bin/s        0    12020    12280    14500 
 7412 codespace ./cli kernel images/4096x40        0   393332   393397   394608 
%CPU %MEM ARGS Mon Oct  5 00:31:44 UTC 2026
 0.0  0.0 grep --color=auto ./cli       1  2200
71.2  4.8 ./cli kernel images/4096x40   0 394608
  PID User     Command                         Swap      USS      PSS      RSS 
11439 codespace /usr/bin/python3 /usr/bin/s        0    12016    12283    14468 
 7412 codespace ./cli kernel images/4096x40        0   393332   393397   394608 
%CPU %MEM ARGS Mon Oct  5 00:31:45 UTC 2026
 0.0  0.0 grep --color=auto ./cli       0  2252
71.2  4.8 ./cli kernel images/4096x40   1 394608
  PID User     Command                         Swap      USS      PSS      RSS 
11450 codespace /usr/bin/python3 /usr/bin/s        0    12016    12283    14468 
 7412 codespace ./cli kernel images/4096x40        0   393332   393397   394608 
%CPU %MEM ARGS Mon Oct  5 00:31:45 UTC 2026
 0.0  0.0 grep --color=auto ./cli       0  2180
71.2  4.8 ./cli kernel images/4096x40   1 394608
  PID User     Command                         Swap      USS      PSS      RSS 
11455 codespace /usr/bin/python3 /usr/bin/s        0    12016    12256    14400 
 7412 codespace ./cli kernel images/4096x40        0   393332   393397   394608 
%CPU %MEM ARGS Mon Oct  5 00:31:46 UTC 2026
 0.0  0.0 grep --color=auto ./cli       0  2160
71.2  4.8 ./cli kernel images/4096x40   1 394608
  PID User     Command                         Swap      USS      PSS      RSS 
11461 codespace /usr/bin/python3 /usr/bin/s        0    12040    12317    14544 
 7412 codespace ./cli kernel images/4096x40        0   393332   393397   394608 
